<?xml version="1.0" encoding="UTF-8"?>
<AssetProductionVolumes uuid="00000000-0000-0000-0000-0000000000D5" xmlns="http://www.energistics.org/energyml/data/prodmlv2" xmlns:xsi="http://www.w3.org/2001/XMLSchema-instance" xmlns:eml="http://www.energistics.org/energyml/data/commonv2" schemaVersion="2.0"  xsi:schemaLocation="http://www.energistics.org/energyml/data/prodmlv2 ../../../../xsd_schemas/SimpleProductVolume.xsd" xmlns:prodml="http://www.energistics.org/energyml/data/prodmlv2">
	<eml:Citation>
		<eml:Title>Well05</eml:Title>
		<eml:Originator>Energistics</eml:Originator>
		<eml:Creation>2014-08-01T00:00:00Z</eml:Creation>
		<eml:Format>Energistics:XMLSPY/.xml</eml:Format>
		<eml:LastUpdate>2015-08-01T15:37:00Z</eml:LastUpdate>
	</eml:Citation>	
	<StandardConditions xsi:type="eml:ReferenceTemperaturePressure"/>
	<StartDate>2015-08-01T15:37:00Z</StartDate>
	<EndDate>2001-12-17T09:30:47Z</EndDate>
	<NominalPeriod>day</NominalPeriod>
	<ReportingEntityVolumes>
		<ReportingEntity>
			<eml:ContentType>Reportingentity</eml:ContentType>
			<eml:Title>sample</eml:Title>
			<eml:Uuid>A5000000-0000-0000-0000-000000000005</eml:Uuid>
		</ReportingEntity>
		<DeferredProductionEvent uid="A5000000-0000-0000-0000-000000000005">
			<StartDate>2015-08-01T15:37:00Z</StartDate>
			<EndDate>2015-08-01T15:38:00Z</EndDate>
			<Duration uom="s">1</Duration>
			<DeferredKind>unplanned</DeferredKind>
			<DeferredProductionVolume>
				<EstimationMethod>decline curve</EstimationMethod>
				<Remark>unexpected issue</Remark>
				<DeferredProductQuantity uid="well5pq" productFluidReference="00000000-0000-0000-0003-00000000093" xsi:type="ProductFluid">
					<prodml:Volume>
						<eml:Volume uom="bbl">828</eml:Volume>
						<eml:MeasurementPressureTemperature xsi:type="eml:ReferenceTemperaturePressure"/>
					</prodml:Volume>
					<ProductFluidKind>oil - gross</ProductFluidKind>
				</DeferredProductQuantity>
			</DeferredProductionVolume>
		</DeferredProductionEvent>
	</ReportingEntityVolumes>
</AssetProductionVolumes>