<?xml version="1.0" encoding="UTF-8"?>
<prodml:FlowTestActivity xsi:type="ProductionFlowTest" objectVersion="2.0" schemaVersion="2.0" uuid="00000000-0000-0000-0000-000000000CC2" xmlns="http://www.energistics.org/energyml/data/prodmlv2"  xmlns:eml="http://www.energistics.org/energyml/data/commonv2" xmlns:prodml="http://www.energistics.org/energyml/data/prodmlv2" xmlns:xsi="http://www.w3.org/2001/XMLSchema-instance" xsi:schemaLocation="http://www.energistics.org/energyml/data/prodmlv2 ../../../xsd_schemas/FlowTestActivity.xsd">
<eml:Citation>
		<eml:Title>production well test: flow test activity report for well02</eml:Title>
		<eml:Originator>Energy Co</eml:Originator>
		<eml:Creation>2015-01-04T09:30:47Z</eml:Creation>
		<eml:Format>xmlspy/xml</eml:Format>
		<eml:Editor>xmlspy</eml:Editor>
		<eml:LastUpdate>2015-01-05T09:30:47Z</eml:LastUpdate>
</eml:Citation>
<Validated>true</Validated>
<WellTestMethod>standard production test</WellTestMethod>
<EffectiveDate>2015-01-04T12:00:00Z</EffectiveDate>
<IntervalMeasurementSet>
	<Location>
		<ReportingEntity>
			<eml:ContentType>application/x-prodml+xml;version=2.1;type=ReportingEntity</eml:ContentType>
			<eml:Title>well02</eml:Title>
			<eml:Uuid>00000000-0000-0000-0000-0000000000D2</eml:Uuid>
		</ReportingEntity>	
	</Location>
	<TestPeriod>
		<StartTime>2015-01-02T09:30:47Z</StartTime>
		<EndTime>2015-01-02T21:30:47Z</EndTime>
		<TestPeriodKind>production well test</TestPeriodKind>
		<WellFlowingCondition>
				<ChokeOrificeSize uom="1/64 in">40</ChokeOrificeSize> 
				<BottomHoleStabilizedTemperature uom="degF">210</BottomHoleStabilizedTemperature>
				<TubingHeadStabilizedPressure xsi:type="eml:AbsolutePressure">
					<eml:AbsolutePressure uom="psi">200</eml:AbsolutePressure>
				</TubingHeadStabilizedPressure>
		</WellFlowingCondition>
		<Remark>12 hours production test</Remark>
				<prodml:ProductRate ProductFluidReference="00000000-0000-0000-0004-00000000091">
			<ProductFluidKind>crude - stabilized</ProductFluidKind>
			<prodml:VolumeFlowRate>
				<eml:FlowRate uom="bbl/d">387</eml:FlowRate>
				<eml:MeasurementPressureTemperature xsi:type="eml:ReferenceTemperaturePressure">
				</eml:MeasurementPressureTemperature>
			</prodml:VolumeFlowRate>
		</prodml:ProductRate>
		<ProductRate ProductFluidReference="00000000-0000-0000-0004-00000000092">
			<ProductFluidKind>gas - dry</ProductFluidKind>
			<VolumeFlowRate>
				<eml:FlowRate uom="1000 ft3/d">168</eml:FlowRate>
				<eml:MeasurementPressureTemperature xsi:type="eml:TemperaturePressure">
					<eml:Temperature uom="degF">210</eml:Temperature>
					<eml:Pressure uom="psi">200</eml:Pressure>
				</eml:MeasurementPressureTemperature>
			</VolumeFlowRate>
		</ProductRate>
		<ProductRate ProductFluidReference="00000000-0000-0000-0003-00000000093">
			<ProductFluidKind>water - discharge</ProductFluidKind>
			<VolumeFlowRate>
				<eml:FlowRate uom="bbl/d">6</eml:FlowRate>
				<eml:MeasurementPressureTemperature xsi:type="eml:TemperaturePressure">
					<eml:Temperature uom="degF">210</eml:Temperature>
					<eml:Pressure uom="psi">200</eml:Pressure>
				</eml:MeasurementPressureTemperature>
			</VolumeFlowRate>
		</ProductRate>
	</TestPeriod>
</IntervalMeasurementSet>
</prodml:FlowTestActivity>
