<?xml version="1.0" encoding="UTF-8"?>
<prodml:FluidCharacterization schemaVersion="v28" uuid="27000030-0830-9535-4050-420122138301" xmlns:eml="http://www.energistics.org/energyml/data/commonv2" xmlns:prodml="http://www.energistics.org/energyml/data/prodmlv2" xmlns:xsi="http://www.w3.org/2001/XMLSchema-instance" xsi:schemaLocation="http://www.energistics.org/energyml/data/prodmlv2 ../../../xsd_schemas/FluidCharacterization.xsd">
	<eml:Citation>
		<eml:Title>PTA example for Pseudo Pressure PVT</eml:Title>
		<eml:Originator>Unknown</eml:Originator>
		<eml:Creation>2015-03-17T09:30:47Z</eml:Creation>
		<eml:Format>application/xml</eml:Format>
		<eml:LastUpdate>2001-12-17T09:30:47Z</eml:LastUpdate>
	</eml:Citation>
	<prodml:ApplicationSource>
		<prodml:ApplicationName>demo</prodml:ApplicationName>
	</prodml:ApplicationSource>
	<prodml:ApplicationTarget>
		<prodml:ApplicationName>imaginary PTA app</prodml:ApplicationName>
	</prodml:ApplicationTarget>
	<prodml:FluidCharacterizationType>Black Oil</prodml:FluidCharacterizationType>
	<prodml:IntendedUsage>pressure transient</prodml:IntendedUsage>
	<!-- RockFluidUnitFeature is not defined consistently with SampleAqcuisition -->
	<prodml:RockFluidUnitFeature>
		<eml:ContentType/>
		<eml:Title>reservoir A</eml:Title>
		<eml:Uuid>D70A0030-0830-9535-4050-4201221383AB</eml:Uuid>
	</prodml:RockFluidUnitFeature>
		<prodml:StandardConditions xsi:type="eml:TemperaturePressure">
		<eml:Temperature uom="degF">60</eml:Temperature>
		<eml:Pressure uom="psi">14.7</eml:Pressure>
	</prodml:StandardConditions>
	<prodml:FluidCharacterizationSource>
	<prodml:FluidAnalysisTestReference>AtmFlashTest</prodml:FluidAnalysisTestReference>
		<prodml:FluidAnalysisTestReference>DiffLibTest</prodml:FluidAnalysisTestReference>
			<prodml:FluidAnalysisTestReference>Sep1</prodml:FluidAnalysisTestReference>
		<prodml:FluidAnalysis>
			<eml:ContentType>FluidAnalysis</eml:ContentType>
			<eml:Title>Reservoir Study for Good Oil Company Well No. 4, Productive Field, Sampson County, Texas</eml:Title>
			<eml:Uuid>00000000-0AB1-A111-0001-000000003954</eml:Uuid>
			<eml:UuidAuthority>ProdML</eml:UuidAuthority>
			<eml:ObjectVersion>v28</eml:ObjectVersion>
		</prodml:FluidAnalysis>
	</prodml:FluidCharacterizationSource>
	<prodml:FluidComponentCatalog>
		<prodml:StockTankOil uid="oil">
			<prodml:APIGravity uom="dAPI">40.5</prodml:APIGravity>
		</prodml:StockTankOil>
		<prodml:NaturalGas uid="gas">
			<prodml:GasGravity>0.8</prodml:GasGravity>
		</prodml:NaturalGas>
		<prodml:FormationWater uid="water"/>
	</prodml:FluidComponentCatalog>

	<!-- need optional -->
	<prodml:FluidCharacterizationModel uid="model 1">
	<prodml:FluidCharacterizationTable uid="blackoil1" name="Black Oil Property Table 1" tableFormat="format1">
			<prodml:TableConstant name="Reservoir Temperature" uom="degF" value="220">
				<prodml:Property xsi:type="prodml:OutputFluidPropertyExt">Temperature</prodml:Property>
			</prodml:TableConstant>
			<prodml:TableConstant  fluidComponentReference="gas" name="Reference Viscosity" uom="cP" value="0.0200898">
					<prodml:Property xsi:type="prodml:OutputFluidPropertyExt">Viscosity</prodml:Property>
			</prodml:TableConstant>
			<prodml:TableConstant   name="Reservoir Temperature" uom="degF" value="120">
					<prodml:Property xsi:type="prodml:OutputFluidPropertyExt">Temperature</prodml:Property>
			</prodml:TableConstant>
			<prodml:TableRow row="1"  >2620 1863.33 1e6	</prodml:TableRow>
			<prodml:TableRow row="2"  >2367.78	1863.33	9e5</prodml:TableRow>
			<prodml:TableRow row="3"  >2115.56	1863.33	8e5</prodml:TableRow>
			<prodml:TableRow row="4"  >1863.33	1863.33 7e5</prodml:TableRow>
			<prodml:TableRow row="5"  >1611.11	1611.11	6e5</prodml:TableRow>
			<prodml:TableRow row="6"  >1358.89#1358.89 5e5</prodml:TableRow>
			<prodml:TableRow row="7"  >1106.67#1106.67 4e5</prodml:TableRow>
			<prodml:TableRow row="8"  >854.444#854.444 3e5</prodml:TableRow>
			<prodml:TableRow row="9"  >602.222#602.222 2e5</prodml:TableRow>
			<prodml:TableRow row="10"  >350#350 1e5</prodml:TableRow>
		</prodml:FluidCharacterizationTable>
	</prodml:FluidCharacterizationModel>
		<prodml:FluidCharacterizationTableFormat uid="format1">
			<prodml:NullValue>-999.25</prodml:NullValue>
			<prodml:Delimiter asciiCharacters="10,35"/>
			<!-- the delimiters in this example are: [tab],[#] -->
			<prodml:TableColumn sequence="1"  name="Pressure" uom="psi">
				<prodml:Property xsi:type="prodml:OutputFluidPropertyExt">Pressure</prodml:Property>
			</prodml:TableColumn>
			<prodml:TableColumn sequence="2"   name="Normalized Pseudo Pressure" fluidComponentReference="gas" uom="psi">
				<prodml:Property xsi:type="prodml:OutputFluidPropertyExt">PTA:Normalized Pseudo Pressure</prodml:Property>
			</prodml:TableColumn>			
			<prodml:TableColumn sequence="3"   name="Pseudo Pressure" fluidComponentReference="gas" uom="psi2/cP">
				<prodml:Property xsi:type="prodml:OutputFluidPropertyExt">PTA:Pseudo Pressure</prodml:Property>
			</prodml:TableColumn>
		</prodml:FluidCharacterizationTableFormat>
	<prodml:FluidSystem>
		<eml:ContentType>FluidSystem</eml:ContentType>
		<eml:Title>Productive Cretaceous</eml:Title>
		<eml:Uuid>00000001-0000-0000-0000-000000000000</eml:Uuid>
	</prodml:FluidSystem>

</prodml:FluidCharacterization>
