<?xml version="1.0" encoding="UTF-8"?>
<prodml:FluidCharacterization schemaVersion="v28" uuid="27000030-0830-9535-4050-420122138301" xmlns:eml="http://www.energistics.org/energyml/data/commonv2" xmlns:prodml="http://www.energistics.org/energyml/data/prodmlv2" xmlns:xsi="http://www.w3.org/2001/XMLSchema-instance" xsi:schemaLocation="http://www.energistics.org/energyml/data/prodmlv2 ../../../xsd_schemas/FluidCharacterization.xsd">
	<eml:Citation>
		<eml:Title>Example PTA using a single row table</eml:Title>
		<eml:Originator>Unknown</eml:Originator>
		<eml:Creation>2015-03-17T09:30:47Z</eml:Creation>
		<eml:Format>application/xml</eml:Format>
		<eml:LastUpdate>2001-12-17T09:30:47Z</eml:LastUpdate>
	</eml:Citation>
	<prodml:ApplicationSource>
		<prodml:ApplicationName>demo</prodml:ApplicationName>
	</prodml:ApplicationSource>
	<prodml:ApplicationTarget>
		<prodml:ApplicationName>imaginary PTA app</prodml:ApplicationName>
	</prodml:ApplicationTarget>
	<prodml:FluidCharacterizationType>Black Oil</prodml:FluidCharacterizationType>
	<prodml:IntendedUsage>pressure transient</prodml:IntendedUsage>
	<!-- RockFluidUnitFeature is not defined consistently with SampleAqcuisition -->
	<prodml:RockFluidUnitFeature>
		<eml:ContentType/>
		<eml:Title>reservoir A</eml:Title>
		<eml:Uuid>D70A0030-0830-9535-4050-4201221383AB</eml:Uuid>
	</prodml:RockFluidUnitFeature>
		<prodml:StandardConditions xsi:type="eml:TemperaturePressure">
		<eml:Temperature uom="degF">60</eml:Temperature>
		<eml:Pressure uom="psi">14.7</eml:Pressure>
	</prodml:StandardConditions>
	<prodml:FluidCharacterizationSource>
	<prodml:FluidAnalysisTestReference>AtmFlashTest</prodml:FluidAnalysisTestReference>
		<prodml:FluidAnalysisTestReference>DiffLibTest</prodml:FluidAnalysisTestReference>
			<prodml:FluidAnalysisTestReference>Sep1</prodml:FluidAnalysisTestReference>
		<prodml:FluidAnalysis>
			<eml:ContentType>FluidAnalysis</eml:ContentType>
			<eml:Title>Reservoir Study for Good Oil Company Well No. 4, Productive Field, Sampson County, Texas</eml:Title>
			<eml:Uuid>00000000-0AB1-A111-0001-000000003954</eml:Uuid>
			<eml:UuidAuthority>ProdML</eml:UuidAuthority>
			<eml:ObjectVersion>v28</eml:ObjectVersion>
		</prodml:FluidAnalysis>
	</prodml:FluidCharacterizationSource>
	<prodml:FluidComponentCatalog>
		<prodml:StockTankOil uid="oil">
			<prodml:APIGravity uom="dAPI">40.5</prodml:APIGravity>
		</prodml:StockTankOil>
		<prodml:NaturalGas uid="gas">
			<prodml:GasGravity>0.8</prodml:GasGravity>
		</prodml:NaturalGas>
		<prodml:FormationWater uid="water"/>
	</prodml:FluidComponentCatalog>

	<prodml:FluidCharacterizationModel uid="model 1">
		<prodml:FluidCharacterizationParameterSet>
			<prodml:FluidCharacterizationParameter name="Reservoir Temperature" uom="degF" value="220">
				<prodml:Property xsi:type="prodml:OutputFluidPropertyExt">Temperature</prodml:Property>
			</prodml:FluidCharacterizationParameter>
			<prodml:FluidCharacterizationParameter name="Reservoir Pressure" uom="psi" value="1200">
					<prodml:Property xsi:type="prodml:OutputFluidPropertyExt">Pressure</prodml:Property>
			</prodml:FluidCharacterizationParameter>
			<prodml:FluidCharacterizationParameter name="Oil Compressibility" fluidComponentReference="oil" uom="1/psi" value="4.22503e-006">
				<prodml:Property xsi:type="prodml:OutputFluidPropertyExt">Compressibility</prodml:Property>
				<prodml:Phase>oleic</prodml:Phase>
			</prodml:FluidCharacterizationParameter>
			<prodml:FluidCharacterizationParameter name="Bubble Point Pressure" fluidComponentReference="oil" uom="psi" value="1863.33">
				<prodml:Property xsi:type="prodml:OutputFluidPropertyExt">Saturation Pressure</prodml:Property>
			</prodml:FluidCharacterizationParameter>
			<prodml:FluidCharacterizationParameter name="Solution GOR" uom="SCF/STB" value="600"> 
				<prodml:Property xsi:type="prodml:OutputFluidPropertyExt">Oil-Gas Ratio</prodml:Property>
			</prodml:FluidCharacterizationParameter>
			<prodml:FluidCharacterizationParameter name="Oil FVF" fluidComponentReference="oil" uom="xom:bbl/STB" value="1.60341">
				<prodml:Property xsi:type="prodml:OutputFluidPropertyExt">Formation Volume Factor</prodml:Property>
			</prodml:FluidCharacterizationParameter>
			<prodml:FluidCharacterizationParameter name="Oil Viscosity" fluidComponentReference="oil" uom="cP" value="0.324271">
				<prodml:Property xsi:type="prodml:OutputFluidPropertyExt">Viscosity</prodml:Property>
				<prodml:Phase>oleic</prodml:Phase>
			</prodml:FluidCharacterizationParameter>
			<prodml:FluidCharacterizationParameter name="Oil Density" fluidComponentReference="oil" uom="kg/m3" value="578.386">
				<prodml:Property xsi:type="prodml:OutputFluidPropertyExt">Density</prodml:Property>
				<prodml:Phase>oleic</prodml:Phase>
			</prodml:FluidCharacterizationParameter>
			<prodml:FluidCharacterizationParameter name="Z-Factor" fluidComponentReference="gas" uom="unitless" value="0.841437">
				<prodml:Property xsi:type="prodml:OutputFluidPropertyExt">GOODOIL:read gas deviation factor</prodml:Property>
				<prodml:KeywordAlias authority="My Simulation Deck">
					<eml:Identifier>READZFAC</eml:Identifier>
				</prodml:KeywordAlias>
			</prodml:FluidCharacterizationParameter>
			<prodml:FluidCharacterizationParameter name="Gas FVF" fluidComponentReference="gas" uom="xom:ft3/SCF" value="0.00614315">
				<prodml:Property xsi:type="prodml:OutputFluidPropertyExt">Formation Volume Factor</prodml:Property>
			</prodml:FluidCharacterizationParameter>
			<prodml:FluidCharacterizationParameter name="Gas Viscosity" fluidComponentReference="gas" uom="cP" value="0.0200898">
				<prodml:Property xsi:type="prodml:OutputFluidPropertyExt">Viscosity</prodml:Property>
				<prodml:Phase>vapor</prodml:Phase>
			</prodml:FluidCharacterizationParameter>
			<prodml:FluidCharacterizationParameter name="Water FVF" fluidComponentReference="water" uom="xom:bbl/STB" value="1.03667">
				<prodml:Property xsi:type="prodml:OutputFluidPropertyExt">Formation Volume Factor</prodml:Property>
				<prodml:Phase>aqueous</prodml:Phase>
			</prodml:FluidCharacterizationParameter>
			<prodml:FluidCharacterizationParameter name="Water Viscosity" fluidComponentReference="water" uom="cP" value="0.318996">
				<prodml:Property xsi:type="prodml:OutputFluidPropertyExt">Viscosity</prodml:Property>
				<prodml:Phase>aqueous</prodml:Phase>
			</prodml:FluidCharacterizationParameter>
			<prodml:FluidCharacterizationParameter name="Water Density" fluidComponentReference="water" uom="kg/m3" value="964.663">
				<prodml:Property xsi:type="prodml:OutputFluidPropertyExt">Density</prodml:Property>
				<prodml:Phase>aqueous</prodml:Phase>
			</prodml:FluidCharacterizationParameter>
			<prodml:FluidCharacterizationParameter name="Water Compressibility" fluidComponentReference="water" uom="1/psi" value="3.22503e-006">
				<prodml:Property xsi:type="prodml:OutputFluidPropertyExt">Compressibility</prodml:Property>
				<prodml:Phase>aqueous</prodml:Phase>
		</prodml:FluidCharacterizationParameter>
	</prodml:FluidCharacterizationParameterSet>
		</prodml:FluidCharacterizationModel>
	<prodml:FluidSystem>
		<eml:ContentType>FluidSystem</eml:ContentType>
		<eml:Title>Productive Cretaceous</eml:Title>
		<eml:Uuid>00000001-0000-0000-0000-000000000000</eml:Uuid>
	</prodml:FluidSystem>
</prodml:FluidCharacterization>
