<?xml version="1.0" encoding="UTF-8"?>
<prodml:FluidSample schemaVersion="0.29" uuid="00000000-0000-0000-0002-000000003954" xmlns:eml="http://www.energistics.org/energyml/data/commonv2" xmlns:prodml="http://www.energistics.org/energyml/data/prodmlv2" xmlns:xsi="http://www.w3.org/2001/XMLSchema-instance" xsi:schemaLocation="http://www.energistics.org/energyml/data/prodmlv2 ../../../../xsd_schemas/FluidSample.xsd">
	<eml:Aliases authority="XOM.EMSDB.DEVSDB1.EG.FLUID_SAMPLE">
		<eml:Identifier>46C65DC88B796FF8E04400144F1E6737</eml:Identifier>
		<eml:Description>GO4_S2</eml:Description>
	</eml:Aliases>
	<eml:Citation>
		<eml:Title>GO4 Sample 2</eml:Title>
		<eml:Originator>Robert Aydelotte</eml:Originator>
		<eml:Creation>1994-01-01T12:08:22-06:00</eml:Creation>
		<eml:Format>FluidSample</eml:Format>
		<eml:LastUpdate>2001-12-17T09:30:47Z</eml:LastUpdate>
		<eml:Description>Bottomhole Sample 2 from Good Oil 4</eml:Description>
		<eml:DescriptiveKeywords>Fluid Sample, Good Oil 4</eml:DescriptiveKeywords>
	</eml:Citation>
	<eml:CustomData/>
	<prodml:SampleKind>downhole open</prodml:SampleKind>
	<prodml:RockFluidUnitFeatureReference>
		<eml:ContentType>RockFluidUnitFeature</eml:ContentType>
		<eml:Title>Productive Cretaceous Reservoir</eml:Title>
		<eml:Uuid>00000006-0004-0220-0000-000000000000</eml:Uuid>
	</prodml:RockFluidUnitFeatureReference>
	<prodml:Representative>true</prodml:Representative>
	<prodml:SampleDisposition>sent to lab for analysis</prodml:SampleDisposition>
	<prodml:Remark>Good Oil 4 downhole fluid sample @3954 ft.</prodml:Remark>
	<prodml:FluidSystemReference>
		<eml:ContentType>FluidSystem</eml:ContentType>
		<eml:Title>Productive Cretaceous</eml:Title>
		<eml:Uuid>00000001-0000-0000-0000-000000000000</eml:Uuid>
	</prodml:FluidSystemReference>	
	<prodml:FluidSampleChainofCustodyEvent uid="event1">
		<prodml:CurrentContainer>
			<eml:ContentType>FluidSampleContainer</eml:ContentType>
			<eml:Title>GO4 No 2</eml:Title>
			<eml:Uuid>00000000-0000-0002-0000-000000000000</eml:Uuid>
		</prodml:CurrentContainer>
		<prodml:TransferVolume uom="mL">75</prodml:TransferVolume> 
		<prodml:TransferPressure xsi:type="eml:AbsolutePressure"> 
						<eml:AbsolutePressure uom="psi">3954</eml:AbsolutePressure> 
			</prodml:TransferPressure>
		<prodml:TransferTemperature uom="degF">217</prodml:TransferTemperature>
		<prodml:SampleIntegrity>valid</prodml:SampleIntegrity>
		<prodml:CustodyDate>1994-01-18</prodml:CustodyDate>
		<prodml:CustodyAction>custodyTransfer</prodml:CustodyAction>
		<prodml:Custodian>PVT Lab Co</prodml:Custodian>
	</prodml:FluidSampleChainofCustodyEvent>
	<prodml:FluidSampleChainofCustodyEvent uid="event2">
		<prodml:CurrentContainer>
			<eml:ContentType>FluidSampleContainer</eml:ContentType>
			<eml:Title>GO4 No 3</eml:Title>
			<eml:Uuid>00000000-0000-0003-0000-000000003954</eml:Uuid>
		</prodml:CurrentContainer>
		<prodml:PrevContainer>
			<eml:ContentType>FluidSampleContainer</eml:ContentType>
			<eml:Title>GO4 No 2</eml:Title>
			<eml:Uuid>00000000-0000-0002-0000-000000000000</eml:Uuid>
		</prodml:PrevContainer>
		<prodml:TransferVolume uom="mL">15</prodml:TransferVolume>
		<prodml:SampleIntegrity>valid</prodml:SampleIntegrity>
		<prodml:RemainingVolume uom="mL">57</prodml:RemainingVolume>
		<prodml:LostVolume uom="mL">3</prodml:LostVolume>
		<prodml:CustodyDate>1994-01-22</prodml:CustodyDate>
		<prodml:CustodyAction>subSample Dead</prodml:CustodyAction>
		<prodml:Custodian>PVT Lab Co</prodml:Custodian>
		<prodml:Remark>15 mL of aqueous contaminant extracted from sample GO4 Sample 2</prodml:Remark>
	</prodml:FluidSampleChainofCustodyEvent>
	<prodml:FluidSampleAcquisitionJobSource>
		<prodml:FluidSampleAcquisitionReference>1</prodml:FluidSampleAcquisitionReference>
			<prodml:FluidSampleAcquisitionJobReference>
				<eml:ContentType></eml:ContentType>
				<eml:Title>Good Oil 4 Bottomhole Sample Acquisition</eml:Title>
				<eml:Uuid>00000001-0001-0000-0000-000000000000</eml:Uuid>
				<eml:VersionString></eml:VersionString>
			</prodml:FluidSampleAcquisitionJobReference>
	</prodml:FluidSampleAcquisitionJobSource>	
</prodml:FluidSample>
