<?xml version="1.0" encoding="UTF-8"?>
<prodml:FluidCharacterization schemaVersion="v29" uuid="00000000-0000-0000-0001-000000000001" xmlns:eml="http://www.energistics.org/energyml/data/commonv2" xmlns:prodml="http://www.energistics.org/energyml/data/prodmlv2" xmlns:xsi="http://www.w3.org/2001/XMLSchema-instance" xsi:schemaLocation="http://www.energistics.org/energyml/data/prodmlv2 ../../../../xsd_schemas/FluidCharacterization.xsd">
<eml:Citation>
	<eml:Title>Productive Cretaceous</eml:Title>
	<eml:Originator>Exxon</eml:Originator>
		<eml:Creation>2015-03-17T09:30:47Z</eml:Creation>
		<eml:Format>application/xml</eml:Format> 
</eml:Citation>	
	<prodml:ApplicationSource>
		<prodml:ApplicationName>Commercial Fluid Property Package</prodml:ApplicationName>
	</prodml:ApplicationSource>
	<prodml:ApplicationTarget>
		<prodml:ApplicationName>Commercial Reservoir Simulation Package</prodml:ApplicationName>
	</prodml:ApplicationTarget>
	<prodml:FluidSystemCharacterizationType>Oil Compositional</prodml:FluidSystemCharacterizationType>
	<prodml:IntendedUsage>Reservoir Simulation</prodml:IntendedUsage> 
	<prodml:RockFluidUnitFeatureReference>
		<eml:ContentType></eml:ContentType>
		<eml:Title></eml:Title>
		<eml:Uuid>A73C3F01-2384-A663-9DDE-000000682001</eml:Uuid>
</prodml:RockFluidUnitFeatureReference>
	<prodml:StandardConditions xsi:type="eml:TemperaturePressure">
		<eml:Temperature uom="degF">60</eml:Temperature>
		<eml:Pressure uom="psi">14.7</eml:Pressure>
	</prodml:StandardConditions>
	<prodml:FluidCharacterizationSource>
	<prodml:FluidAnalysisTestReference>AtmFlashTest</prodml:FluidAnalysisTestReference>
		<prodml:FluidAnalysisTestReference>DiffLibTest</prodml:FluidAnalysisTestReference>
			<prodml:FluidAnalysisTestReference>Sep1</prodml:FluidAnalysisTestReference>
		<prodml:FluidAnalysisReference>
			<eml:ContentType>FluidAnalysis</eml:ContentType>
			<eml:Title>Reservoir Study for Good Oil Company Well No. 4, Productive Field, Sampson County, Texas</eml:Title>
			<eml:Uuid>00000000-0000-0000-0000-000000000001</eml:Uuid>
			<eml:UuidAuthority>ProdML</eml:UuidAuthority>
			<eml:VersionString>v28</eml:VersionString>
		</prodml:FluidAnalysisReference>
	</prodml:FluidCharacterizationSource>	
		<prodml:FluidSystem>
		<eml:ContentType>FluidSystem</eml:ContentType>
		<eml:Title>Productive Cretaceous</eml:Title>
		<eml:Uuid>00000001-0000-0000-0000-000000000000</eml:Uuid>
	</prodml:FluidSystem>	
	<prodml:FluidComponentCatalog>
		<prodml:FormationWater uid="h2o"> 
			<prodml:SpecificGravity >1.02</prodml:SpecificGravity>
			<prodml:Salinity uom="ppm">80000</prodml:Salinity>
			<prodml:Remark>The explicit water component may be used with the pure, pseudo and plus fractions.</prodml:Remark>
		</prodml:FormationWater>
		<prodml:PureFluidComponent uid="c1">
			<prodml:Kind>c1</prodml:Kind>
			<prodml:MolecularWeight uom="g/mol">16.04</prodml:MolecularWeight>
			<prodml:HydrocarbonFlag>false</prodml:HydrocarbonFlag>
			<prodml:Remark>This illustates the definition of a pure component.</prodml:Remark>
		</prodml:PureFluidComponent>
		<prodml:PseudoFluidComponent uid="c2-3">
			<prodml:Kind>c2-c4+n2</prodml:Kind>
			<prodml:StartingCarbonNumber>2</prodml:StartingCarbonNumber>
			<prodml:EndingCarbonNumber>3</prodml:EndingCarbonNumber> 
			<prodml:Remark>This pseudo component represents the light ends.</prodml:Remark>
		</prodml:PseudoFluidComponent>
		<prodml:PseudoFluidComponent uid="c4-6">
			<prodml:Kind>c4</prodml:Kind>
			<prodml:StartingCarbonNumber>4</prodml:StartingCarbonNumber>
			<prodml:EndingCarbonNumber>6</prodml:EndingCarbonNumber> 
			<prodml:Remark>This pseudo-component represents the intermediate ends.</prodml:Remark>
		</prodml:PseudoFluidComponent>
		<prodml:PlusFluidComponent uid="c7+">
			<prodml:Kind>c11+</prodml:Kind>
			<prodml:StartingCarbonNumber>7</prodml:StartingCarbonNumber>
			<prodml:Remark>This plus component represents the heavy ends.</prodml:Remark>
		</prodml:PlusFluidComponent>
	</prodml:FluidComponentCatalog>
	<prodml:FluidCharacterizationModel uid="model2">
		<prodml:Name>Good Oil No. 4 EOS Demonstration</prodml:Name>  
			<prodml:ReferencePressure xsi:type="eml:AbsolutePressure"> 
						<eml:AbsolutePressure uom="psi">14.7</eml:AbsolutePressure> 
			</prodml:ReferencePressure>
		<prodml:ReferenceTemperature uom="degF">60</prodml:ReferenceTemperature>
 		<prodml:ModelSpecification xsi:type="prodml:Srk_EOS">
 		<prodml:PvtModelParameterSet>
				<prodml:Coefficient kind="a1">1</prodml:Coefficient>
			</prodml:PvtModelParameterSet>
		<prodml:MixingRule>classical</prodml:MixingRule>
		<prodml:ComponentPropertySet>
			<prodml:FluidComponentProperty fluidComponentReference="h20"></prodml:FluidComponentProperty>
			<prodml:FluidComponentProperty fluidComponentReference="c1"></prodml:FluidComponentProperty>
			<prodml:FluidComponentProperty fluidComponentReference="c2-3">
				<prodml:CriticalPressure uom="psi"> 666.6</prodml:CriticalPressure>
				<prodml:CriticalTemperature uom="degC">121.9</prodml:CriticalTemperature>
				<prodml:CriticalVolume uom="ft3/lbmol">2.607</prodml:CriticalVolume>
				<prodml:AcentricFactor>0.1140</prodml:AcentricFactor>
				<prodml:Parachor>126.03</prodml:Parachor>
			</prodml:FluidComponentProperty>
			<prodml:FluidComponentProperty fluidComponentReference="c4-6"></prodml:FluidComponentProperty>
			<prodml:FluidComponentProperty fluidComponentReference="c7+"></prodml:FluidComponentProperty>
		</prodml:ComponentPropertySet>
		<prodml:BinaryInteractionCoefficientSet>
			<prodml:BinaryInteractionCoefficient fluidComponent1Reference="c1" fluidComponent2Reference="c2-3">0.0131285</prodml:BinaryInteractionCoefficient>
			<prodml:BinaryInteractionCoefficient fluidComponent1Reference="c1" fluidComponent2Reference="c4-6">0.0197874</prodml:BinaryInteractionCoefficient>
			<prodml:BinaryInteractionCoefficient fluidComponent1Reference="c1" fluidComponent2Reference="c7+">0.0151159</prodml:BinaryInteractionCoefficient>
		</prodml:BinaryInteractionCoefficientSet>
		</prodml:ModelSpecification>
	</prodml:FluidCharacterizationModel>
</prodml:FluidCharacterization>
