<?xml version="1.0" encoding="UTF-8"?>
<unitMappingSet xmlns="http://www.energistics.org/energyml/data/uomv1" xmlns:xsi="http://www.w3.org/2001/XMLSchema-instance" xsi:schemaLocation="http://www.energistics.org/energyml/data/uomv1 EnergisticsUnitOfMeasureDictionary_V1.0.xsd" version="1.0">
	<title>Mapping from "RP66 V1" Appendix-F Unit Symbols to "unit/symbol" values in the "Energistics Unit of 
		Measure Dictionary V1.0" dictionary.
	</title>
	<originator>Energistics</originator>
	<description>This document asserts a mapping from one dictionary to another. 
		The mapping is between items which appear to have the same semantics (i.e., are aliases). 
		All items in the "from" dictionary are listed. 
		For each "from" item, if no "to" item is listed then there does not appear to be a direct mapping. 
		This mapping is provided as an aid to migration and Energistics makes no guarantee of its accuracy. 
		This data is distributed under the Energistics License Agreement at http://www.energistics.org. 
		Use of this file constitutes agreement with the Energistics License Agreement. 
		Copyright (c) 2014 Energistics. 
		All rights reserved.
	</description>
	<unitMap>
		<mapsFrom>a</mapsFrom>
		<mapsTo>a</mapsTo>
		<state>conditional</state>
		<note>Contains year as a component. See mapping discussion for year.</note>
	</unitMap>
	<unitMap>
		<mapsFrom>A</mapsFrom>
		<mapsTo>A</mapsTo>
		<state>identical</state>
	</unitMap>
	<unitMap>
		<mapsFrom>acre</mapsFrom>
		<mapsTo>acre</mapsTo>
		<state>identical</state>
	</unitMap>
	<unitMap>
		<mapsFrom>atm</mapsFrom>
		<mapsTo>atm</mapsTo>
		<state>identical</state>
	</unitMap>
	<unitMap>
		<mapsFrom>b</mapsFrom>
		<mapsTo>b</mapsTo>
		<state>identical</state>
	</unitMap>
	<unitMap>
		<mapsFrom>bar</mapsFrom>
		<mapsTo>bar</mapsTo>
		<state>identical</state>
	</unitMap>
	<unitMap>
		<mapsFrom>bbl</mapsFrom>
		<mapsTo>bbl</mapsTo>
		<state>identical</state>
	</unitMap>
	<unitMap>
		<mapsFrom>Btu</mapsFrom>
		<mapsTo>Btu[IT]</mapsTo>
		<state>identical</state>
	</unitMap>
	<unitMap>
		<mapsFrom>c</mapsFrom>
		<mapsTo>rev</mapsTo>
		<state>identical</state>
	</unitMap>
	<unitMap>
		<mapsFrom>C</mapsFrom>
		<mapsTo>C</mapsTo>
		<state>identical</state>
	</unitMap>
	<unitMap>
		<mapsFrom>cal</mapsFrom>
		<mapsTo>cal[IT]</mapsTo>
		<state>identical</state>
	</unitMap>
	<unitMap>
		<mapsFrom>cd</mapsFrom>
		<mapsTo>cd</mapsTo>
		<state>identical</state>
	</unitMap>
	<unitMap>
		<mapsFrom>cm</mapsFrom>
		<mapsTo>cm</mapsTo>
		<state>identical</state>
	</unitMap>
	<unitMap>
		<mapsFrom>cP</mapsFrom>
		<mapsTo>cP</mapsTo>
		<state>identical</state>
	</unitMap>
	<unitMap>
		<mapsFrom>d</mapsFrom>
		<mapsTo>d</mapsTo>
		<state>identical</state>
	</unitMap>
	<unitMap>
		<mapsFrom>daN</mapsFrom>
		<mapsTo>daN</mapsTo>
		<state>identical</state>
	</unitMap>
	<unitMap>
		<mapsFrom>dAPI</mapsFrom>
		<mapsTo>dAPI</mapsTo>
		<state>identical</state>
	</unitMap>
	<unitMap>
		<mapsFrom>dB</mapsFrom>
		<mapsTo>dB</mapsTo>
		<state>identical</state>
	</unitMap>
	<unitMap>
		<mapsFrom>degC</mapsFrom>
		<mapsTo>degC</mapsTo>
		<state>identical</state>
	</unitMap>
	<unitMap>
		<mapsFrom>degF</mapsFrom>
		<mapsTo>degF</mapsTo>
		<state>identical</state>
	</unitMap>
	<unitMap>
		<mapsFrom>dm</mapsFrom>
		<mapsTo>dm</mapsTo>
		<state>identical</state>
	</unitMap>
	<unitMap>
		<mapsFrom>fC</mapsFrom>
		<mapsTo>fC</mapsTo>
		<state>identical</state>
	</unitMap>
	<unitMap>
		<mapsFrom>ft</mapsFrom>
		<mapsTo>ft</mapsTo>
		<state>identical</state>
	</unitMap>
	<unitMap>
		<mapsFrom>g</mapsFrom>
		<mapsTo>g</mapsTo>
		<state>identical</state>
	</unitMap>
	<unitMap>
		<mapsFrom>gal</mapsFrom>
		<mapsTo>gal[US]</mapsTo>
		<state>identical</state>
	</unitMap>
	<unitMap>
		<mapsFrom>Gal</mapsFrom>
		<mapsTo>Gal</mapsTo>
		<state>identical</state>
	</unitMap>
	<unitMap>
		<mapsFrom>gAPI</mapsFrom>
		<mapsTo>gAPI</mapsTo>
		<state>identical</state>
	</unitMap>
	<unitMap>
		<mapsFrom>GPa</mapsFrom>
		<mapsTo>GPa</mapsTo>
		<state>identical</state>
	</unitMap>
	<unitMap>
		<mapsFrom>h</mapsFrom>
		<mapsTo>h</mapsTo>
		<state>identical</state>
	</unitMap>
	<unitMap>
		<mapsFrom>Hz</mapsFrom>
		<mapsTo>Hz</mapsTo>
		<state>identical</state>
	</unitMap>
	<unitMap>
		<mapsFrom>in</mapsFrom>
		<mapsTo>in</mapsTo>
		<state>identical</state>
	</unitMap>
	<unitMap>
		<mapsFrom>J</mapsFrom>
		<mapsTo>J</mapsTo>
		<state>identical</state>
	</unitMap>
	<unitMap>
		<mapsFrom>K</mapsFrom>
		<mapsTo>K</mapsTo>
		<state>identical</state>
	</unitMap>
	<unitMap>
		<mapsFrom>keV</mapsFrom>
		<mapsTo>keV</mapsTo>
		<state>identical</state>
	</unitMap>
	<unitMap>
		<mapsFrom>kg</mapsFrom>
		<mapsTo>kg</mapsTo>
		<state>identical</state>
	</unitMap>
	<unitMap>
		<mapsFrom>kgf</mapsFrom>
		<mapsTo>kgf</mapsTo>
		<state>identical</state>
	</unitMap>
	<unitMap>
		<mapsFrom>kHz</mapsFrom>
		<mapsTo>kHz</mapsTo>
		<state>identical</state>
	</unitMap>
	<unitMap>
		<mapsFrom>km</mapsFrom>
		<mapsTo>km</mapsTo>
		<state>identical</state>
	</unitMap>
	<unitMap>
		<mapsFrom>kPa</mapsFrom>
		<mapsTo>kPa</mapsTo>
		<state>identical</state>
	</unitMap>
	<unitMap>
		<mapsFrom>kV</mapsFrom>
		<mapsTo>kV</mapsTo>
		<state>identical</state>
	</unitMap>
	<unitMap>
		<mapsFrom>L</mapsFrom>
		<mapsTo>L</mapsTo>
		<state>identical</state>
	</unitMap>
	<unitMap>
		<mapsFrom>lbf</mapsFrom>
		<mapsTo>lbf</mapsTo>
		<state>identical</state>
	</unitMap>
	<unitMap>
		<mapsFrom>lbm</mapsFrom>
		<mapsTo>lbm</mapsTo>
		<state>identical</state>
	</unitMap>
	<unitMap>
		<mapsFrom>m</mapsFrom>
		<mapsTo>m</mapsTo>
		<state>identical</state>
	</unitMap>
	<unitMap>
		<mapsFrom>mA</mapsFrom>
		<mapsTo>mA</mapsTo>
		<state>identical</state>
	</unitMap>
	<unitMap>
		<mapsFrom>mC</mapsFrom>
		<mapsTo>mC</mapsTo>
		<state>identical</state>
	</unitMap>
	<unitMap>
		<mapsFrom>mD</mapsFrom>
		<mapsTo>mD</mapsTo>
		<state>precision</state>
	</unitMap>
	<unitMap>
		<mapsFrom>MeV</mapsFrom>
		<mapsTo>MeV</mapsTo>
		<state>identical</state>
	</unitMap>
	<unitMap>
		<mapsFrom>mg</mapsFrom>
		<mapsTo>mg</mapsTo>
		<state>identical</state>
	</unitMap>
	<unitMap>
		<mapsFrom>Mg</mapsFrom>
		<mapsTo>Mg</mapsTo>
		<state>identical</state>
	</unitMap>
	<unitMap>
		<mapsFrom>mGal</mapsFrom>
		<mapsTo>mGal</mapsTo>
		<state>identical</state>
	</unitMap>
	<unitMap>
		<mapsFrom>MHz</mapsFrom>
		<mapsTo>MHz</mapsTo>
		<state>identical</state>
	</unitMap>
	<unitMap>
		<mapsFrom>min</mapsFrom>
		<mapsTo>min</mapsTo>
		<state>identical</state>
	</unitMap>
	<unitMap>
		<mapsFrom>mL</mapsFrom>
		<mapsTo>mL</mapsTo>
		<state>identical</state>
	</unitMap>
	<unitMap>
		<mapsFrom>mm</mapsFrom>
		<mapsTo>mm</mapsTo>
		<state>identical</state>
	</unitMap>
	<unitMap>
		<mapsFrom>mohm</mapsFrom>
		<mapsTo>mohm</mapsTo>
		<state>identical</state>
	</unitMap>
	<unitMap>
		<mapsFrom>mol</mapsFrom>
		<mapsTo>mol</mapsTo>
		<state>identical</state>
	</unitMap>
	<unitMap>
		<mapsFrom>MPa</mapsFrom>
		<mapsTo>MPa</mapsTo>
		<state>identical</state>
	</unitMap>
	<unitMap>
		<mapsFrom>Mpsi</mapsFrom>
		<mapsTo>Mpsi</mapsTo>
		<state>identical</state>
	</unitMap>
	<unitMap>
		<mapsFrom>mS</mapsFrom>
		<mapsTo>mS</mapsTo>
		<state>identical</state>
	</unitMap>
	<unitMap>
		<mapsFrom>ms</mapsFrom>
		<mapsTo>ms</mapsTo>
		<state>identical</state>
	</unitMap>
	<unitMap>
		<mapsFrom>mT</mapsFrom>
		<mapsTo>mT</mapsTo>
		<state>identical</state>
	</unitMap>
	<unitMap>
		<mapsFrom>mV</mapsFrom>
		<mapsTo>mV</mapsTo>
		<state>identical</state>
	</unitMap>
	<unitMap>
		<mapsFrom>mW</mapsFrom>
		<mapsTo>mW</mapsTo>
		<state>identical</state>
	</unitMap>
	<unitMap>
		<mapsFrom>N</mapsFrom>
		<mapsTo>N</mapsTo>
		<state>identical</state>
	</unitMap>
	<unitMap>
		<mapsFrom>nAPI</mapsFrom>
		<mapsTo>nAPI</mapsTo>
		<state>identical</state>
	</unitMap>
	<unitMap>
		<mapsFrom>nC</mapsFrom>
		<mapsTo>nC</mapsTo>
		<state>identical</state>
	</unitMap>
	<unitMap>
		<mapsFrom>ns</mapsFrom>
		<mapsTo>ns</mapsTo>
		<state>identical</state>
	</unitMap>
	<unitMap>
		<mapsFrom>nW</mapsFrom>
		<mapsTo>nW</mapsTo>
		<state>identical</state>
	</unitMap>
	<unitMap>
		<mapsFrom>ohm</mapsFrom>
		<mapsTo>ohm</mapsTo>
		<state>identical</state>
	</unitMap>
	<unitMap>
		<mapsFrom>P</mapsFrom>
		<mapsTo>P</mapsTo>
		<state>identical</state>
	</unitMap>
	<unitMap>
		<mapsFrom>Pa</mapsFrom>
		<mapsTo>Pa</mapsTo>
		<state>identical</state>
	</unitMap>
	<unitMap>
		<mapsFrom>pC</mapsFrom>
		<mapsTo>pC</mapsTo>
		<state>identical</state>
	</unitMap>
	<unitMap>
		<mapsFrom>pPa</mapsFrom>
		<mapsTo>pPa</mapsTo>
		<state>identical</state>
	</unitMap>
	<unitMap>
		<mapsFrom>ppdk</mapsFrom>
		<mapsTo/>
		<state>conversion</state>
		<note>Assume that the old conversion is correct and convert to a supported unit with the same base.</note>
	</unitMap>
	<unitMap>
		<mapsFrom>ppk</mapsFrom>
		<mapsTo>ppk</mapsTo>
		<state>identical</state>
	</unitMap>
	<unitMap>
		<mapsFrom>ppm</mapsFrom>
		<mapsTo>ppm</mapsTo>
		<state>identical</state>
	</unitMap>
	<unitMap>
		<mapsFrom>psi</mapsFrom>
		<mapsTo>psi</mapsTo>
		<state>identical</state>
	</unitMap>
	<unitMap>
		<mapsFrom>pu</mapsFrom>
		<mapsTo>%[vol]</mapsTo>
		<state>identical</state>
	</unitMap>
	<unitMap>
		<mapsFrom>rad</mapsFrom>
		<mapsTo>rad</mapsTo>
		<state>identical</state>
	</unitMap>
	<unitMap>
		<mapsFrom>S</mapsFrom>
		<mapsTo>S</mapsTo>
		<state>identical</state>
	</unitMap>
	<unitMap>
		<mapsFrom>s</mapsFrom>
		<mapsTo>s</mapsTo>
		<state>identical</state>
	</unitMap>
	<unitMap>
		<mapsFrom>sr</mapsFrom>
		<mapsTo>sr</mapsTo>
		<state>identical</state>
	</unitMap>
	<unitMap>
		<mapsFrom>t</mapsFrom>
		<mapsTo>t</mapsTo>
		<state>identical</state>
	</unitMap>
	<unitMap>
		<mapsFrom>T</mapsFrom>
		<mapsTo>T</mapsTo>
		<state>identical</state>
	</unitMap>
	<unitMap>
		<mapsFrom>ton</mapsFrom>
		<mapsTo>ton[US]</mapsTo>
		<state>identical</state>
	</unitMap>
	<unitMap>
		<mapsFrom>uA</mapsFrom>
		<mapsTo>uA</mapsTo>
		<state>identical</state>
	</unitMap>
	<unitMap>
		<mapsFrom>uC</mapsFrom>
		<mapsTo>uC</mapsTo>
		<state>identical</state>
	</unitMap>
	<unitMap>
		<mapsFrom>um</mapsFrom>
		<mapsTo>um</mapsTo>
		<state>identical</state>
	</unitMap>
	<unitMap>
		<mapsFrom>uohm</mapsFrom>
		<mapsTo>uohm</mapsTo>
		<state>identical</state>
	</unitMap>
	<unitMap>
		<mapsFrom>uPa</mapsFrom>
		<mapsTo>uPa</mapsTo>
		<state>identical</state>
	</unitMap>
	<unitMap>
		<mapsFrom>upsi</mapsFrom>
		<mapsTo>upsi</mapsTo>
		<state>identical</state>
	</unitMap>
	<unitMap>
		<mapsFrom>us</mapsFrom>
		<mapsTo>us</mapsTo>
		<state>identical</state>
	</unitMap>
	<unitMap>
		<mapsFrom>uV</mapsFrom>
		<mapsTo>uV</mapsTo>
		<state>identical</state>
	</unitMap>
	<unitMap>
		<mapsFrom>V</mapsFrom>
		<mapsTo>V</mapsTo>
		<state>identical</state>
	</unitMap>
	<unitMap>
		<mapsFrom>W</mapsFrom>
		<mapsTo>W</mapsTo>
		<state>identical</state>
	</unitMap>
	<unitMap>
		<mapsFrom>Wb</mapsFrom>
		<mapsTo>Wb</mapsTo>
		<state>identical</state>
	</unitMap>
	<unitMap>
		<mapsFrom>D</mapsFrom>
		<mapsTo>D</mapsTo>
		<state>precision</state>
	</unitMap>
	<unitMap>
		<mapsFrom>deg</mapsFrom>
		<mapsTo>dega</mapsTo>
		<state>precision</state>
	</unitMap>
	<unitMap>
		<mapsFrom>eV</mapsFrom>
		<mapsTo>eV</mapsTo>
		<state>precision</state>
	</unitMap>
	<unitMap>
		<mapsFrom>Oe</mapsFrom>
		<mapsTo>Oe</mapsTo>
		<state>precision</state>
	</unitMap>
	<unitMap>
		<mapsFrom>cu</mapsFrom>
		<mapsTo>cu</mapsTo>
		<state>identical</state>
	</unitMap>
</unitMappingSet>