<?xml version="1.0" encoding="UTF-8"?>
<unitMappingSet xmlns="http://www.energistics.org/energyml/data/uomv1" xmlns:xsi="http://www.w3.org/2001/XMLSchema-instance" xsi:schemaLocation="http://www.energistics.org/energyml/data/uomv1 EnergisticsUnitOfMeasureDictionary_V1.0.xsd" version="1.0">
	<title>Mapping from "RP66 V2" Part-5 Unit Symbols to "unit/symbol" values in the "Energistics Unit of 
		Measure Dictionary V1.0" dictionary.
	</title>
	<originator>Energistics</originator>
	<description>This document asserts a mapping from one dictionary to another. 
		The mapping is between items which appear to have the same semantics (i.e., are aliases). 
		All items in the "from" dictionary are listed. 
		For each "from" item, if no "to" item is listed then there does not appear to be a direct mapping. 
		This mapping is provided as an aid to migration and Energistics makes no guarantee of its accuracy. 
		This data is distributed under the Energistics License Agreement at http://www.energistics.org. 
		Use of this file constitutes agreement with the Energistics License Agreement. 
		Copyright (c) 2014 Energistics. 
		All rights reserved.
	</description>
	<unitMap>
		<mapsFrom>a</mapsFrom>
		<mapsTo>a</mapsTo>
		<state>conditional</state>
		<note>Contains year as a component. See mapping discussion for year.</note>
	</unitMap>
	<unitMap>
		<mapsFrom>Ma</mapsFrom>
		<mapsTo>Ma[t]</mapsTo>
		<state>conditional</state>
		<note>Contains year as a component. See mapping discussion for year.</note>
	</unitMap>
	<unitMap>
		<mapsFrom>kcal</mapsFrom>
		<mapsTo/>
		<state>conversion</state>
		<note>Assume that the old conversion is correct and convert to a supported unit with the same base.</note>
	</unitMap>
	<unitMap>
		<mapsFrom>Grad</mapsFrom>
		<mapsTo/>
		<state>conversion</state>
		<note>Assume that the old conversion is correct and convert to a supported unit with the same base.</note>
	</unitMap>
	<unitMap>
		<mapsFrom>%</mapsFrom>
		<mapsTo>%</mapsTo>
		<state>identical</state>
	</unitMap>
	<unitMap>
		<mapsFrom>A</mapsFrom>
		<mapsTo>A</mapsTo>
		<state>identical</state>
	</unitMap>
	<unitMap>
		<mapsFrom>acre</mapsFrom>
		<mapsTo>acre</mapsTo>
		<state>identical</state>
	</unitMap>
	<unitMap>
		<mapsFrom>ag</mapsFrom>
		<mapsTo>ag</mapsTo>
		<state>identical</state>
	</unitMap>
	<unitMap>
		<mapsFrom>aJ</mapsFrom>
		<mapsTo>aJ</mapsTo>
		<state>identical</state>
	</unitMap>
	<unitMap>
		<mapsFrom>atm</mapsFrom>
		<mapsTo>atm</mapsTo>
		<state>identical</state>
	</unitMap>
	<unitMap>
		<mapsFrom>B</mapsFrom>
		<mapsTo>B</mapsTo>
		<state>identical</state>
	</unitMap>
	<unitMap>
		<mapsFrom>b</mapsFrom>
		<mapsTo>b</mapsTo>
		<state>identical</state>
	</unitMap>
	<unitMap>
		<mapsFrom>bar</mapsFrom>
		<mapsTo>bar</mapsTo>
		<state>identical</state>
	</unitMap>
	<unitMap>
		<mapsFrom>bbl</mapsFrom>
		<mapsTo>bbl</mapsTo>
		<state>identical</state>
	</unitMap>
	<unitMap>
		<mapsFrom>Bq</mapsFrom>
		<mapsTo>Bq</mapsTo>
		<state>identical</state>
	</unitMap>
	<unitMap>
		<mapsFrom>Btu</mapsFrom>
		<mapsTo>Btu[IT]</mapsTo>
		<state>identical</state>
	</unitMap>
	<unitMap>
		<mapsFrom>c</mapsFrom>
		<mapsTo>rev</mapsTo>
		<state>identical</state>
	</unitMap>
	<unitMap>
		<mapsFrom>C</mapsFrom>
		<mapsTo>C</mapsTo>
		<state>identical</state>
	</unitMap>
	<unitMap>
		<mapsFrom>cal</mapsFrom>
		<mapsTo>cal[IT]</mapsTo>
		<state>identical</state>
	</unitMap>
	<unitMap>
		<mapsFrom>cd</mapsFrom>
		<mapsTo>cd</mapsTo>
		<state>identical</state>
	</unitMap>
	<unitMap>
		<mapsFrom>Ci</mapsFrom>
		<mapsTo>Ci</mapsTo>
		<state>identical</state>
	</unitMap>
	<unitMap>
		<mapsFrom>cm</mapsFrom>
		<mapsTo>cm</mapsTo>
		<state>identical</state>
	</unitMap>
	<unitMap>
		<mapsFrom>cP</mapsFrom>
		<mapsTo>cP</mapsTo>
		<state>identical</state>
	</unitMap>
	<unitMap>
		<mapsFrom>d</mapsFrom>
		<mapsTo>d</mapsTo>
		<state>identical</state>
	</unitMap>
	<unitMap>
		<mapsFrom>daN</mapsFrom>
		<mapsTo>daN</mapsTo>
		<state>identical</state>
	</unitMap>
	<unitMap>
		<mapsFrom>dAPI</mapsFrom>
		<mapsTo>dAPI</mapsTo>
		<state>identical</state>
	</unitMap>
	<unitMap>
		<mapsFrom>dB</mapsFrom>
		<mapsTo>dB</mapsTo>
		<state>identical</state>
	</unitMap>
	<unitMap>
		<mapsFrom>degC</mapsFrom>
		<mapsTo>degC</mapsTo>
		<state>identical</state>
	</unitMap>
	<unitMap>
		<mapsFrom>degF</mapsFrom>
		<mapsTo>degF</mapsTo>
		<state>identical</state>
	</unitMap>
	<unitMap>
		<mapsFrom>degR</mapsFrom>
		<mapsTo>degR</mapsTo>
		<state>identical</state>
	</unitMap>
	<unitMap>
		<mapsFrom>dm</mapsFrom>
		<mapsTo>dm</mapsTo>
		<state>identical</state>
	</unitMap>
	<unitMap>
		<mapsFrom>ehp</mapsFrom>
		<mapsTo>hp[elec]</mapsTo>
		<state>identical</state>
	</unitMap>
	<unitMap>
		<mapsFrom>EJ</mapsFrom>
		<mapsTo>EJ</mapsTo>
		<state>identical</state>
	</unitMap>
	<unitMap>
		<mapsFrom>F</mapsFrom>
		<mapsTo>F</mapsTo>
		<state>identical</state>
	</unitMap>
	<unitMap>
		<mapsFrom>fC</mapsFrom>
		<mapsTo>fC</mapsTo>
		<state>identical</state>
	</unitMap>
	<unitMap>
		<mapsFrom>fm</mapsFrom>
		<mapsTo>fm</mapsTo>
		<state>identical</state>
	</unitMap>
	<unitMap>
		<mapsFrom>ft</mapsFrom>
		<mapsTo>ft</mapsTo>
		<state>identical</state>
	</unitMap>
	<unitMap>
		<mapsFrom>ftUS</mapsFrom>
		<mapsTo>ft[US]</mapsTo>
		<state>identical</state>
	</unitMap>
	<unitMap>
		<mapsFrom>g</mapsFrom>
		<mapsTo>g</mapsTo>
		<state>identical</state>
	</unitMap>
	<unitMap>
		<mapsFrom>Gal</mapsFrom>
		<mapsTo>Gal</mapsTo>
		<state>identical</state>
	</unitMap>
	<unitMap>
		<mapsFrom>galUK</mapsFrom>
		<mapsTo>gal[UK]</mapsTo>
		<state>identical</state>
	</unitMap>
	<unitMap>
		<mapsFrom>galUS</mapsFrom>
		<mapsTo>gal[US]</mapsTo>
		<state>identical</state>
	</unitMap>
	<unitMap>
		<mapsFrom>gAPI</mapsFrom>
		<mapsTo>gAPI</mapsTo>
		<state>identical</state>
	</unitMap>
	<unitMap>
		<mapsFrom>GBq</mapsFrom>
		<mapsTo>GBq</mapsTo>
		<state>identical</state>
	</unitMap>
	<unitMap>
		<mapsFrom>GeV</mapsFrom>
		<mapsTo>GeV</mapsTo>
		<state>identical</state>
	</unitMap>
	<unitMap>
		<mapsFrom>gf</mapsFrom>
		<mapsTo>gf</mapsTo>
		<state>identical</state>
	</unitMap>
	<unitMap>
		<mapsFrom>GHz</mapsFrom>
		<mapsTo>GHz</mapsTo>
		<state>identical</state>
	</unitMap>
	<unitMap>
		<mapsFrom>GJ</mapsFrom>
		<mapsTo>GJ</mapsTo>
		<state>identical</state>
	</unitMap>
	<unitMap>
		<mapsFrom>Gohm</mapsFrom>
		<mapsTo>Gohm</mapsTo>
		<state>identical</state>
	</unitMap>
	<unitMap>
		<mapsFrom>GPa</mapsFrom>
		<mapsTo>GPa</mapsTo>
		<state>identical</state>
	</unitMap>
	<unitMap>
		<mapsFrom>GS</mapsFrom>
		<mapsTo>GS</mapsTo>
		<state>identical</state>
	</unitMap>
	<unitMap>
		<mapsFrom>GW</mapsFrom>
		<mapsTo>GW</mapsTo>
		<state>identical</state>
	</unitMap>
	<unitMap>
		<mapsFrom>Gy</mapsFrom>
		<mapsTo>Gy</mapsTo>
		<state>identical</state>
	</unitMap>
	<unitMap>
		<mapsFrom>H</mapsFrom>
		<mapsTo>H</mapsTo>
		<state>identical</state>
	</unitMap>
	<unitMap>
		<mapsFrom>h</mapsFrom>
		<mapsTo>h</mapsTo>
		<state>identical</state>
	</unitMap>
	<unitMap>
		<mapsFrom>ha</mapsFrom>
		<mapsTo>ha</mapsTo>
		<state>identical</state>
	</unitMap>
	<unitMap>
		<mapsFrom>hbar</mapsFrom>
		<mapsTo>hbar</mapsTo>
		<state>identical</state>
	</unitMap>
	<unitMap>
		<mapsFrom>hhp</mapsFrom>
		<mapsTo>hp[hyd]</mapsTo>
		<state>identical</state>
	</unitMap>
	<unitMap>
		<mapsFrom>hL</mapsFrom>
		<mapsTo>hL</mapsTo>
		<state>identical</state>
	</unitMap>
	<unitMap>
		<mapsFrom>hp</mapsFrom>
		<mapsTo>hp</mapsTo>
		<state>identical</state>
	</unitMap>
	<unitMap>
		<mapsFrom>Hz</mapsFrom>
		<mapsTo>Hz</mapsTo>
		<state>identical</state>
	</unitMap>
	<unitMap>
		<mapsFrom>in</mapsFrom>
		<mapsTo>in</mapsTo>
		<state>identical</state>
	</unitMap>
	<unitMap>
		<mapsFrom>inUS</mapsFrom>
		<mapsTo>in[US]</mapsTo>
		<state>identical</state>
	</unitMap>
	<unitMap>
		<mapsFrom>J</mapsFrom>
		<mapsTo>J</mapsTo>
		<state>identical</state>
	</unitMap>
	<unitMap>
		<mapsFrom>K</mapsFrom>
		<mapsTo>K</mapsTo>
		<state>identical</state>
	</unitMap>
	<unitMap>
		<mapsFrom>kA</mapsFrom>
		<mapsTo>kA</mapsTo>
		<state>identical</state>
	</unitMap>
	<unitMap>
		<mapsFrom>kC</mapsFrom>
		<mapsTo>kC</mapsTo>
		<state>identical</state>
	</unitMap>
	<unitMap>
		<mapsFrom>kcd</mapsFrom>
		<mapsTo>kcd</mapsTo>
		<state>identical</state>
	</unitMap>
	<unitMap>
		<mapsFrom>keV</mapsFrom>
		<mapsTo>keV</mapsTo>
		<state>identical</state>
	</unitMap>
	<unitMap>
		<mapsFrom>kg</mapsFrom>
		<mapsTo>kg</mapsTo>
		<state>identical</state>
	</unitMap>
	<unitMap>
		<mapsFrom>kgf</mapsFrom>
		<mapsTo>kgf</mapsTo>
		<state>identical</state>
	</unitMap>
	<unitMap>
		<mapsFrom>kHz</mapsFrom>
		<mapsTo>kHz</mapsTo>
		<state>identical</state>
	</unitMap>
	<unitMap>
		<mapsFrom>kJ</mapsFrom>
		<mapsTo>kJ</mapsTo>
		<state>identical</state>
	</unitMap>
	<unitMap>
		<mapsFrom>klx</mapsFrom>
		<mapsTo>klx</mapsTo>
		<state>identical</state>
	</unitMap>
	<unitMap>
		<mapsFrom>km</mapsFrom>
		<mapsTo>km</mapsTo>
		<state>identical</state>
	</unitMap>
	<unitMap>
		<mapsFrom>kmol</mapsFrom>
		<mapsTo>kmol</mapsTo>
		<state>identical</state>
	</unitMap>
	<unitMap>
		<mapsFrom>kN</mapsFrom>
		<mapsTo>kN</mapsTo>
		<state>identical</state>
	</unitMap>
	<unitMap>
		<mapsFrom>kohm</mapsFrom>
		<mapsTo>kohm</mapsTo>
		<state>identical</state>
	</unitMap>
	<unitMap>
		<mapsFrom>kPa</mapsFrom>
		<mapsTo>kPa</mapsTo>
		<state>identical</state>
	</unitMap>
	<unitMap>
		<mapsFrom>krad</mapsFrom>
		<mapsTo>krad</mapsTo>
		<state>identical</state>
	</unitMap>
	<unitMap>
		<mapsFrom>kS</mapsFrom>
		<mapsTo>kS</mapsTo>
		<state>identical</state>
	</unitMap>
	<unitMap>
		<mapsFrom>kV</mapsFrom>
		<mapsTo>kV</mapsTo>
		<state>identical</state>
	</unitMap>
	<unitMap>
		<mapsFrom>kW</mapsFrom>
		<mapsTo>kW</mapsTo>
		<state>identical</state>
	</unitMap>
	<unitMap>
		<mapsFrom>L</mapsFrom>
		<mapsTo>L</mapsTo>
		<state>identical</state>
	</unitMap>
	<unitMap>
		<mapsFrom>lbf</mapsFrom>
		<mapsTo>lbf</mapsTo>
		<state>identical</state>
	</unitMap>
	<unitMap>
		<mapsFrom>lbm</mapsFrom>
		<mapsTo>lbm</mapsTo>
		<state>identical</state>
	</unitMap>
	<unitMap>
		<mapsFrom>lm</mapsFrom>
		<mapsTo>lm</mapsTo>
		<state>identical</state>
	</unitMap>
	<unitMap>
		<mapsFrom>lx</mapsFrom>
		<mapsTo>lx</mapsTo>
		<state>identical</state>
	</unitMap>
	<unitMap>
		<mapsFrom>m</mapsFrom>
		<mapsTo>m</mapsTo>
		<state>identical</state>
	</unitMap>
	<unitMap>
		<mapsFrom>MA</mapsFrom>
		<mapsTo>MA</mapsTo>
		<state>identical</state>
	</unitMap>
	<unitMap>
		<mapsFrom>mA</mapsFrom>
		<mapsTo>mA</mapsTo>
		<state>identical</state>
	</unitMap>
	<unitMap>
		<mapsFrom>mbar</mapsFrom>
		<mapsTo>mbar</mapsTo>
		<state>identical</state>
	</unitMap>
	<unitMap>
		<mapsFrom>MBq</mapsFrom>
		<mapsTo>MBq</mapsTo>
		<state>identical</state>
	</unitMap>
	<unitMap>
		<mapsFrom>mC</mapsFrom>
		<mapsTo>mC</mapsTo>
		<state>identical</state>
	</unitMap>
	<unitMap>
		<mapsFrom>mCi</mapsFrom>
		<mapsTo>mCi</mapsTo>
		<state>identical</state>
	</unitMap>
	<unitMap>
		<mapsFrom>mD</mapsFrom>
		<mapsTo>mD</mapsTo>
		<state>precision</state>
	</unitMap>
	<unitMap>
		<mapsFrom>MeV</mapsFrom>
		<mapsTo>MeV</mapsTo>
		<state>identical</state>
	</unitMap>
	<unitMap>
		<mapsFrom>mg</mapsFrom>
		<mapsTo>mg</mapsTo>
		<state>identical</state>
	</unitMap>
	<unitMap>
		<mapsFrom>Mg</mapsFrom>
		<mapsTo>Mg</mapsTo>
		<state>identical</state>
	</unitMap>
	<unitMap>
		<mapsFrom>mGal</mapsFrom>
		<mapsTo>mGal</mapsTo>
		<state>identical</state>
	</unitMap>
	<unitMap>
		<mapsFrom>mGy</mapsFrom>
		<mapsTo>mGy</mapsTo>
		<state>identical</state>
	</unitMap>
	<unitMap>
		<mapsFrom>mH</mapsFrom>
		<mapsTo>mH</mapsTo>
		<state>identical</state>
	</unitMap>
	<unitMap>
		<mapsFrom>mHz</mapsFrom>
		<mapsTo>mHz</mapsTo>
		<state>identical</state>
	</unitMap>
	<unitMap>
		<mapsFrom>MHz</mapsFrom>
		<mapsTo>MHz</mapsTo>
		<state>identical</state>
	</unitMap>
	<unitMap>
		<mapsFrom>mi</mapsFrom>
		<mapsTo>mi</mapsTo>
		<state>identical</state>
	</unitMap>
	<unitMap>
		<mapsFrom>min</mapsFrom>
		<mapsTo>min</mapsTo>
		<state>identical</state>
	</unitMap>
	<unitMap>
		<mapsFrom>mina</mapsFrom>
		<mapsTo>mina</mapsTo>
		<state>identical</state>
	</unitMap>
	<unitMap>
		<mapsFrom>miUS</mapsFrom>
		<mapsTo>mi[US]</mapsTo>
		<state>identical</state>
	</unitMap>
	<unitMap>
		<mapsFrom>mJ</mapsFrom>
		<mapsTo>mJ</mapsTo>
		<state>identical</state>
	</unitMap>
	<unitMap>
		<mapsFrom>MJ</mapsFrom>
		<mapsTo>MJ</mapsTo>
		<state>identical</state>
	</unitMap>
	<unitMap>
		<mapsFrom>mL</mapsFrom>
		<mapsTo>mL</mapsTo>
		<state>identical</state>
	</unitMap>
	<unitMap>
		<mapsFrom>Mm</mapsFrom>
		<mapsTo>Mm</mapsTo>
		<state>identical</state>
	</unitMap>
	<unitMap>
		<mapsFrom>mm</mapsFrom>
		<mapsTo>mm</mapsTo>
		<state>identical</state>
	</unitMap>
	<unitMap>
		<mapsFrom>mmol</mapsFrom>
		<mapsTo>mmol</mapsTo>
		<state>identical</state>
	</unitMap>
	<unitMap>
		<mapsFrom>mN</mapsFrom>
		<mapsTo>mN</mapsTo>
		<state>identical</state>
	</unitMap>
	<unitMap>
		<mapsFrom>MN</mapsFrom>
		<mapsTo>MN</mapsTo>
		<state>identical</state>
	</unitMap>
	<unitMap>
		<mapsFrom>Mohm</mapsFrom>
		<mapsTo>Mohm</mapsTo>
		<state>identical</state>
	</unitMap>
	<unitMap>
		<mapsFrom>mohm</mapsFrom>
		<mapsTo>mohm</mapsTo>
		<state>identical</state>
	</unitMap>
	<unitMap>
		<mapsFrom>mol</mapsFrom>
		<mapsTo>mol</mapsTo>
		<state>identical</state>
	</unitMap>
	<unitMap>
		<mapsFrom>mPa</mapsFrom>
		<mapsTo>mPa</mapsTo>
		<state>identical</state>
	</unitMap>
	<unitMap>
		<mapsFrom>MPa</mapsFrom>
		<mapsTo>MPa</mapsTo>
		<state>identical</state>
	</unitMap>
	<unitMap>
		<mapsFrom>Mpsi</mapsFrom>
		<mapsTo>Mpsi</mapsTo>
		<state>identical</state>
	</unitMap>
	<unitMap>
		<mapsFrom>mrad</mapsFrom>
		<mapsTo>mrad</mapsTo>
		<state>identical</state>
	</unitMap>
	<unitMap>
		<mapsFrom>Mrad</mapsFrom>
		<mapsTo>Mrad</mapsTo>
		<state>identical</state>
	</unitMap>
	<unitMap>
		<mapsFrom>mS</mapsFrom>
		<mapsTo>mS</mapsTo>
		<state>identical</state>
	</unitMap>
	<unitMap>
		<mapsFrom>ms</mapsFrom>
		<mapsTo>ms</mapsTo>
		<state>identical</state>
	</unitMap>
	<unitMap>
		<mapsFrom>mSv</mapsFrom>
		<mapsTo>mSv</mapsTo>
		<state>identical</state>
	</unitMap>
	<unitMap>
		<mapsFrom>mT</mapsFrom>
		<mapsTo>mT</mapsTo>
		<state>identical</state>
	</unitMap>
	<unitMap>
		<mapsFrom>MV</mapsFrom>
		<mapsTo>MV</mapsTo>
		<state>identical</state>
	</unitMap>
	<unitMap>
		<mapsFrom>mV</mapsFrom>
		<mapsTo>mV</mapsTo>
		<state>identical</state>
	</unitMap>
	<unitMap>
		<mapsFrom>MW</mapsFrom>
		<mapsTo>MW</mapsTo>
		<state>identical</state>
	</unitMap>
	<unitMap>
		<mapsFrom>mW</mapsFrom>
		<mapsTo>mW</mapsTo>
		<state>identical</state>
	</unitMap>
	<unitMap>
		<mapsFrom>mWb</mapsFrom>
		<mapsTo>mWb</mapsTo>
		<state>identical</state>
	</unitMap>
	<unitMap>
		<mapsFrom>N</mapsFrom>
		<mapsTo>N</mapsTo>
		<state>identical</state>
	</unitMap>
	<unitMap>
		<mapsFrom>nA</mapsFrom>
		<mapsTo>nA</mapsTo>
		<state>identical</state>
	</unitMap>
	<unitMap>
		<mapsFrom>nAPI</mapsFrom>
		<mapsTo>nAPI</mapsTo>
		<state>identical</state>
	</unitMap>
	<unitMap>
		<mapsFrom>nC</mapsFrom>
		<mapsTo>nC</mapsTo>
		<state>identical</state>
	</unitMap>
	<unitMap>
		<mapsFrom>nCi</mapsFrom>
		<mapsTo>nCi</mapsTo>
		<state>identical</state>
	</unitMap>
	<unitMap>
		<mapsFrom>nH</mapsFrom>
		<mapsTo>nH</mapsTo>
		<state>identical</state>
	</unitMap>
	<unitMap>
		<mapsFrom>nJ</mapsFrom>
		<mapsTo>nJ</mapsTo>
		<state>identical</state>
	</unitMap>
	<unitMap>
		<mapsFrom>nm</mapsFrom>
		<mapsTo>nm</mapsTo>
		<state>identical</state>
	</unitMap>
	<unitMap>
		<mapsFrom>nohm</mapsFrom>
		<mapsTo>nohm</mapsTo>
		<state>identical</state>
	</unitMap>
	<unitMap>
		<mapsFrom>ns</mapsFrom>
		<mapsTo>ns</mapsTo>
		<state>identical</state>
	</unitMap>
	<unitMap>
		<mapsFrom>nT</mapsFrom>
		<mapsTo>nT</mapsTo>
		<state>identical</state>
	</unitMap>
	<unitMap>
		<mapsFrom>nW</mapsFrom>
		<mapsTo>nW</mapsTo>
		<state>identical</state>
	</unitMap>
	<unitMap>
		<mapsFrom>ohm</mapsFrom>
		<mapsTo>ohm</mapsTo>
		<state>identical</state>
	</unitMap>
	<unitMap>
		<mapsFrom>ozf</mapsFrom>
		<mapsTo>ozf</mapsTo>
		<state>identical</state>
	</unitMap>
	<unitMap>
		<mapsFrom>ozm</mapsFrom>
		<mapsTo>ozm</mapsTo>
		<state>identical</state>
	</unitMap>
	<unitMap>
		<mapsFrom>P</mapsFrom>
		<mapsTo>P</mapsTo>
		<state>identical</state>
	</unitMap>
	<unitMap>
		<mapsFrom>pA</mapsFrom>
		<mapsTo>pA</mapsTo>
		<state>identical</state>
	</unitMap>
	<unitMap>
		<mapsFrom>Pa</mapsFrom>
		<mapsTo>Pa</mapsTo>
		<state>identical</state>
	</unitMap>
	<unitMap>
		<mapsFrom>pC</mapsFrom>
		<mapsTo>pC</mapsTo>
		<state>identical</state>
	</unitMap>
	<unitMap>
		<mapsFrom>pCi</mapsFrom>
		<mapsTo>pCi</mapsTo>
		<state>identical</state>
	</unitMap>
	<unitMap>
		<mapsFrom>pF</mapsFrom>
		<mapsTo>pF</mapsTo>
		<state>identical</state>
	</unitMap>
	<unitMap>
		<mapsFrom>pm</mapsFrom>
		<mapsTo>pm</mapsTo>
		<state>identical</state>
	</unitMap>
	<unitMap>
		<mapsFrom>pPa</mapsFrom>
		<mapsTo>pPa</mapsTo>
		<state>identical</state>
	</unitMap>
	<unitMap>
		<mapsFrom>ppdk</mapsFrom>
		<mapsTo/>
		<state>conversion</state>
		<note>Assume that the old conversion is correct and convert to a supported unit with the same base.</note>
	</unitMap>
	<unitMap>
		<mapsFrom>ppk</mapsFrom>
		<mapsTo>ppk</mapsTo>
		<state>identical</state>
	</unitMap>
	<unitMap>
		<mapsFrom>ppm</mapsFrom>
		<mapsTo>ppm</mapsTo>
		<state>identical</state>
	</unitMap>
	<unitMap>
		<mapsFrom>pS</mapsFrom>
		<mapsTo>pS</mapsTo>
		<state>identical</state>
	</unitMap>
	<unitMap>
		<mapsFrom>ps</mapsFrom>
		<mapsTo>ps</mapsTo>
		<state>identical</state>
	</unitMap>
	<unitMap>
		<mapsFrom>psi</mapsFrom>
		<mapsTo>psi</mapsTo>
		<state>identical</state>
	</unitMap>
	<unitMap>
		<mapsFrom>pu</mapsFrom>
		<mapsTo>%[vol]</mapsTo>
		<state>identical</state>
	</unitMap>
	<unitMap>
		<mapsFrom>rad</mapsFrom>
		<mapsTo>rad</mapsTo>
		<state>identical</state>
	</unitMap>
	<unitMap>
		<mapsFrom>S</mapsFrom>
		<mapsTo>S</mapsTo>
		<state>identical</state>
	</unitMap>
	<unitMap>
		<mapsFrom>s</mapsFrom>
		<mapsTo>s</mapsTo>
		<state>identical</state>
	</unitMap>
	<unitMap>
		<mapsFrom>seca</mapsFrom>
		<mapsTo>seca</mapsTo>
		<state>identical</state>
	</unitMap>
	<unitMap>
		<mapsFrom>sr</mapsFrom>
		<mapsTo>sr</mapsTo>
		<state>identical</state>
	</unitMap>
	<unitMap>
		<mapsFrom>Sv</mapsFrom>
		<mapsTo>Sv</mapsTo>
		<state>identical</state>
	</unitMap>
	<unitMap>
		<mapsFrom>t</mapsFrom>
		<mapsTo>t</mapsTo>
		<state>identical</state>
	</unitMap>
	<unitMap>
		<mapsFrom>T</mapsFrom>
		<mapsTo>T</mapsTo>
		<state>identical</state>
	</unitMap>
	<unitMap>
		<mapsFrom>TBq</mapsFrom>
		<mapsTo>TBq</mapsTo>
		<state>identical</state>
	</unitMap>
	<unitMap>
		<mapsFrom>TeV</mapsFrom>
		<mapsTo>TeV</mapsTo>
		<state>identical</state>
	</unitMap>
	<unitMap>
		<mapsFrom>TJ</mapsFrom>
		<mapsTo>TJ</mapsTo>
		<state>identical</state>
	</unitMap>
	<unitMap>
		<mapsFrom>Tohm</mapsFrom>
		<mapsTo>Tohm</mapsTo>
		<state>identical</state>
	</unitMap>
	<unitMap>
		<mapsFrom>tonUK</mapsFrom>
		<mapsTo>ton[UK]</mapsTo>
		<state>identical</state>
	</unitMap>
	<unitMap>
		<mapsFrom>tonUS</mapsFrom>
		<mapsTo>ton[US]</mapsTo>
		<state>identical</state>
	</unitMap>
	<unitMap>
		<mapsFrom>TW</mapsFrom>
		<mapsTo>TW</mapsTo>
		<state>identical</state>
	</unitMap>
	<unitMap>
		<mapsFrom>uA</mapsFrom>
		<mapsTo>uA</mapsTo>
		<state>identical</state>
	</unitMap>
	<unitMap>
		<mapsFrom>ubar</mapsFrom>
		<mapsTo>ubar</mapsTo>
		<state>identical</state>
	</unitMap>
	<unitMap>
		<mapsFrom>uC</mapsFrom>
		<mapsTo>uC</mapsTo>
		<state>identical</state>
	</unitMap>
	<unitMap>
		<mapsFrom>uCi</mapsFrom>
		<mapsTo>uCi</mapsTo>
		<state>identical</state>
	</unitMap>
	<unitMap>
		<mapsFrom>uF</mapsFrom>
		<mapsTo>uF</mapsTo>
		<state>identical</state>
	</unitMap>
	<unitMap>
		<mapsFrom>ug</mapsFrom>
		<mapsTo>ug</mapsTo>
		<state>identical</state>
	</unitMap>
	<unitMap>
		<mapsFrom>uH</mapsFrom>
		<mapsTo>uH</mapsTo>
		<state>identical</state>
	</unitMap>
	<unitMap>
		<mapsFrom>uHz</mapsFrom>
		<mapsTo>uHz</mapsTo>
		<state>identical</state>
	</unitMap>
	<unitMap>
		<mapsFrom>uJ</mapsFrom>
		<mapsTo>uJ</mapsTo>
		<state>identical</state>
	</unitMap>
	<unitMap>
		<mapsFrom>um</mapsFrom>
		<mapsTo>um</mapsTo>
		<state>identical</state>
	</unitMap>
	<unitMap>
		<mapsFrom>umol</mapsFrom>
		<mapsTo>umol</mapsTo>
		<state>identical</state>
	</unitMap>
	<unitMap>
		<mapsFrom>uN</mapsFrom>
		<mapsTo>uN</mapsTo>
		<state>identical</state>
	</unitMap>
	<unitMap>
		<mapsFrom>uohm</mapsFrom>
		<mapsTo>uohm</mapsTo>
		<state>identical</state>
	</unitMap>
	<unitMap>
		<mapsFrom>uPa</mapsFrom>
		<mapsTo>uPa</mapsTo>
		<state>identical</state>
	</unitMap>
	<unitMap>
		<mapsFrom>upsi</mapsFrom>
		<mapsTo>upsi</mapsTo>
		<state>identical</state>
	</unitMap>
	<unitMap>
		<mapsFrom>urad</mapsFrom>
		<mapsTo>urad</mapsTo>
		<state>identical</state>
	</unitMap>
	<unitMap>
		<mapsFrom>uS</mapsFrom>
		<mapsTo>uS</mapsTo>
		<state>identical</state>
	</unitMap>
	<unitMap>
		<mapsFrom>us</mapsFrom>
		<mapsTo>us</mapsTo>
		<state>identical</state>
	</unitMap>
	<unitMap>
		<mapsFrom>uT</mapsFrom>
		<mapsTo>uT</mapsTo>
		<state>identical</state>
	</unitMap>
	<unitMap>
		<mapsFrom>uV</mapsFrom>
		<mapsTo>uV</mapsTo>
		<state>identical</state>
	</unitMap>
	<unitMap>
		<mapsFrom>uW</mapsFrom>
		<mapsTo>uW</mapsTo>
		<state>identical</state>
	</unitMap>
	<unitMap>
		<mapsFrom>uWb</mapsFrom>
		<mapsTo>uWb</mapsTo>
		<state>identical</state>
	</unitMap>
	<unitMap>
		<mapsFrom>V</mapsFrom>
		<mapsTo>V</mapsTo>
		<state>identical</state>
	</unitMap>
	<unitMap>
		<mapsFrom>W</mapsFrom>
		<mapsTo>W</mapsTo>
		<state>identical</state>
	</unitMap>
	<unitMap>
		<mapsFrom>Wb</mapsFrom>
		<mapsTo>Wb</mapsTo>
		<state>identical</state>
	</unitMap>
	<unitMap>
		<mapsFrom>D</mapsFrom>
		<mapsTo>D</mapsTo>
		<state>precision</state>
	</unitMap>
	<unitMap>
		<mapsFrom>dega</mapsFrom>
		<mapsTo>dega</mapsTo>
		<state>precision</state>
	</unitMap>
	<unitMap>
		<mapsFrom>eV</mapsFrom>
		<mapsTo>eV</mapsTo>
		<state>precision</state>
	</unitMap>
	<unitMap>
		<mapsFrom>ftCla</mapsFrom>
		<mapsTo>ft[Cla]</mapsTo>
		<state>precision</state>
	</unitMap>
	<unitMap>
		<mapsFrom>Oe</mapsFrom>
		<mapsTo>Oe</mapsTo>
		<state>precision</state>
	</unitMap>
	<unitMap>
		<mapsFrom>cu</mapsFrom>
		<mapsTo>cu</mapsTo>
		<state>identical</state>
	</unitMap>
	<unitMap>
		<mapsFrom>ftAM</mapsFrom>
		<mapsTo/>
		<state>conversion</state>
		<note>Assume that the old conversion is correct and convert to a supported unit with the same base.</note>
	</unitMap>
</unitMappingSet>