<?xml version="1.0" encoding="UTF-8"?>
<!--Sample XML file generated by XMLSpy v2013 sp1 (x64) (http://www.altova.com)-->
<witsml:DepthRegImage objectVersion="a" schemaVersion="a" uuid="00000000-0000-0000-0000-000000000000" existenceKind="planned" uid="a" xsi:schemaLocation="http://www.energistics.org/energyml/data/witsmlv2 ../xsd_schemas/DepthRegImage.xsd" xmlns:eml="http://www.energistics.org/energyml/data/commonv2" xmlns:witsml="http://www.energistics.org/energyml/data/witsmlv2" xmlns:xsi="http://www.w3.org/2001/XMLSchema-instance">
	<eml:Aliases authority="a">
		<eml:Identifier>a</eml:Identifier>
		<eml:Description>a</eml:Description>
	</eml:Aliases>
	<eml:Citation>
		<eml:Title>a</eml:Title>
		<eml:Originator>a</eml:Originator>
		<eml:Creation>2001-12-17T09:30:47Z</eml:Creation>
		<eml:Format>a</eml:Format>
		<eml:Editor>a</eml:Editor>
		<eml:LastUpdate>2001-12-17T09:30:47Z</eml:LastUpdate>
		<eml:VersionString>a</eml:VersionString>
		<eml:Description>a</eml:Description>
		<eml:DescriptiveKeywords>a</eml:DescriptiveKeywords>
	</eml:Citation>
	<eml:CustomData/>
	<eml:ExtensionNameValue>
		<eml:Name>a</eml:Name>
		<eml:Value uom="kgf/kgf">a</eml:Value>
		<eml:MeasureClass>momentum</eml:MeasureClass>
		<eml:DTim> T +</eml:DTim>
		<eml:Index>0</eml:Index>
		<eml:Description>a</eml:Description>
	</eml:ExtensionNameValue>
	<witsml:FileNameType>universal resource locator</witsml:FileNameType>
	<witsml:Mimetype>other</witsml:Mimetype>
	<witsml:FileName>a</witsml:FileName>
	<witsml:FileSize uom="bit">3.14</witsml:FileSize>
	<witsml:Checksum>SHA1</witsml:Checksum>
	<witsml:ImagePixelWidth>0</witsml:ImagePixelWidth>
	<witsml:ImagePixelHeight>0</witsml:ImagePixelHeight>
	<witsml:Version>a</witsml:Version>
	<witsml:ImageBoundary uid="a">
		<witsml:ExtensionNameValue>
			<eml:Name>a</eml:Name>
			<eml:Value uom="bbl/(d.ft)">a</eml:Value>
			<eml:MeasureClass>solid angle</eml:MeasureClass>
			<eml:DTim> T +</eml:DTim>
			<eml:Index>0</eml:Index>
			<eml:Description>a</eml:Description>
		</witsml:ExtensionNameValue>
		<witsml:Ul>
			<witsml:X>0</witsml:X>
			<witsml:Y>0</witsml:Y>
		</witsml:Ul>
		<witsml:Ur>
			<witsml:X>0</witsml:X>
			<witsml:Y>0</witsml:Y>
		</witsml:Ur>
		<witsml:Ll>
			<witsml:X>0</witsml:X>
			<witsml:Y>0</witsml:Y>
		</witsml:Ll>
		<witsml:Lr>
			<witsml:X>0</witsml:X>
			<witsml:Y>0</witsml:Y>
		</witsml:Lr>
	</witsml:ImageBoundary>
	<witsml:HeaderSection uid="a">
		<witsml:Type>alternate</witsml:Type>
		<witsml:Name>a</witsml:Name>
		<witsml:ExtensionNameValue>
			<eml:Name>a</eml:Name>
			<eml:Value uom="C/mm3">a</eml:Value>
			<eml:MeasureClass>area per time</eml:MeasureClass>
			<eml:DTim> T +</eml:DTim>
			<eml:Index>0</eml:Index>
			<eml:Description>a</eml:Description>
		</witsml:ExtensionNameValue>
		<witsml:Position uid="a">
			<witsml:ExtensionNameValue>
				<eml:Name>a</eml:Name>
				<eml:Value uom="inH2O[39degF]">a</eml:Value>
				<eml:MeasureClass>reciprocal area</eml:MeasureClass>
				<eml:DTim> T +</eml:DTim>
				<eml:Index>0</eml:Index>
				<eml:Description>a</eml:Description>
			</witsml:ExtensionNameValue>
			<witsml:Ul>
				<witsml:X>0</witsml:X>
				<witsml:Y>0</witsml:Y>
			</witsml:Ul>
			<witsml:Ur>
				<witsml:X>0</witsml:X>
				<witsml:Y>0</witsml:Y>
			</witsml:Ur>
			<witsml:Ll>
				<witsml:X>0</witsml:X>
				<witsml:Y>0</witsml:Y>
			</witsml:Ll>
			<witsml:Lr>
				<witsml:X>0</witsml:X>
				<witsml:Y>0</witsml:Y>
			</witsml:Lr>
		</witsml:Position>
	</witsml:HeaderSection>
	<witsml:LogSection uid="a">
		<witsml:LogSectionSequenceNumber>0</witsml:LogSectionSequenceNumber>
		<witsml:LogSectionType>tie in</witsml:LogSectionType>
		<witsml:LogSectionName>a</witsml:LogSectionName>
		<witsml:LogMatrix>a</witsml:LogMatrix>
		<witsml:ScaleNumerator uom="ft[Cla]">3.14</witsml:ScaleNumerator>
		<witsml:ScaleDenominator uom="a">3.14</witsml:ScaleDenominator>
		<witsml:IndexType>vertical depth</witsml:IndexType>
		<witsml:IndexUom>a</witsml:IndexUom>
		<witsml:IndexReference>mean sea level</witsml:IndexReference>
		<witsml:Log>
			<eml:ContentType>a</eml:ContentType>
			<eml:Title>a</eml:Title>
			<eml:Uuid>00000000-0000-0000-0000-000000000000</eml:Uuid>
			<eml:UuidAuthority>a</eml:UuidAuthority>
			<eml:Uri>http://www.altova.com</eml:Uri>
			<eml:VersionString>a</eml:VersionString>
		</witsml:Log>
		<witsml:MinInterval uom="a">3.14</witsml:MinInterval>
		<witsml:MaxInterval uom="a">3.14</witsml:MaxInterval>
		<witsml:VerticalLabel>a</witsml:VerticalLabel>
		<witsml:VerticalRatio>a</witsml:VerticalRatio>
		<witsml:Comment>a</witsml:Comment>
		<witsml:ExtensionNameValue>
			<eml:Name>a</eml:Name>
			<eml:Value uom="mm/(mm.K)">a</eml:Value>
			<eml:MeasureClass>energy per area</eml:MeasureClass>
			<eml:DTim> T +</eml:DTim>
			<eml:Index>0</eml:Index>
			<eml:Description>a</eml:Description>
		</witsml:ExtensionNameValue>
		<witsml:UpperCurveScaleRect uid="a">
			<witsml:ExtensionNameValue>
				<eml:Name>a</eml:Name>
				<eml:Value uom="Btu[IT]/(s.ft3.degF)">a</eml:Value>
				<eml:MeasureClass>reciprocal mass time</eml:MeasureClass>
				<eml:DTim> T +</eml:DTim>
				<eml:Index>0</eml:Index>
				<eml:Description>a</eml:Description>
			</witsml:ExtensionNameValue>
			<witsml:Ul>
				<witsml:X>0</witsml:X>
				<witsml:Y>0</witsml:Y>
			</witsml:Ul>
			<witsml:Ur>
				<witsml:X>0</witsml:X>
				<witsml:Y>0</witsml:Y>
			</witsml:Ur>
			<witsml:Ll>
				<witsml:X>0</witsml:X>
				<witsml:Y>0</witsml:Y>
			</witsml:Ll>
			<witsml:Lr>
				<witsml:X>0</witsml:X>
				<witsml:Y>0</witsml:Y>
			</witsml:Lr>
		</witsml:UpperCurveScaleRect>
		<witsml:CalibrationPoint uid="a">
			<witsml:Index uom="a">3.14</witsml:Index>
			<witsml:Track>a</witsml:Track>
			<witsml:Role>other</witsml:Role>
			<witsml:CurveName>a</witsml:CurveName>
			<witsml:Fraction uom="dEuc">3.14</witsml:Fraction>
			<witsml:Comment>a</witsml:Comment>
			<witsml:ExtensionNameValue>
				<eml:Name>a</eml:Name>
				<eml:Value uom="kC">a</eml:Value>
				<eml:MeasureClass>magnetic field strength</eml:MeasureClass>
				<eml:DTim> T +</eml:DTim>
				<eml:Index>0</eml:Index>
				<eml:Description>a</eml:Description>
			</witsml:ExtensionNameValue>
			<witsml:Parameter uid="a">
				<witsml:Mnemonic>a</witsml:Mnemonic>
				<witsml:Dictionary>a</witsml:Dictionary>
				<witsml:TopIndex uom="a">3.14</witsml:TopIndex>
				<witsml:BottomIndex uom="a">3.14</witsml:BottomIndex>
				<witsml:Value uom="a">3.14</witsml:Value>
				<witsml:Description>a</witsml:Description>
				<witsml:ExtensionNameValue>
					<eml:Name>a</eml:Name>
					<eml:Value uom="Sv/h">a</eml:Value>
					<eml:MeasureClass>time</eml:MeasureClass>
					<eml:DTim> T +</eml:DTim>
					<eml:Index>0</eml:Index>
					<eml:Description>a</eml:Description>
				</witsml:ExtensionNameValue>
			</witsml:Parameter>
			<witsml:Point>
				<witsml:X>0</witsml:X>
				<witsml:Y>0</witsml:Y>
			</witsml:Point>
		</witsml:CalibrationPoint>
		<witsml:WhiteSpace uid="a">
			<witsml:ExtensionNameValue>
				<eml:Name>a</eml:Name>
				<eml:Value uom="pdl.ft">a</eml:Value>
				<eml:MeasureClass>mass</eml:MeasureClass>
				<eml:DTim> T +</eml:DTim>
				<eml:Index>0</eml:Index>
				<eml:Description>a</eml:Description>
			</witsml:ExtensionNameValue>
			<witsml:Ul>
				<witsml:X>0</witsml:X>
				<witsml:Y>0</witsml:Y>
			</witsml:Ul>
			<witsml:Ur>
				<witsml:X>0</witsml:X>
				<witsml:Y>0</witsml:Y>
			</witsml:Ur>
			<witsml:Ll>
				<witsml:X>0</witsml:X>
				<witsml:Y>0</witsml:Y>
			</witsml:Ll>
			<witsml:Lr>
				<witsml:X>0</witsml:X>
				<witsml:Y>0</witsml:Y>
			</witsml:Lr>
		</witsml:WhiteSpace>
		<witsml:LowerCurveScaleRect uid="a">
			<witsml:ExtensionNameValue>
				<eml:Name>a</eml:Name>
				<eml:Value uom="W/(m3.K)">a</eml:Value>
				<eml:MeasureClass>reciprocal time</eml:MeasureClass>
				<eml:DTim> T +</eml:DTim>
				<eml:Index>0</eml:Index>
				<eml:Description>a</eml:Description>
			</witsml:ExtensionNameValue>
			<witsml:Ul>
				<witsml:X>0</witsml:X>
				<witsml:Y>0</witsml:Y>
			</witsml:Ul>
			<witsml:Ur>
				<witsml:X>0</witsml:X>
				<witsml:Y>0</witsml:Y>
			</witsml:Ur>
			<witsml:Ll>
				<witsml:X>0</witsml:X>
				<witsml:Y>0</witsml:Y>
			</witsml:Ll>
			<witsml:Lr>
				<witsml:X>0</witsml:X>
				<witsml:Y>0</witsml:Y>
			</witsml:Lr>
		</witsml:LowerCurveScaleRect>
		<witsml:LogSectionRect uid="a">
			<witsml:ExtensionNameValue>
				<eml:Name>a</eml:Name>
				<eml:Value uom="J/mol">a</eml:Value>
				<eml:MeasureClass>time</eml:MeasureClass>
				<eml:DTim> T +</eml:DTim>
				<eml:Index>0</eml:Index>
				<eml:Description>a</eml:Description>
			</witsml:ExtensionNameValue>
			<witsml:Ul>
				<witsml:X>0</witsml:X>
				<witsml:Y>0</witsml:Y>
			</witsml:Ul>
			<witsml:Ur>
				<witsml:X>0</witsml:X>
				<witsml:Y>0</witsml:Y>
			</witsml:Ur>
			<witsml:Ll>
				<witsml:X>0</witsml:X>
				<witsml:Y>0</witsml:Y>
			</witsml:Ll>
			<witsml:Lr>
				<witsml:X>0</witsml:X>
				<witsml:Y>0</witsml:Y>
			</witsml:Lr>
		</witsml:LogSectionRect>
		<witsml:Parameter uid="a">
			<witsml:Mnemonic>a</witsml:Mnemonic>
			<witsml:Dictionary>a</witsml:Dictionary>
			<witsml:TopIndex uom="a">3.14</witsml:TopIndex>
			<witsml:BottomIndex uom="a">3.14</witsml:BottomIndex>
			<witsml:Value uom="a">3.14</witsml:Value>
			<witsml:Description>a</witsml:Description>
			<witsml:ExtensionNameValue>
				<eml:Name>a</eml:Name>
				<eml:Value uom="cS">a</eml:Value>
				<eml:MeasureClass>heat transfer coefficient</eml:MeasureClass>
				<eml:DTim> T +</eml:DTim>
				<eml:Index>0</eml:Index>
				<eml:Description>a</eml:Description>
			</witsml:ExtensionNameValue>
		</witsml:Parameter>
		<witsml:Track uid="a">
			<witsml:Name>a</witsml:Name>
			<witsml:Type>data</witsml:Type>
			<witsml:LeftEdge>0</witsml:LeftEdge>
			<witsml:RightEdge>0</witsml:RightEdge>
			<witsml:TrackCurveScaleRect uid="a">
				<witsml:ExtensionNameValue>
					<eml:Name>a</eml:Name>
					<eml:Value uom="0.01 lbm/ft2">a</eml:Value>
					<eml:MeasureClass>luminous efficacy</eml:MeasureClass>
					<eml:DTim> T +</eml:DTim>
					<eml:Index>0</eml:Index>
					<eml:Description>a</eml:Description>
				</witsml:ExtensionNameValue>
				<witsml:Ul>
					<witsml:X>0</witsml:X>
					<witsml:Y>0</witsml:Y>
				</witsml:Ul>
				<witsml:Ur>
					<witsml:X>0</witsml:X>
					<witsml:Y>0</witsml:Y>
				</witsml:Ur>
				<witsml:Ll>
					<witsml:X>0</witsml:X>
					<witsml:Y>0</witsml:Y>
				</witsml:Ll>
				<witsml:Lr>
					<witsml:X>0</witsml:X>
					<witsml:Y>0</witsml:Y>
				</witsml:Lr>
			</witsml:TrackCurveScaleRect>
			<witsml:ExtensionNameValue>
				<eml:Name>a</eml:Name>
				<eml:Value uom="psi/m">a</eml:Value>
				<eml:MeasureClass>plane angle</eml:MeasureClass>
				<eml:DTim> T +</eml:DTim>
				<eml:Index>0</eml:Index>
				<eml:Description>a</eml:Description>
			</witsml:ExtensionNameValue>
			<witsml:AssociatedCurve uid="a">
				<witsml:CurveInfo>a</witsml:CurveInfo>
				<witsml:LineStyle>long dashed</witsml:LineStyle>
				<witsml:LineWeight>a</witsml:LineWeight>
				<witsml:LineColor>a</witsml:LineColor>
				<witsml:CurveScaleType>linear</witsml:CurveScaleType>
				<witsml:CurveUnit>a</witsml:CurveUnit>
				<witsml:CurveLeftScaleValue>3.14</witsml:CurveLeftScaleValue>
				<witsml:CurveRightScaleValue>3.14</witsml:CurveRightScaleValue>
				<witsml:CurveBackupScaleType>x10</witsml:CurveBackupScaleType>
				<witsml:CurveScaleRect uid="a">
					<witsml:ExtensionNameValue>
						<eml:Name>a</eml:Name>
						<eml:Value uom="therm[EC]">a</eml:Value>
						<eml:MeasureClass>electric current</eml:MeasureClass>
						<eml:DTim> T +</eml:DTim>
						<eml:Index>0</eml:Index>
						<eml:Description>a</eml:Description>
					</witsml:ExtensionNameValue>
					<witsml:Ul>
						<witsml:X>0</witsml:X>
						<witsml:Y>0</witsml:Y>
					</witsml:Ul>
					<witsml:Ur>
						<witsml:X>0</witsml:X>
						<witsml:Y>0</witsml:Y>
					</witsml:Ur>
					<witsml:Ll>
						<witsml:X>0</witsml:X>
						<witsml:Y>0</witsml:Y>
					</witsml:Ll>
					<witsml:Lr>
						<witsml:X>0</witsml:X>
						<witsml:Y>0</witsml:Y>
					</witsml:Lr>
				</witsml:CurveScaleRect>
				<witsml:Description>a</witsml:Description>
			</witsml:AssociatedCurve>
		</witsml:Track>
	</witsml:LogSection>
	<witsml:AlternateSection uid="a">
		<witsml:Type>alternate</witsml:Type>
		<witsml:Name>a</witsml:Name>
		<witsml:ExtensionNameValue>
			<eml:Name>a</eml:Name>
			<eml:Value uom="ft3/lbm">a</eml:Value>
			<eml:MeasureClass>reluctance</eml:MeasureClass>
			<eml:DTim> T +</eml:DTim>
			<eml:Index>0</eml:Index>
			<eml:Description>a</eml:Description>
		</witsml:ExtensionNameValue>
		<witsml:Position uid="a">
			<witsml:ExtensionNameValue>
				<eml:Name>a</eml:Name>
				<eml:Value uom="kg.m/cm2">a</eml:Value>
				<eml:MeasureClass>mass per time per area</eml:MeasureClass>
				<eml:DTim> T +</eml:DTim>
				<eml:Index>0</eml:Index>
				<eml:Description>a</eml:Description>
			</witsml:ExtensionNameValue>
			<witsml:Ul>
				<witsml:X>0</witsml:X>
				<witsml:Y>0</witsml:Y>
			</witsml:Ul>
			<witsml:Ur>
				<witsml:X>0</witsml:X>
				<witsml:Y>0</witsml:Y>
			</witsml:Ur>
			<witsml:Ll>
				<witsml:X>0</witsml:X>
				<witsml:Y>0</witsml:Y>
			</witsml:Ll>
			<witsml:Lr>
				<witsml:X>0</witsml:X>
				<witsml:Y>0</witsml:Y>
			</witsml:Lr>
		</witsml:Position>
	</witsml:AlternateSection>
	<witsml:Wellbore>
		<eml:ContentType>a</eml:ContentType>
		<eml:Title>a</eml:Title>
		<eml:Uuid>00000000-0000-0000-0000-000000000000</eml:Uuid>
		<eml:UuidAuthority>a</eml:UuidAuthority>
		<eml:Uri>http://www.altova.com</eml:Uri>
		<eml:VersionString>a</eml:VersionString>
	</witsml:Wellbore>
</witsml:DepthRegImage>
