<?xml version="1.0" encoding="UTF-8"?>
<DownholeComponent xmlns="http://www.energistics.org/energyml/data/witsmlv2"
                   xmlns:eml="http://www.energistics.org/energyml/data/commonv2"
                   xmlns:gco="http://www.isotc211.org/2005/gco"
                   xmlns:gmd="http://www.isotc211.org/2005/gmd"
                   xmlns:gsr="http://www.isotc211.org/2005/gsr"
                   xmlns:gts="http://www.isotc211.org/2005/gts"
                   xmlns:gml="http://www.opengis.net/gml/3.2"
                   xmlns:xlink="http://www.w3.org/1999/xlink"
                   xmlns:xsi="http://www.w3.org/2001/XMLSchema-instance"
                   xsi:schemaLocation="http://www.energistics.org/energyml/data/witsmlv2 ../xsd_schemas/DownholeComponent.xsd"
                   schemaVersion="2.0"
                   uuid="00000000-0000-0000-0000-000000000000">
   <eml:Aliases authority="1.4.1.1">
      <eml:Identifier>VGASAU029downholecomp_Job1VGASAU029</eml:Identifier>
   </eml:Aliases>
   <eml:Citation>
      <eml:Title>downholecomp_Job1</eml:Title>
      <eml:Originator>1411_input</eml:Originator>
      <eml:Creation>2018-01-23T08:17:58.131-06:00</eml:Creation>
      <eml:Format>Mapforce</eml:Format>
   </eml:Citation>
   <DownholeStringSet>
      <DownholeString uid="surfacecasing_1">
         <StringType>casing</StringType>
         <Name>surfacecasing_1</Name>
         <Accessories>
            <Accessory uid="cement_1" equipmentReferenceUid="cementbehind_surfacecasing_1">
               <EquipmentType>cement (behind casing)</EquipmentType>
               <Name>cementbehind_surfacecasing_1</Name>
               <EquipmentEventHistory>
                  <BeginEvent>
                     <EventReferenceId>E09</EventReferenceId>
                     <EventDate>1990-11-12T14:00:00Z</EventDate>
                  </BeginEvent>
               </EquipmentEventHistory>
               <Count>1</Count>
               <Length uom="ft">438</Length>
               <MdInterval datum="unknown">
                  <eml:MdTop uom="ft">12</eml:MdTop>
                  <eml:MdBase uom="ft">450</eml:MdBase>
               </MdInterval>
               <TvdInterval datum="unknown">
                  <eml:TvdTop uom="ft">12</eml:TvdTop>
                  <eml:TvdBase uom="ft">450</eml:TvdBase>
               </TvdInterval>
            </Accessory>
         </Accessories>
         <StringEquipmentSet>
            <StringEquipment uid="surfacecasingString_1"
                             equipmentReferenceUid="surfacecasing_casingliner_1">
               <EquipmentType>casing/casing liner</EquipmentType>
               <Name>K-55 18.625 OD/ 96.50# Round Long 17.655 ID 17.468 Drift</Name>
               <EquipmentEventHistory>
                  <BeginEvent>
                     <EventReferenceId>E07</EventReferenceId>
                     <EventDate>1990-11-11T11:00:00Z</EventDate>
                  </BeginEvent>
                  <EndEvent>
                     <EventReferenceId>E08</EventReferenceId>
                     <EventDate>1990-11-12T18:00:00Z</EventDate>
                  </EndEvent>
               </EquipmentEventHistory>
               <Count>15</Count>
               <Length uom="ft">437</Length>
               <MdInterval datum="unknown">
                  <eml:MdTop uom="ft">12</eml:MdTop>
                  <eml:MdBase uom="ft">449</eml:MdBase>
               </MdInterval>
               <TvdInterval datum="unknown">
                  <eml:TvdTop uom="ft">12</eml:TvdTop>
                  <eml:TvdBase uom="ft">449</eml:TvdBase>
               </TvdInterval>
               <ConnectionNext uid="surfacecasingCon_1"
                               stringEquipmentReferenceUid="stringEquipmentReference Uid">
                  <TypeThread>8RD</TypeThread>
                  <SizeThread uom="in">18.625</SizeThread>
                  <Position>top</Position>
                  <ConnectionForm>pin</ConnectionForm>
                  <ConnectionUpset>NUE</ConnectionUpset>
               </ConnectionNext>
               <ConnectionNext uid="surfacecasingCon_2"
                               stringEquipmentReferenceUid="stringEquipmentReference Uid">
                  <TypeThread>8RD</TypeThread>
                  <SizeThread uom="in">18.625</SizeThread>
                  <Position>bottom</Position>
                  <ConnectionForm>pin</ConnectionForm>
                  <ConnectionUpset>EUE</ConnectionUpset>
               </ConnectionNext>
            </StringEquipment>
            <StringEquipment uid="surfacecasingString_2" equipmentReferenceUid="surfacecasingshoe_1">
               <EquipmentType>casing shoe</EquipmentType>
               <Name>Casing Shoe (18.625 OD Casing)</Name>
               <EquipmentEventHistory>
                  <BeginEvent>
                     <EventReferenceId>E08</EventReferenceId>
                     <EventDate>1990-11-12T14:00:00Z</EventDate>
                  </BeginEvent>
               </EquipmentEventHistory>
               <Count>1</Count>
               <Length uom="ft">1</Length>
               <MdInterval datum="unknown">
                  <eml:MdTop uom="ft">449</eml:MdTop>
                  <eml:MdBase uom="ft">450</eml:MdBase>
               </MdInterval>
               <TvdInterval datum="unknown">
                  <eml:TvdTop uom="ft">449</eml:TvdTop>
                  <eml:TvdBase uom="ft">450</eml:TvdBase>
               </TvdInterval>
               <ConnectionNext uid="surfacecasingshoeCon_1"
                               stringEquipmentReferenceUid="stringEquipmentReference Uid">
                  <TypeThread>8RD</TypeThread>
                  <SizeThread uom="in">18.625</SizeThread>
                  <Position>top</Position>
                  <ConnectionForm>pin</ConnectionForm>
                  <ConnectionUpset>NUE</ConnectionUpset>
               </ConnectionNext>
            </StringEquipment>
         </StringEquipmentSet>
         <ReferenceWellbore>
            <eml:ContentType>obj_wellbore</eml:ContentType>
            <eml:Title>ReferenceWellboreTitle</eml:Title>
            <eml:Uuid>00000000-0000-0000-0000-000000000000</eml:Uuid>
         </ReferenceWellbore>
      </DownholeString>
      <DownholeString uid="intermediatecasing_1">
         <StringType>casing</StringType>
         <SubStringType>intermediate casing</SubStringType>
         <Name>intermediatecasing_1</Name>
         <Accessories>
            <Accessory uid="intercaseAssory_1"
                       equipmentReferenceUid="cementbehind_intercasing_1">
               <EquipmentType>cement (behind casing)</EquipmentType>
               <Name>cementbehind_intercasing_1</Name>
               <EquipmentEventHistory>
                  <BeginEvent>
                     <EventReferenceId>E13</EventReferenceId>
                     <EventDate>1990-11-15T14:00:00Z</EventDate>
                  </BeginEvent>
               </EquipmentEventHistory>
               <Count>1</Count>
               <Length uom="ft">1238</Length>
               <MdInterval datum="unknown">
                  <eml:MdTop uom="ft">12</eml:MdTop>
                  <eml:MdBase uom="ft">1250</eml:MdBase>
               </MdInterval>
               <TvdInterval datum="unknown">
                  <eml:TvdTop uom="ft">12</eml:TvdTop>
                  <eml:TvdBase uom="ft">1250</eml:TvdBase>
               </TvdInterval>
            </Accessory>
         </Accessories>
         <StringEquipmentSet>
            <StringEquipment uid="intercasing_1" equipmentReferenceUid="intercasing_casingliner_!">
               <EquipmentType>casing/casing liner</EquipmentType>
               <Name>Casing/Casing Liner OD 11.750</Name>
               <EquipmentEventHistory>
                  <BeginEvent>
                     <EventReferenceId>E12</EventReferenceId>
                     <EventDate>1990-11-14T08:00:00Z</EventDate>
                  </BeginEvent>
                  <EndEvent/>
               </EquipmentEventHistory>
               <Count>42</Count>
               <Length uom="ft">1236</Length>
               <MdInterval datum="unknown">
                  <eml:MdTop uom="ft">13</eml:MdTop>
                  <eml:MdBase uom="ft">1249</eml:MdBase>
               </MdInterval>
               <TvdInterval datum="unknown">
                  <eml:TvdTop uom="ft">13</eml:TvdTop>
                  <eml:TvdBase uom="ft">1249</eml:TvdBase>
               </TvdInterval>
               <ConnectionNext uid="intercasingCon_1"
                               stringEquipmentReferenceUid="stringEquipmentReference Uid">
                  <TypeThread>8RD</TypeThread>
                  <SizeThread uom="in">11.75</SizeThread>
                  <Position>top</Position>
                  <ConnectionForm>pin</ConnectionForm>
                  <ConnectionUpset>NUE</ConnectionUpset>
               </ConnectionNext>
               <ConnectionNext uid="intercasingCon_2"
                               stringEquipmentReferenceUid="stringEquipmentReference Uid">
                  <TypeThread>8RD</TypeThread>
                  <SizeThread uom="in">11.75</SizeThread>
                  <Position>bottom</Position>
                  <ConnectionForm>pin</ConnectionForm>
                  <ConnectionUpset>NUE</ConnectionUpset>
               </ConnectionNext>
            </StringEquipment>
            <StringEquipment uid="intercasing_2" equipmentReferenceUid="intercasingshoe_1">
               <EquipmentType>casing shoe</EquipmentType>
               <Name>Casing Shoe (11.750 OD Casing)</Name>
               <EquipmentEventHistory>
                  <BeginEvent>
                     <EventReferenceId>E12</EventReferenceId>
                     <EventDate>1990-11-14T08:00:00Z</EventDate>
                  </BeginEvent>
               </EquipmentEventHistory>
               <Count>1</Count>
               <Length uom="ft">1</Length>
               <MdInterval datum="unknown">
                  <eml:MdTop uom="ft">1249</eml:MdTop>
                  <eml:MdBase uom="ft">1250</eml:MdBase>
               </MdInterval>
               <TvdInterval datum="unknown">
                  <eml:TvdTop uom="ft">1249</eml:TvdTop>
                  <eml:TvdBase uom="ft">1250</eml:TvdBase>
               </TvdInterval>
               <ConnectionNext uid="intercasingCon_2"
                               stringEquipmentReferenceUid="stringEquipmentReference Uid">
                  <TypeThread>8RD</TypeThread>
                  <SizeThread uom="in">11.75</SizeThread>
                  <Position>top</Position>
                  <ConnectionForm>pin</ConnectionForm>
                  <ConnectionUpset>NUE</ConnectionUpset>
               </ConnectionNext>
            </StringEquipment>
         </StringEquipmentSet>
         <ReferenceWellbore>
            <eml:ContentType>obj_wellbore</eml:ContentType>
            <eml:Title>ReferenceWellboreTitle</eml:Title>
            <eml:Uuid>00000000-0000-0000-0000-000000000000</eml:Uuid>
         </ReferenceWellbore>
      </DownholeString>
      <DownholeString uid="productioncasing_1">
         <StringType>casing</StringType>
         <SubStringType>production casing</SubStringType>
         <Name>productioncasing</Name>
         <Accessories>
            <Accessory uid="bridgePlug_1" equipmentReferenceUid="bridgePlug_1">
               <EquipmentType>bridge plug</EquipmentType>
               <Name>bridgeplug_1</Name>
               <EquipmentEventHistory>
                  <BeginEvent>
                     <EventReferenceId>E14</EventReferenceId>
                     <EventDate>1990-11-16T08:00:00Z</EventDate>
                  </BeginEvent>
                  <EndEvent>
                     <EventReferenceId>E16</EventReferenceId>
                     <EventDate>1990-11-16T18:00:00Z</EventDate>
                  </EndEvent>
               </EquipmentEventHistory>
               <Count>1</Count>
               <Length uom="ft">438</Length>
               <MdInterval datum="unknown">
                  <eml:MdTop uom="ft">1238</eml:MdTop>
                  <eml:MdBase uom="ft">1242</eml:MdBase>
               </MdInterval>
               <TvdInterval datum="unknown">
                  <eml:TvdTop uom="ft">1238</eml:TvdTop>
                  <eml:TvdBase uom="ft">1242</eml:TvdBase>
               </TvdInterval>
            </Accessory>
            <Accessory uid="prodAccessory_1" equipmentReferenceUid="cementbehind_prod_1">
               <EquipmentType>cement (behind casing)</EquipmentType>
               <Name>cementbehind_prod_1</Name>
               <EquipmentEventHistory>
                  <BeginEvent>
                     <EventReferenceId>E19</EventReferenceId>
                     <EventDate>1990-11-18T08:00:00Z</EventDate>
                  </BeginEvent>
                  <EndEvent/>
               </EquipmentEventHistory>
               <Count>1</Count>
               <Length uom="ft">4788</Length>
               <MdInterval datum="unknown">
                  <eml:MdTop uom="ft">12</eml:MdTop>
                  <eml:MdBase uom="ft">4800</eml:MdBase>
               </MdInterval>
               <TvdInterval datum="unknown">
                  <eml:TvdTop uom="ft">12</eml:TvdTop>
                  <eml:TvdBase uom="ft">4800</eml:TvdBase>
               </TvdInterval>
            </Accessory>
            <Accessory uid="packer_2" equipmentReferenceUid="packer_2">
               <EquipmentType>packer</EquipmentType>
               <Name>packer_2</Name>
               <EquipmentEventHistory>
                  <BeginEvent>
                     <EventReferenceId>E26</EventReferenceId>
                     <EventDate>1990-11-21T08:00:00Z</EventDate>
                  </BeginEvent>
                  <EndEvent/>
               </EquipmentEventHistory>
               <Count>1</Count>
               <Length uom="in">1</Length>
               <MdInterval datum="unknown">
                  <eml:MdTop uom="ft">8678</eml:MdTop>
                  <eml:MdBase uom="ft">8984</eml:MdBase>
               </MdInterval>
               <TvdInterval datum="unknown">
                  <eml:TvdTop uom="ft">8678</eml:TvdTop>
                  <eml:TvdBase uom="ft">8984</eml:TvdBase>
               </TvdInterval>
            </Accessory>
         </Accessories>
         <StringEquipmentSet>
            <StringEquipment uid="prodcasing_1" equipmentReferenceUid="prod_casingliner_1">
               <EquipmentType>casing/casing liner</EquipmentType>
               <Name>Casing/Casing Liner OD  9.625</Name>
               <EquipmentEventHistory>
                  <BeginEvent>
                     <EventReferenceId>E18</EventReferenceId>
                     <EventDate>1990-11-17T14:00:00Z</EventDate>
                  </BeginEvent>
                  <EndEvent/>
               </EquipmentEventHistory>
               <Count>160</Count>
               <Length uom="ft">4787</Length>
               <MdInterval datum="unknown">
                  <eml:MdTop uom="ft">12</eml:MdTop>
                  <eml:MdBase uom="ft">4799</eml:MdBase>
               </MdInterval>
               <TvdInterval datum="unknown">
                  <eml:TvdTop uom="ft">12</eml:TvdTop>
                  <eml:TvdBase uom="ft">4799</eml:TvdBase>
               </TvdInterval>
               <ConnectionNext uid="prodCon_1"
                               stringEquipmentReferenceUid="stringEquipmentReference Uid">
                  <TypeThread>8RD</TypeThread>
                  <SizeThread uom="in">9.625</SizeThread>
                  <Position>top</Position>
                  <ConnectionForm>pin</ConnectionForm>
                  <ConnectionUpset>NUE</ConnectionUpset>
               </ConnectionNext>
               <ConnectionNext uid="prodCon_2"
                               stringEquipmentReferenceUid="stringEquipmentReference Uid">
                  <TypeThread>8RD</TypeThread>
                  <SizeThread uom="in">9.625</SizeThread>
                  <Position>bottom</Position>
                  <ConnectionForm>pin</ConnectionForm>
                  <ConnectionUpset>NUE</ConnectionUpset>
               </ConnectionNext>
            </StringEquipment>
            <StringEquipment uid="prodcasing_2" equipmentReferenceUid="prodcasingshoe_1">
               <EquipmentType>casing shoe</EquipmentType>
               <Name>Casing Shoe ( 9.625 OD Casing)</Name>
               <EquipmentEventHistory>
                  <BeginEvent>
                     <EventReferenceId>E18</EventReferenceId>
                     <EventDate>1990-11-17T14:00:00Z</EventDate>
                  </BeginEvent>
                  <EndEvent/>
               </EquipmentEventHistory>
               <Count>1</Count>
               <Length uom="ft">1</Length>
               <MdInterval datum="unknown">
                  <eml:MdTop uom="ft">4799</eml:MdTop>
                  <eml:MdBase uom="ft">4800</eml:MdBase>
               </MdInterval>
               <TvdInterval datum="unknown">
                  <eml:TvdTop uom="ft">4799</eml:TvdTop>
                  <eml:TvdBase uom="ft">4800</eml:TvdBase>
               </TvdInterval>
               <ConnectionNext uid="prodcasing2Con_1"
                               stringEquipmentReferenceUid="stringEquipmentReference Uid">
                  <TypeThread>8RD</TypeThread>
                  <SizeThread uom="in">9.625</SizeThread>
                  <Position>top</Position>
                  <ConnectionForm>pin</ConnectionForm>
                  <ConnectionUpset>NUE</ConnectionUpset>
               </ConnectionNext>
            </StringEquipment>
         </StringEquipmentSet>
         <ReferenceWellbore>
            <eml:ContentType>obj_wellbore</eml:ContentType>
            <eml:Title>ReferenceWellboreTitle</eml:Title>
            <eml:Uuid>00000000-0000-0000-0000-000000000000</eml:Uuid>
         </ReferenceWellbore>
      </DownholeString>
      <DownholeString uid="gravelpackString">
         <StringType>tubing</StringType>
         <Name>GravelPack</Name>
         <Accessories>
            <Accessory uid="fillinWellbore_1" equipmentReferenceUid="fillinWellbore_1">
               <EquipmentType>fill</EquipmentType>
               <Name>Gravel behind screen</Name>
               <EquipmentEventHistory>
                  <BeginEvent>
                     <EventReferenceId>E26</EventReferenceId>
                     <EventDate>1990-11-11T14:00:00Z</EventDate>
                  </BeginEvent>
                  <EndEvent/>
               </EquipmentEventHistory>
               <Count>1</Count>
               <Length uom="ft">90</Length>
               <MdInterval datum="unknown">
                  <eml:MdTop uom="ft">4624</eml:MdTop>
                  <eml:MdBase uom="ft">4714</eml:MdBase>
               </MdInterval>
               <TvdInterval datum="unknown">
                  <eml:TvdTop uom="ft">4624</eml:TvdTop>
                  <eml:TvdBase uom="ft">4714</eml:TvdBase>
               </TvdInterval>
               <OutsideString>true</OutsideString>
            </Accessory>
         </Accessories>
         <StringEquipmentSet>
            <StringEquipment uid="gpString_1" equipmentReferenceUid="topGPPcker_1">
               <EquipmentType>packer</EquipmentType>
               <Name>GPS-II Frac Pack Packer</Name>
               <EquipmentEventHistory>
                  <BeginEvent>
                     <EventReferenceId>E24</EventReferenceId>
                     <EventDate>1990-11-21T08:00:00Z</EventDate>
                  </BeginEvent>
                  <EndEvent/>
               </EquipmentEventHistory>
               <Count>1</Count>
               <Length uom="ft">8</Length>
               <MdInterval datum="unknown">
                  <eml:MdTop uom="ft">4616</eml:MdTop>
                  <eml:MdBase uom="ft">4624</eml:MdBase>
               </MdInterval>
               <TvdInterval datum="unknown">
                  <eml:TvdTop uom="ft">4616</eml:TvdTop>
                  <eml:TvdBase uom="ft">4624</eml:TvdBase>
               </TvdInterval>
               <ConnectionNext uid="gpCon_1"
                               stringEquipmentReferenceUid="stringEquipmentReference Uid">
                  <Position>bottom</Position>
                  <ConnectionForm>mandrel</ConnectionForm>
               </ConnectionNext>
            </StringEquipment>
            <StringEquipment uid="gpString_2" equipmentReferenceUid="tubingOD3.5_1">
               <EquipmentType>tubing</EquipmentType>
               <Name>Tubing OD3.5</Name>
               <EquipmentEventHistory>
                  <BeginEvent>
                     <EventReferenceId>E26</EventReferenceId>
                     <EventDate>1990-11-11T14:00:00Z</EventDate>
                  </BeginEvent>
                  <EndEvent/>
               </EquipmentEventHistory>
               <Count>1</Count>
               <Length uom="ft">90</Length>
               <MdInterval datum="unknown">
                  <eml:MdTop uom="ft">4624</eml:MdTop>
                  <eml:MdBase uom="ft">4714</eml:MdBase>
               </MdInterval>
               <TvdInterval datum="unknown">
                  <eml:TvdTop uom="ft">4624</eml:TvdTop>
                  <eml:TvdBase uom="ft">4714</eml:TvdBase>
               </TvdInterval>
               <ConnectionNext uid="gpCon_4"
                               stringEquipmentReferenceUid="stringEquipmentReference Uid">
                  <Position>bottom</Position>
                  <ConnectionForm>mandrel</ConnectionForm>
               </ConnectionNext>
            </StringEquipment>
            <StringEquipment uid="gpString_3" equipmentReferenceUid="GravelPackerScreen_1">
               <EquipmentType>gravel pack screen</EquipmentType>
               <Name>Screen Mesh 8 gauge micro pack</Name>
               <EquipmentEventHistory>
                  <BeginEvent>
                     <EventReferenceId>E26</EventReferenceId>
                     <EventDate>1990-11-11T14:00:00Z</EventDate>
                  </BeginEvent>
                  <EndEvent/>
               </EquipmentEventHistory>
               <Count>1</Count>
               <Length uom="ft">90</Length>
               <MdInterval datum="unknown">
                  <eml:MdTop uom="ft">4624</eml:MdTop>
                  <eml:MdBase uom="ft">4714</eml:MdBase>
               </MdInterval>
               <TvdInterval datum="unknown">
                  <eml:TvdTop uom="ft">4624</eml:TvdTop>
                  <eml:TvdBase uom="ft">4714</eml:TvdBase>
               </TvdInterval>
            </StringEquipment>
            <StringEquipment uid="gpString_4" equipmentReferenceUid="bottomGPPacker_1">
               <EquipmentType>packer</EquipmentType>
               <Name>Wesdrill Sump Packer</Name>
               <EquipmentEventHistory>
                  <BeginEvent>
                     <EventReferenceId>E26</EventReferenceId>
                     <EventDate>1990-11-11T14:00:00Z</EventDate>
                  </BeginEvent>
                  <EndEvent/>
               </EquipmentEventHistory>
               <Count>1</Count>
               <Length uom="ft">8</Length>
               <MdInterval datum="unknown">
                  <eml:MdTop uom="ft">4714</eml:MdTop>
                  <eml:MdBase uom="ft">4722</eml:MdBase>
               </MdInterval>
               <TvdInterval datum="unknown">
                  <eml:TvdTop uom="ft">4714</eml:TvdTop>
                  <eml:TvdBase uom="ft">4722</eml:TvdBase>
               </TvdInterval>
            </StringEquipment>
         </StringEquipmentSet>
         <ReferenceWellbore>
            <eml:ContentType>obj_wellbore</eml:ContentType>
            <eml:Title>ReferenceWellboreTitle</eml:Title>
            <eml:Uuid>00000000-0000-0000-0000-000000000000</eml:Uuid>
         </ReferenceWellbore>
      </DownholeString>
      <DownholeString uid="tubingstring_2">
         <StringType>tubing</StringType>
         <Name>tubingString2</Name>
         <Accessories>
            <Accessory uid="tubing_accessory_1" equipmentReferenceUid="dualPacker_1">
               <EquipmentType>packer-multiple strings</EquipmentType>
               <Name>dualPacker_1</Name>
               <EquipmentEventHistory>
                  <BeginEvent>
                     <EventReferenceId>E27</EventReferenceId>
                     <EventDate>1990-11-22T14:00:00Z</EventDate>
                  </BeginEvent>
                  <EndEvent/>
               </EquipmentEventHistory>
               <Count>1</Count>
               <Length uom="ft">10</Length>
               <MdInterval datum="unknown">
                  <eml:MdTop uom="ft">4500</eml:MdTop>
                  <eml:MdBase uom="ft">4510</eml:MdBase>
               </MdInterval>
               <TvdInterval datum="unknown">
                  <eml:TvdTop uom="ft">4500</eml:TvdTop>
                  <eml:TvdBase uom="ft">4510</eml:TvdBase>
               </TvdInterval>
               <OutsideString>false</OutsideString>
               <PermanentRemarks>
					2 JSPI@4528,53,60,64,68,83,92,95,4604
					</PermanentRemarks>
               <ConnectionNext uid="dualpackCon_1" stringEquipmentReferenceUid="tubingstring_22">
                  <Position>top</Position>
               </ConnectionNext>
               <ConnectionNext uid="dualpackCon_2" stringEquipmentReferenceUid="tubingstring_13">
                  <Position>bottom</Position>
               </ConnectionNext>
               <ConnectionNext uid="dualpackCon_3" stringEquipmentReferenceUid="prodcasing_1"/>
            </Accessory>
         </Accessories>
         <StringEquipmentSet>
            <StringEquipment uid="tubingstring_20" equipmentReferenceUid="tubingHanger_2">
               <EquipmentType>tubing hanger</EquipmentType>
               <Name>Tubing Hanger-Double Box Bushing (DBB) (2.875")</Name>
               <EquipmentEventHistory>
                  <BeginEvent>
                     <EventReferenceId>E27</EventReferenceId>
                     <EventDate>1990-11-22T14:00:00Z</EventDate>
                  </BeginEvent>
                  <EndEvent/>
               </EquipmentEventHistory>
               <Count>1</Count>
               <Length uom="ft">1</Length>
               <MdInterval datum="unknown">
                  <eml:MdTop uom="ft">12</eml:MdTop>
                  <eml:MdBase uom="ft">13</eml:MdBase>
               </MdInterval>
               <TvdInterval datum="unknown">
                  <eml:TvdTop uom="ft">12</eml:TvdTop>
                  <eml:TvdBase uom="ft">13</eml:TvdBase>
               </TvdInterval>
               <ConnectionNext uid="tubingcon_20"
                               stringEquipmentReferenceUid="stringEquipmentReference Uid">
                  <SizeThread uom="in">2.875</SizeThread>
                  <Position>top</Position>
                  <ConnectionForm>mandrel</ConnectionForm>
               </ConnectionNext>
               <ConnectionNext uid="tubingcon_201"
                               stringEquipmentReferenceUid="stringEquipmentReference Uid">
                  <TypeThread>APILong</TypeThread>
                  <SizeThread uom="in">2.875</SizeThread>
                  <Position>bottom</Position>
                  <ConnectionForm>box</ConnectionForm>
                  <ConnectionUpset>EUE</ConnectionUpset>
               </ConnectionNext>
            </StringEquipment>
            <StringEquipment uid="tubingstring_21" equipmentReferenceUid="tubingOD2.875_1">
               <EquipmentType>tubing</EquipmentType>
               <Name>tubing_OD_2.875</Name>
               <EquipmentEventHistory>
                  <BeginEvent>
                     <EventReferenceId>E27</EventReferenceId>
                     <EventDate>1990-11-22T14:00:00Z</EventDate>
                  </BeginEvent>
                  <EndEvent/>
               </EquipmentEventHistory>
               <Count>143</Count>
               <Length uom="ft">4486</Length>
               <MdInterval datum="unknown">
                  <eml:MdTop uom="ft">12</eml:MdTop>
                  <eml:MdBase uom="ft">4500</eml:MdBase>
               </MdInterval>
               <TvdInterval datum="unknown">
                  <eml:TvdTop uom="ft">12</eml:TvdTop>
                  <eml:TvdBase uom="ft">4500</eml:TvdBase>
               </TvdInterval>
               <ConnectionNext uid="tubingCon_21"
                               stringEquipmentReferenceUid="stringEquipmentReference Uid">
                  <TypeThread>APILong</TypeThread>
                  <SizeThread uom="in">2.875</SizeThread>
                  <Position>top</Position>
                  <ConnectionForm>pin</ConnectionForm>
                  <ConnectionUpset>EUE</ConnectionUpset>
               </ConnectionNext>
               <ConnectionNext uid="tubingCon_22"
                               stringEquipmentReferenceUid="stringEquipmentReference Uid">
                  <TypeThread>APILong</TypeThread>
                  <SizeThread uom="in">2.875</SizeThread>
                  <Position>bottom</Position>
                  <ConnectionForm>pin</ConnectionForm>
                  <ConnectionUpset>EUE</ConnectionUpset>
               </ConnectionNext>
            </StringEquipment>
            <StringEquipment uid="tubingstring_22" equipmentReferenceUid="sealAssembly_1">
               <EquipmentType>seal assembly</EquipmentType>
               <Name>Seal Assembly  2.875" OD</Name>
               <EquipmentEventHistory>
                  <BeginEvent>
                     <EventReferenceId>E27</EventReferenceId>
                     <EventDate>1990-11-22T14:00:00Z</EventDate>
                  </BeginEvent>
               </EquipmentEventHistory>
               <Count>1</Count>
               <Length uom="ft">20</Length>
               <MdInterval datum="unknown">
                  <eml:MdTop uom="ft">4500</eml:MdTop>
                  <eml:MdBase uom="ft">4520</eml:MdBase>
               </MdInterval>
               <TvdInterval datum="unknown">
                  <eml:TvdTop uom="ft">4500</eml:TvdTop>
                  <eml:TvdBase uom="ft">4520</eml:TvdBase>
               </TvdInterval>
               <ConnectionNext uid="pmCon_21"
                               stringEquipmentReferenceUid="stringEquipmentReference Uid">
                  <TypeThread>APILong</TypeThread>
                  <SizeThread uom="in">2.875</SizeThread>
                  <Position>top</Position>
                  <ConnectionForm>pin</ConnectionForm>
                  <ConnectionUpset>EUE</ConnectionUpset>
               </ConnectionNext>
               <ConnectionNext uid="pmCon_22"
                               stringEquipmentReferenceUid="stringEquipmentReference Uid">
                  <TypeThread>APILong</TypeThread>
                  <SizeThread uom="in">2.875</SizeThread>
                  <Position>bottom</Position>
                  <ConnectionForm>pin</ConnectionForm>
                  <ConnectionUpset>EUE</ConnectionUpset>
               </ConnectionNext>
            </StringEquipment>
         </StringEquipmentSet>
         <ReferenceWellbore>
            <eml:ContentType>obj_wellbore</eml:ContentType>
            <eml:Title>ReferenceWellboreTitle</eml:Title>
            <eml:Uuid>00000000-0000-0000-0000-000000000000</eml:Uuid>
         </ReferenceWellbore>
      </DownholeString>
      <DownholeString uid="tubingstring_1">
         <StringType>tubing</StringType>
         <Name>tubingString1</Name>
         <StringEquipmentSet>
            <StringEquipment uid="tubingstring_11" equipmentReferenceUid="tubingHanger_1">
               <EquipmentType>tubing hanger</EquipmentType>
               <Name>Tubing Hanger-Double Box Bushing (DBB) (2.875")</Name>
               <EquipmentEventHistory>
                  <BeginEvent>
                     <EventReferenceId>E26</EventReferenceId>
                     <EventDate>1990-12-22T08:00:00Z</EventDate>
                  </BeginEvent>
                  <EndEvent/>
               </EquipmentEventHistory>
               <Count>1</Count>
               <Length uom="ft">1</Length>
               <MdInterval datum="unknown">
                  <eml:MdTop uom="ft">12</eml:MdTop>
                  <eml:MdBase uom="ft">13</eml:MdBase>
               </MdInterval>
               <TvdInterval datum="unknown">
                  <eml:TvdTop uom="ft">12</eml:TvdTop>
                  <eml:TvdBase uom="ft">13</eml:TvdBase>
               </TvdInterval>
               <ConnectionNext uid="tubingcon_1"
                               stringEquipmentReferenceUid="stringEquipmentReference Uid">
                  <SizeThread uom="in">2.875</SizeThread>
                  <Position>top</Position>
                  <ConnectionForm>mandrel</ConnectionForm>
                  <ConnectionUpset>EUE</ConnectionUpset>
               </ConnectionNext>
               <ConnectionNext uid="tubingcon_2"
                               stringEquipmentReferenceUid="stringEquipmentReference Uid">
                  <TypeThread>APILong</TypeThread>
                  <SizeThread uom="in">2.875</SizeThread>
                  <Position>bottom</Position>
                  <ConnectionForm>box</ConnectionForm>
                  <ConnectionUpset>EUE</ConnectionUpset>
               </ConnectionNext>
            </StringEquipment>
            <StringEquipment uid="tubingstring_12" equipmentReferenceUid="tubingOD2.875_2">
               <EquipmentType>tubing</EquipmentType>
               <Name>tubing_OD_2.875</Name>
               <EquipmentEventHistory>
                  <BeginEvent>
                     <EventReferenceId>E26</EventReferenceId>
                     <EventDate>1990-12-22T08:00:00Z</EventDate>
                  </BeginEvent>
                  <EndEvent/>
               </EquipmentEventHistory>
               <Count>143</Count>
               <Length uom="ft">4487</Length>
               <MdInterval datum="unknown">
                  <eml:MdTop uom="ft">13</eml:MdTop>
                  <eml:MdBase uom="ft">4500</eml:MdBase>
               </MdInterval>
               <TvdInterval datum="unknown">
                  <eml:TvdTop uom="ft">13</eml:TvdTop>
                  <eml:TvdBase uom="ft">4500</eml:TvdBase>
               </TvdInterval>
               <ConnectionNext uid="tubingcon_3"
                               stringEquipmentReferenceUid="stringEquipmentReference Uid">
                  <TypeThread>APILong</TypeThread>
                  <SizeThread uom="in">2.875</SizeThread>
                  <Position>top</Position>
                  <ConnectionForm>pin</ConnectionForm>
                  <ConnectionUpset>EUE</ConnectionUpset>
               </ConnectionNext>
               <ConnectionNext uid="tubingcon_31"
                               stringEquipmentReferenceUid="stringEquipmentReference Uid">
                  <TypeThread>APILong</TypeThread>
                  <SizeThread uom="in">2.875</SizeThread>
                  <Position>bottom</Position>
                  <ConnectionForm>pin</ConnectionForm>
                  <ConnectionUpset>EUE</ConnectionUpset>
               </ConnectionNext>
            </StringEquipment>
            <StringEquipment uid="tubingstring_13" equipmentReferenceUid="packMandrel_1">
               <EquipmentType>seal assembly</EquipmentType>
               <Name>packMandrel_1</Name>
               <EquipmentEventHistory>
                  <BeginEvent>
                     <EventReferenceId>E26</EventReferenceId>
                     <EventDate>1990-12-22T08:00:00Z</EventDate>
                  </BeginEvent>
                  <EndEvent/>
               </EquipmentEventHistory>
               <Count>1</Count>
               <Length uom="ft">10</Length>
               <MdInterval datum="unknown">
                  <eml:MdTop uom="ft">4500</eml:MdTop>
                  <eml:MdBase uom="ft">4510</eml:MdBase>
               </MdInterval>
               <TvdInterval datum="unknown">
                  <eml:TvdTop uom="ft">4500</eml:TvdTop>
                  <eml:TvdBase uom="ft">4510</eml:TvdBase>
               </TvdInterval>
               <ConnectionNext uid="tubingCon_41"
                               stringEquipmentReferenceUid="stringEquipmentReference Uid">
                  <TypeThread>APILong</TypeThread>
                  <SizeThread uom="in">2.875</SizeThread>
                  <Position>top</Position>
                  <ConnectionForm>pin</ConnectionForm>
                  <ConnectionUpset>EUE</ConnectionUpset>
               </ConnectionNext>
               <ConnectionNext uid="tubingCon_4"
                               stringEquipmentReferenceUid="stringEquipmentReference Uid">
                  <TypeThread>APILong</TypeThread>
                  <SizeThread uom="in">2.875</SizeThread>
                  <Position>bottom</Position>
                  <ConnectionForm>pin</ConnectionForm>
                  <ConnectionUpset>EUE</ConnectionUpset>
               </ConnectionNext>
            </StringEquipment>
            <StringEquipment uid="tubingstring_14" equipmentReferenceUid="tubingOD2.87_1">
               <EquipmentType>tubing</EquipmentType>
               <Name>tubingOD2.875</Name>
               <EquipmentEventHistory>
                  <BeginEvent>
                     <EventReferenceId>E26</EventReferenceId>
                     <EventDate>1990-12-22T08:00:00Z</EventDate>
                  </BeginEvent>
                  <EndEvent/>
               </EquipmentEventHistory>
               <Count>3</Count>
               <Length uom="ft">99</Length>
               <MdInterval datum="unknown">
                  <eml:MdTop uom="ft">4510</eml:MdTop>
                  <eml:MdBase uom="ft">4609</eml:MdBase>
               </MdInterval>
               <TvdInterval datum="unknown">
                  <eml:TvdTop uom="ft">4510</eml:TvdTop>
                  <eml:TvdBase uom="ft">4609</eml:TvdBase>
               </TvdInterval>
               <ConnectionNext uid="tubingCon_5"
                               stringEquipmentReferenceUid="stringEquipmentReference Uid">
                  <TypeThread>APILong</TypeThread>
                  <SizeThread uom="in">2.875</SizeThread>
                  <Position>top</Position>
                  <ConnectionForm>pin</ConnectionForm>
                  <ConnectionUpset>EUE</ConnectionUpset>
               </ConnectionNext>
               <ConnectionNext uid="tubingCon_5"
                               stringEquipmentReferenceUid="stringEquipmentReference Uid">
                  <TypeThread>APILong</TypeThread>
                  <SizeThread uom="in">2.875</SizeThread>
                  <Position>bottom</Position>
                  <ConnectionForm>pin</ConnectionForm>
                  <ConnectionUpset>EUE</ConnectionUpset>
               </ConnectionNext>
            </StringEquipment>
            <StringEquipment uid="tubingstring_15" equipmentReferenceUid="packMandrel_2">
               <EquipmentType>seal assembly</EquipmentType>
               <Name>packMandrel_2</Name>
               <EquipmentEventHistory>
                  <BeginEvent>
                     <EventReferenceId>E26</EventReferenceId>
                     <EventDate>1990-12-22T08:00:00Z</EventDate>
                  </BeginEvent>
                  <EndEvent/>
               </EquipmentEventHistory>
               <Count>1</Count>
               <Length uom="ft">6</Length>
               <MdInterval datum="unknown">
                  <eml:MdTop uom="ft">4609</eml:MdTop>
                  <eml:MdBase uom="ft">4615</eml:MdBase>
               </MdInterval>
               <TvdInterval datum="unknown">
                  <eml:TvdTop uom="ft">4509</eml:TvdTop>
                  <eml:TvdBase uom="ft">4615</eml:TvdBase>
               </TvdInterval>
               <PermanentRemarks>
					2 JSPI@4616,26,33,37,64,69,74,87,94,4704,4712;
					</PermanentRemarks>
               <ConnectionNext uid="tubingCon_71"
                               stringEquipmentReferenceUid="stringEquipmentReference Uid">
                  <TypeThread>APILong</TypeThread>
                  <SizeThread uom="in">2.875</SizeThread>
                  <Position>top</Position>
                  <ConnectionForm>pin</ConnectionForm>
                  <ConnectionUpset>EUE</ConnectionUpset>
               </ConnectionNext>
               <ConnectionNext uid="tubingCon_7"
                               stringEquipmentReferenceUid="stringEquipmentReference Uid">
                  <TypeThread>APILong</TypeThread>
                  <SizeThread uom="in">2.875</SizeThread>
                  <Position>bottom</Position>
                  <ConnectionForm>pin</ConnectionForm>
                  <ConnectionUpset>EUE</ConnectionUpset>
               </ConnectionNext>
            </StringEquipment>
            <StringEquipment uid="tubingstring_16" equipmentReferenceUid="tubingOD2.87_3">
               <EquipmentType>tubing</EquipmentType>
               <Name>tubingOD2.87-8</Name>
               <EquipmentEventHistory>
                  <BeginEvent>
                     <EventReferenceId>E26</EventReferenceId>
                     <EventDate>1990-12-22T08:00:00Z</EventDate>
                  </BeginEvent>
                  <EndEvent/>
               </EquipmentEventHistory>
               <Count>1</Count>
               <Length uom="ft">25</Length>
               <MdInterval datum="unknown">
                  <eml:MdTop uom="ft">4615</eml:MdTop>
                  <eml:MdBase uom="ft">4640</eml:MdBase>
               </MdInterval>
               <TvdInterval datum="unknown">
                  <eml:TvdTop uom="ft">4615</eml:TvdTop>
                  <eml:TvdBase uom="ft">4640</eml:TvdBase>
               </TvdInterval>
               <ConnectionNext uid="tubingCon_81"
                               stringEquipmentReferenceUid="stringEquipmentReference Uid">
                  <TypeThread>APILong</TypeThread>
                  <SizeThread uom="in">2.875</SizeThread>
                  <Position>top</Position>
                  <ConnectionForm>pin</ConnectionForm>
                  <ConnectionUpset>EUE</ConnectionUpset>
               </ConnectionNext>
               <ConnectionNext uid="tubingCon_8"
                               stringEquipmentReferenceUid="stringEquipmentReference Uid">
                  <TypeThread>APILong</TypeThread>
                  <SizeThread uom="in">2.875</SizeThread>
                  <Position>bottom</Position>
                  <ConnectionForm>pin</ConnectionForm>
                  <ConnectionUpset>EUE</ConnectionUpset>
               </ConnectionNext>
            </StringEquipment>
         </StringEquipmentSet>
         <ReferenceWellbore>
            <eml:ContentType>obj_wellbore</eml:ContentType>
            <eml:Title>ReferenceWellboreTitle</eml:Title>
            <eml:Uuid>00000000-0000-0000-0000-000000000000</eml:Uuid>
         </ReferenceWellbore>
      </DownholeString>
   </DownholeStringSet>
   <PerforationSets>
      <PerforationSet uid="perf_Garyburg">
         <MdInterval datum="unknown">
            <eml:MdTop uom="ft">4512</eml:MdTop>
            <eml:MdBase uom="ft">4604</eml:MdBase>
         </MdInterval>
         <TvdInterval datum="unknown">
            <eml:TvdTop uom="ft">4512</eml:TvdTop>
            <eml:TvdBase uom="ft">4604</eml:TvdBase>
         </TvdInterval>
         <PerforationTool>tcp gun</PerforationTool>
         <PerforationPenetration uom="ft">1.7</PerforationPenetration>
         <CrushZoneDiameter uom="in">0.72</CrushZoneDiameter>
         <CrushDamageRatio>0.31</CrushDamageRatio>
         <PermanentRemarks>2 JSPI @ 4528, 53, 60, 64, 68, 83, 92, 95, 4604</PermanentRemarks>
         <EventHistory>
            <BeginEvent>
               <EventReferenceId>E21</EventReferenceId>
               <EventDate>1990-11-18T14:00:00Z</EventDate>
            </BeginEvent>
         </EventHistory>
      </PerforationSet>
      <PerforationSet uid="perf_Mckee">
         <MdInterval datum="unknown">
            <eml:MdTop uom="ft">4625</eml:MdTop>
            <eml:MdBase uom="ft">4698</eml:MdBase>
         </MdInterval>
         <TvdInterval datum="unknown">
            <eml:TvdTop uom="ft">4616</eml:TvdTop>
            <eml:TvdBase uom="ft">4698</eml:TvdBase>
         </TvdInterval>
         <PerforationTool>tcp gun</PerforationTool>
         <PerforationPenetration uom="ft">1.7</PerforationPenetration>
         <CrushZoneDiameter uom="in">0.69</CrushZoneDiameter>
         <CrushDamageRatio>0.28</CrushDamageRatio>
         <PermanentRemarks>2 JSPI @ 4616, 26, 33, 37, 64, 69, 74, 87, 94, 4704 &amp; 4712'.</PermanentRemarks>
         <EventHistory>
            <BeginEvent>
               <EventReferenceId>E22</EventReferenceId>
               <EventDate>1990-11-19T14:00:00Z</EventDate>
            </BeginEvent>
         </EventHistory>
      </PerforationSet>
   </PerforationSets>
   <EquipmentSet>
      <Equipment uid="tubingHead_1">
         <EquipmentName>tubing Head</EquipmentName>
         <EquipmentType>tubing head (spool)</EquipmentType>
         <Model>API 3000#</Model>
         <Material>Steel</Material>
      </Equipment>
      <Equipment uid="casingHead_1">
         <EquipmentName>casing Head</EquipmentName>
         <EquipmentType>casing head</EquipmentType>
         <Model>API 3000#</Model>
         <Material>Steel</Material>
      </Equipment>
      <Equipment uid="surfacecasing_casingliner_1">
         <EquipmentName>surfacecasing casingliner</EquipmentName>
         <EquipmentType>casing/casing liner</EquipmentType>
         <Material>Steel</Material>
         <Grade>K-55</Grade>
         <UnitWeight uom="lbm/ft">6.50</UnitWeight>
         <Od uom="in">18.625</Od>
         <Id uom="in">17.655</Id>
         <Drift uom="in">17.468</Drift>
      </Equipment>
      <Equipment uid="tubingHanger_1">
         <EquipmentName> tubing Hanger</EquipmentName>
         <EquipmentType>tubing hanger</EquipmentType>
         <Model>Double Box Bushing</Model>
         <Material>Steel</Material>
      </Equipment>
      <Equipment uid="surfacecasingshoe_1">
         <EquipmentName>surface casing shoe</EquipmentName>
         <EquipmentType>casing shoe</EquipmentType>
         <Material>Steel</Material>
      </Equipment>
      <Equipment uid="cementbehind_surfacecasing_1">
         <EquipmentName>Cement</EquipmentName>
         <EquipmentType>cement (behind casing)</EquipmentType>
      </Equipment>
      <Equipment uid="intercasing_casingliner_1">
         <EquipmentName>intercasing casingliner</EquipmentName>
         <EquipmentType>casing/casing liner</EquipmentType>
         <Material>Steel</Material>
         <Grade>K-55</Grade>
         <UnitWeight uom="lbm/ft">7.9</UnitWeight>
         <Od uom="in">11.75</Od>
         <Id uom="in">10.438</Id>
         <Drift uom="in">10.282</Drift>
      </Equipment>
      <Equipment uid="cementbehind_intercasing_1">
         <EquipmentName>Cement</EquipmentName>
         <EquipmentType>cement (behind casing)</EquipmentType>
      </Equipment>
      <Equipment uid="prod_casingliner_1">
         <EquipmentName>prod_casingliner</EquipmentName>
         <EquipmentType>casing/casing liner</EquipmentType>
         <Material>Steel</Material>
         <Grade>K-55</Grade>
         <UnitWeight uom="lbm/ft">4.35</UnitWeight>
         <Od uom="in">9.625</Od>
         <Id uom="in">8.755</Id>
         <Drift uom="in">8.599</Drift>
      </Equipment>
      <Equipment uid="prodcasingshoe_1">
         <EquipmentName>prodcasingshoe</EquipmentName>
         <EquipmentType>casing shoe</EquipmentType>
         <Material>Steel</Material>
      </Equipment>
      <Equipment uid="cementbehind_prod_1">
         <EquipmentName>Cement</EquipmentName>
         <EquipmentType>cement (behind casing)</EquipmentType>
      </Equipment>
      <Equipment uid="tubingHanger_1">
         <EquipmentName> tubing Hanger</EquipmentName>
         <EquipmentType>tubing hanger</EquipmentType>
         <Model>Double Box Bushing</Model>
         <Material>Steel</Material>
      </Equipment>
      <Equipment uid="tubingHanger_2">
         <EquipmentName> tubing Hanger</EquipmentName>
         <EquipmentType>tubing hanger</EquipmentType>
         <Model>Double Box Bushing</Model>
         <Material>Steel</Material>
      </Equipment>
      <Equipment uid="tubingOD2.875_1">
         <EquipmentName> tubing</EquipmentName>
         <EquipmentType>tubing</EquipmentType>
         <Material>Steel</Material>
         <Grade>J-55</Grade>
         <UnitWeight uom="lbm/ft">6.5</UnitWeight>
         <Od uom="in">2.875</Od>
         <Id uom="in">2.441</Id>
         <Drift uom="in">2.347</Drift>
      </Equipment>
      <Equipment uid="tubingOD2.875_2">
         <EquipmentName> tubing</EquipmentName>
         <EquipmentType>tubing</EquipmentType>
         <Material>Steel</Material>
         <Grade>J-55</Grade>
         <UnitWeight uom="lbm/ft">6.5</UnitWeight>
         <Od uom="in">2.875</Od>
         <Id uom="in">2.441</Id>
         <Drift uom="in">2.347</Drift>
      </Equipment>
      <Equipment uid="tubingOD2.875_3">
         <EquipmentName> tubing</EquipmentName>
         <EquipmentType>tubing</EquipmentType>
         <Material>Steel</Material>
         <Grade>J-55</Grade>
         <UnitWeight uom="lbm/ft">6.5</UnitWeight>
         <Od uom="in">2.875</Od>
         <Id uom="in">2.441</Id>
         <Drift uom="in">2.347</Drift>
      </Equipment>
      <Equipment uid="packMandrel_1">
         <EquipmentName>packMandrel_1</EquipmentName>
         <EquipmentType>seal assembly</EquipmentType>
         <Material>Steel</Material>
         <Grade>J-55</Grade>
         <UnitWeight uom="lbm/ft">6.5</UnitWeight>
         <Od uom="in">2.875</Od>
         <Id uom="in">2.441</Id>
         <Drift uom="in">2.347</Drift>
      </Equipment>
      <Equipment uid="packMandrel_2">
         <EquipmentName>packMandrel_2</EquipmentName>
         <EquipmentType>seal assembly</EquipmentType>
         <Material>Steel</Material>
         <Grade>J-55</Grade>
         <UnitWeight uom="lbm/ft">6.5</UnitWeight>
         <Od uom="in">2.875</Od>
         <Id uom="in">2.441</Id>
         <Drift uom="in">2.347</Drift>
      </Equipment>
      <Equipment uid="topgppack_1">
         <EquipmentName>Packer Dual (Retrievable)</EquipmentName>
         <EquipmentType>packer</EquipmentType>
         <Model>Packer</Model>
         <ModelType>XR</ModelType>
         <Material>Steel</Material>
         <Od uom="in">9.625</Od>
         <MaxOd uom="in">9.8</MaxOd>
         <MinOd uom="in">9.44</MinOd>
         <Property uid="PropertyUid">
            <Name>PackerSettingMethod</Name>
            <Value>Hydro-Mechanical</Value>
         </Property>
      </Equipment>
      <Equipment uid="bottomgppack_1">
         <EquipmentName> Packer Isolation -  9.625"</EquipmentName>
         <EquipmentType>packer</EquipmentType>
         <Model>Single</Model>
         <ModelType>IP</ModelType>
         <Material>Steel</Material>
         <Od uom="in">9.625</Od>
         <MaxOd uom="in">9.8</MaxOd>
         <MinOd uom="in">9.44</MinOd>
         <Property uid="PropertyUid">
            <Name>PackerSettingMethod</Name>
            <Value>Hydro-Mechanical</Value>
         </Property>
      </Equipment>
      <Equipment uid="packer_1">
         <EquipmentName> packer_1</EquipmentName>
         <EquipmentType>packer</EquipmentType>
         <Model>Single</Model>
         <ModelType>IP</ModelType>
         <Material>Steel</Material>
         <Od uom="in">9.625</Od>
         <MaxOd uom="in">9.8</MaxOd>
         <MinOd uom="in">9.44</MinOd>
         <Property uid="PropertyUid">
            <Name>PackerSettingMethod</Name>
            <Value>Hydro-Mechanical</Value>
         </Property>
      </Equipment>
      <Equipment uid="dualPacker_1">
         <EquipmentName>dualPacker_1</EquipmentName>
         <EquipmentType>packer</EquipmentType>
         <Model>Dual</Model>
         <ModelType>XR</ModelType>
         <Od uom="in">9.625</Od>
         <MaxOd uom="in">9.75</MaxOd>
         <MinOd uom="in">9.47</MinOd>
         <Property uid="PropertyUid">
            <Name>PackerSettingMethod</Name>
            <Value>Hydro-Mechnanical</Value>
         </Property>
      </Equipment>
      <Equipment uid="topGPPcker_1">
         <EquipmentName> topGPPcker_1</EquipmentName>
         <EquipmentType>packer</EquipmentType>
         <Model>Single</Model>
         <ModelType>GPSII</ModelType>
         <Material>Steel</Material>
         <Od uom="in">9.625</Od>
         <MaxOd uom="in">9.8</MaxOd>
         <MinOd uom="in">9.44</MinOd>
         <Property uid="PropertyUid">
            <Name>PackerSettingMethod</Name>
            <Value>Hydro-Mechanical</Value>
         </Property>
      </Equipment>
      <Equipment uid="tubingOD3.5_1">
         <EquipmentName> tubing</EquipmentName>
         <EquipmentType>tubing</EquipmentType>
         <Material>Steel</Material>
         <Grade>J-55</Grade>
         <UnitWeight uom="lbm/ft">1.27</UnitWeight>
         <Od uom="in">3.5</Od>
         <Id uom="in">2.75</Id>
         <Drift uom="in">2.625</Drift>
      </Equipment>
      <Equipment uid="GravelPackScreen_1">
         <EquipmentName> GravelPackScreen_1</EquipmentName>
         <EquipmentType>gravel pack screen</EquipmentType>
         <Property uid="PropertyUid">
            <Name>diaScreenGaug</Name>
            <Value>8</Value>
         </Property>
      </Equipment>
      <Equipment uid="bottomGPPcker_1">
         <EquipmentName> bottomGPPcker_1</EquipmentName>
         <EquipmentType>packer</EquipmentType>
         <Model>Single</Model>
         <ModelType>GPSII</ModelType>
         <Material>Steel</Material>
         <Od uom="in">9.625</Od>
         <MaxOd uom="in">9.9</MaxOd>
         <MinOd uom="in">9.3</MinOd>
         <Property uid="PropertyUid">
            <Name>PackerSettingMethod</Name>
            <Value>Hydro-Mechanical</Value>
         </Property>
      </Equipment>
      <Equipment uid="fillinWellbore_1">
         <EquipmentName> fillinWellbore_1</EquipmentName>
         <EquipmentType>fill</EquipmentType>
      </Equipment>
   </EquipmentSet>
   <Well>
      <eml:ContentType>obj_Well</eml:ContentType>
      <eml:Title>obj_Well</eml:Title>
      <eml:Uuid>00000000-0000-0000-0000-000000000000</eml:Uuid>
      <eml:UuidAuthority>VGASAU029</eml:UuidAuthority>
   </Well>
   <WellHead uid="WellheadUid">
      <StringType>wellhead</StringType>
      <Name>wellhead</Name>
      <StringEquipmentSet>
         <StringEquipment uid="wellheadString_1" equipmentReferenceUid="tubingHead_1">
            <EquipmentType>tubing head (spool)</EquipmentType>
            <Name>Tubing Head  3000# Bottom Flange 13.375"/Top Flange  9.625"</Name>
            <EquipmentEventHistory>
               <BeginEvent>
                  <EventReferenceId>E25</EventReferenceId>
                  <EventDate>1990-11-22T10:00:00Z</EventDate>
               </BeginEvent>
            </EquipmentEventHistory>
            <Count>1</Count>
            <Length uom="ft">1</Length>
            <ConnectionNext uid="whcon_top"
                            stringEquipmentReferenceUid="stringEquipmentReference Uid">
               <SizeThread uom="in">13.375</SizeThread>
               <Position>top</Position>
               <ConnectionForm>flange</ConnectionForm>
            </ConnectionNext>
            <ConnectionNext uid="whcon_bottom"
                            stringEquipmentReferenceUid="stringEquipmentReference Uid">
               <SizeThread uom="in">9.625</SizeThread>
               <Position>bottom</Position>
               <ConnectionForm>flange</ConnectionForm>
            </ConnectionNext>
         </StringEquipment>
         <StringEquipment uid="wellheadString_2" equipmentReferenceUid="casingHead_1">
            <EquipmentType>casing head</EquipmentType>
            <Name>Casing Head 3000# Top Flange 16.750"/Bottom Thread 16.000"</Name>
            <EquipmentEventHistory>
               <BeginEvent>
                  <EventReferenceId>E08</EventReferenceId>
                  <EventDate>1990-11-12T10:00:00Z</EventDate>
               </BeginEvent>
            </EquipmentEventHistory>
            <Count>1</Count>
            <Length uom="ft">1</Length>
            <ConnectionNext uid="whcon_top"
                            stringEquipmentReferenceUid="stringEquipmentReference Uid">
               <SizeThread uom="in">16.75</SizeThread>
               <Position>top</Position>
               <ConnectionForm>flange</ConnectionForm>
            </ConnectionNext>
            <ConnectionNext uid="whcon_bottom"
                            stringEquipmentReferenceUid="stringEquipmentReference Uid">
               <TypeThread>API Long</TypeThread>
               <SizeThread uom="in">16</SizeThread>
               <Position>bottom</Position>
               <ConnectionForm>flange</ConnectionForm>
               <ConnectionUpset>NUE</ConnectionUpset>
            </ConnectionNext>
         </StringEquipment>
      </StringEquipmentSet>
      <ReferenceWellbore>
         <eml:ContentType>obj_wellbore</eml:ContentType>
         <eml:Title>ReferenceWellboreTitle</eml:Title>
         <eml:Uuid>00000000-0000-0000-0000-000000000000</eml:Uuid>
      </ReferenceWellbore>
   </WellHead>
   <BoreholeStringSet>
      <BoreholeString uid="borehole-1">
         <Name>Wellbore Hole 1</Name>
         <Borehole uid="OD20">
            <Name>Wellbore Hole OD-20.0000</Name>
            <TypeBorehole>normalborehole</TypeBorehole>
            <EquipmentEventHistory>
               <BeginEvent>
                  <EventReferenceId>E07</EventReferenceId>
                  <EventDate>1990-11-11T11:00:00Z</EventDate>
               </BeginEvent>
               <EndEvent>
                  <EventReferenceId>E08</EventReferenceId>
                  <EventDate>1990-11-12T14:00:00Z</EventDate>
               </EndEvent>
            </EquipmentEventHistory>
         </Borehole>
         <Borehole uid="OD13">
            <Name>Wellbore Hole OD-13.0000</Name>
            <TypeBorehole>normalborehole</TypeBorehole>
            <EquipmentEventHistory>
               <BeginEvent>
                  <EventReferenceId>E10</EventReferenceId>
                  <EventDate>1990-11-13T08:00:00Z</EventDate>
               </BeginEvent>
               <EndEvent>
                  <EventReferenceId>E12</EventReferenceId>
                  <EventDate>1990-11-15T14:00:00Z</EventDate>
               </EndEvent>
            </EquipmentEventHistory>
         </Borehole>
         <Borehole uid="OD12">
            <Name>Wellbore Hole OD-10.1250</Name>
            <TypeBorehole>normalborehole</TypeBorehole>
            <EquipmentEventHistory>
               <BeginEvent>
                  <EventReferenceId>E17</EventReferenceId>
                  <EventDate>1990-11-17T08:00:00Z</EventDate>
               </BeginEvent>
            </EquipmentEventHistory>
         </Borehole>
         <GeologyFeature uid="Aquifer_1">
            <Name>Ogalala</Name>
            <GeologyType>aquifer</GeologyType>
         </GeologyFeature>
         <GeologyFeature uid="Reservoir_1">
            <Name>Mckee_Reservoir</Name>
            <GeologyType>reservoir</GeologyType>
         </GeologyFeature>
         <GeologyFeature uid="Rservoir_2">
            <Name>Grayburg_Reservoir</Name>
            <GeologyType>reservoir</GeologyType>
         </GeologyFeature>
         <ReferenceWellbore>
            <eml:ContentType>obj_wellbore</eml:ContentType>
            <eml:Title>ReferenceWellboreTitle</eml:Title>
            <eml:Uuid>00000000-0000-0000-0000-000000000000</eml:Uuid>
            <eml:VersionString>1411_input</eml:VersionString>
         </ReferenceWellbore>
      </BoreholeString>
   </BoreholeStringSet>
</DownholeComponent>
