<?xml version="1.0" encoding="UTF-8"?>
<Risk xmlns="http://www.energistics.org/energyml/data/witsmlv2"
      xmlns:eml="http://www.energistics.org/energyml/data/commonv2"
      xmlns:gco="http://www.isotc211.org/2005/gco"
      xmlns:gmd="http://www.isotc211.org/2005/gmd"
      xmlns:gsr="http://www.isotc211.org/2005/gsr"
      xmlns:gts="http://www.isotc211.org/2005/gts"
      xmlns:gml="http://www.opengis.net/gml/3.2"
      xmlns:xlink="http://www.w3.org/1999/xlink"
      xmlns:xsi="http://www.w3.org/2001/XMLSchema-instance"
      xsi:schemaLocation="http://www.energistics.org/energyml/data/witsmlv2 ../xsd_schemas/Risk.xsd"
      schemaVersion="2.0"
      uuid="00000000-0000-0000-0000-000000000000">
   <eml:Aliases authority="1.4.1.1">
      <eml:Identifier>W-12B-01risk-234934</eml:Identifier>
      <eml:Description>Identifier is created from the uid of the input scheme</eml:Description>
   </eml:Aliases>
   <eml:Citation>
      <eml:Title>Wilcox Kick Risk</eml:Title>
      <eml:Originator>1411_input</eml:Originator>
      <eml:Creation>2018-01-23T08:18:49.752-06:00</eml:Creation>
      <eml:Format>Mapforce</eml:Format>
   </eml:Citation>
   <Type>risk</Type>
   <Category>hydraulics</Category>
   <SubCategory>gas kick</SubCategory>
   <MdHoleStart uom="ft[US]" datum="">12000</MdHoleStart>
   <MdHoleEnd uom="ft[US]" datum="">12500</MdHoleEnd>
   <TvdHoleStart uom="ft[US]" datum="">9000</TvdHoleStart>
   <TvdHoleEnd uom="ft[US]" datum="">9200</TvdHoleEnd>
   <DiaHole uom="in">8.5</DiaHole>
   <SeverityLevel>4</SeverityLevel>
   <ProbabilityLevel>3</ProbabilityLevel>
   <Summary>Possible gas kick exiting the Wilcox formation @ 9000 
		TVD, 12000 MD</Summary>
   <Details>6 of the last 10 wells drilled through the wilcox 
		encountered severe gas kicks on exiting the bottom of the formation.</Details>
   <Identification>A large connection gas influx was experienced as 
		we entered this formation on an offset well, Watch for increase 
		in connection gas, cavings, or change in resistivity.</Identification>
   <Mitigation>Increase mud weght to 14.7 lbs/gal 100 ft prior to 
		exiting the formation, Maintain mud wt &gt; 14.7lbs/gal</Mitigation>
   <ObjectReference>
      <eml:ContentType>trajectory</eml:ContentType>
      <eml:Title>trajectory</eml:Title>
      <eml:Uuid>00000000-0000-0000-0000-000000000000</eml:Uuid>
      <eml:UuidAuthority>pe84e</eml:UuidAuthority>
   </ObjectReference>
   <Wellbore>
      <eml:ContentType>wellbore</eml:ContentType>
      <eml:Title>W&gt;A-42</eml:Title>
      <eml:Uuid>00000000-0000-0000-0000-000000000000</eml:Uuid>
      <eml:UuidAuthority>B-01</eml:UuidAuthority>
      <eml:VersionString>1411_input</eml:VersionString>
   </Wellbore>
</Risk>
