<?xml version="1.0" encoding="UTF-8"?>
<WellboreCompletion xmlns="http://www.energistics.org/energyml/data/witsmlv2"
                    xmlns:eml="http://www.energistics.org/energyml/data/commonv2"
                    xmlns:gco="http://www.isotc211.org/2005/gco"
                    xmlns:gmd="http://www.isotc211.org/2005/gmd"
                    xmlns:gsr="http://www.isotc211.org/2005/gsr"
                    xmlns:gts="http://www.isotc211.org/2005/gts"
                    xmlns:gml="http://www.opengis.net/gml/3.2"
                    xmlns:xlink="http://www.w3.org/1999/xlink"
                    xmlns:xsi="http://www.w3.org/2001/XMLSchema-instance"
                    xsi:schemaLocation="http://www.energistics.org/energyml/data/witsmlv2 ../xsd_schemas/WellboreCompletion.xsd"
                    schemaVersion="2.0"
                    uuid="00000000-0000-0000-0000-000000000000">
   <eml:Aliases authority="1.4.0.0">
      <eml:Identifier>!!a</eml:Identifier>
   </eml:Aliases>
   <eml:Citation>
      <eml:Title>a</eml:Title>
      <eml:Originator>1411_input</eml:Originator>
      <eml:Creation>2018-01-23T08:19:26.537-06:00</eml:Creation>
      <eml:Format>Mapforce</eml:Format>
      <eml:LastUpdate>2001-12-17T09:30:47Z</eml:LastUpdate>
   </eml:Citation>
   <eml:CustomData/>
   <eml:ExtensionNameValue>
      <eml:Name>a</eml:Name>
      <eml:Value>a</eml:Value>
      <eml:MeasureClass>length</eml:MeasureClass>
      <eml:DTim>2001-12-17T09:30:47Z</eml:DTim>
      <eml:Index>1</eml:Index>
      <eml:Description>a</eml:Description>
   </eml:ExtensionNameValue>
   <NameWellCompletion>a</NameWellCompletion>
   <WellboreCompletionNo>a</WellboreCompletionNo>
   <WellboreCompletionAlias>a</WellboreCompletionAlias>
   <EventHistory>
      <ExtensionNameValue>
         <eml:Name>a</eml:Name>
         <eml:Value>a</eml:Value>
         <eml:MeasureClass>length</eml:MeasureClass>
         <eml:DTim>2001-12-17T09:30:47Z</eml:DTim>
         <eml:Index>1</eml:Index>
         <eml:Description>a</eml:Description>
      </ExtensionNameValue>
      <BeginEvent>
         <EventDate>2001-12-17T09:30:47Z</EventDate>
      </BeginEvent>
      <EndEvent>
         <EventDate>2001-12-17T09:30:47Z</EventDate>
      </EndEvent>
   </EventHistory>
   <WellboreCompletionDate>2001-12-17T09:30:47Z</WellboreCompletionDate>
   <SuffixAPI>a</SuffixAPI>
   <CompletionMdInterval datum="!">
      <eml:MdTop uom="ft">3.14159265358979</eml:MdTop>
      <eml:MdBase uom="ft">3.14159265358979</eml:MdBase>
   </CompletionMdInterval>
   <CompletionTvdInterval datum="!">
      <eml:TvdTop uom="ft">3.14159265358979</eml:TvdTop>
      <eml:TvdBase uom="ft">3.14159265358979</eml:TvdBase>
   </CompletionTvdInterval>
   <CurrentStatus>active</CurrentStatus>
   <StatusDate>2001-12-17T09:30:47Z</StatusDate>
   <StatusHistory uid="!">
      <Status>suspended</Status>
      <StartDate>2001-12-17T09:30:47Z</StartDate>
      <EndDate>2001-12-17T09:30:47Z</EndDate>
      <PerforationMdInterval datum="!">
         <eml:MdTop uom="ft">1</eml:MdTop>
         <eml:MdBase uom="ft">1</eml:MdBase>
      </PerforationMdInterval>
      <Comment>a</Comment>
   </StatusHistory>
   <ContactIntervalSet>
      <SlotsInterval uid="!">
         <SlottedMdInterval datum="unknown">
            <eml:MdTop uom="ft">1</eml:MdTop>
            <eml:MdBase uom="ft">1</eml:MdBase>
         </SlottedMdInterval>
         <SlottedTvdInterval datum="unknown">
            <eml:TvdTop uom="ft">1</eml:TvdTop>
            <eml:TvdBase uom="ft">1</eml:TvdBase>
         </SlottedTvdInterval>
         <EventHistory>
            <ExtensionNameValue>
               <eml:Name>a</eml:Name>
               <eml:Value>a</eml:Value>
               <eml:MeasureClass>length</eml:MeasureClass>
               <eml:DTim>2001-12-17T09:30:47Z</eml:DTim>
               <eml:Index>1</eml:Index>
               <eml:Description>a</eml:Description>
            </ExtensionNameValue>
            <BeginEvent>
               <EventDate>2001-12-17T09:30:47Z</EventDate>
            </BeginEvent>
            <EndEvent>
               <EventDate>2001-12-17T09:30:47Z</EventDate>
            </EndEvent>
         </EventHistory>
         <GeologyFeatureRefID>!</GeologyFeatureRefID>
         <ExtensionNameValue>
            <eml:Name>a</eml:Name>
            <eml:Value uom="ft">1</eml:Value>
            <eml:MeasureClass>length</eml:MeasureClass>
            <eml:DTim>2001-12-17T09:30:47Z</eml:DTim>
            <eml:Index>1</eml:Index>
            <eml:Description>a</eml:Description>
         </ExtensionNameValue>
         <StatusHistory uid="StatusHistoryUid">
            <StatusMdInterval datum="unknown">
               <eml:MdTop uom="ft">1</eml:MdTop>
               <eml:MdBase uom="ft">1</eml:MdBase>
            </StatusMdInterval>
         </StatusHistory>
      </SlotsInterval>
      <OpenHoleInterval uid="!">
         <OpenHoleMdInterval datum="!">
            <eml:MdTop uom="ft">3.14159265358979</eml:MdTop>
            <eml:MdBase uom="ft">3.14159265358979</eml:MdBase>
         </OpenHoleMdInterval>
         <OpenHoleTvdInterval datum="!">
            <eml:TvdTop uom="ft">3.14159265358979</eml:TvdTop>
            <eml:TvdBase uom="ft">3.14159265358979</eml:TvdBase>
         </OpenHoleTvdInterval>
         <EventHistory>
            <ExtensionNameValue>
               <eml:Name>a</eml:Name>
               <eml:Value>a</eml:Value>
               <eml:MeasureClass>length</eml:MeasureClass>
               <eml:DTim>2001-12-17T09:30:47Z</eml:DTim>
               <eml:Index>1</eml:Index>
               <eml:Description>a</eml:Description>
            </ExtensionNameValue>
            <BeginEvent>
               <EventDate>2001-12-17T09:30:47Z</EventDate>
            </BeginEvent>
            <EndEvent>
               <EventDate>2001-12-17T09:30:47Z</EventDate>
            </EndEvent>
         </EventHistory>
         <ExtensionNameValue>
            <eml:Name>a</eml:Name>
            <eml:Value uom="ft">a</eml:Value>
            <eml:MeasureClass>length</eml:MeasureClass>
            <eml:DTim>2001-12-17T09:30:47Z</eml:DTim>
            <eml:Index>1</eml:Index>
            <eml:Description>a</eml:Description>
         </ExtensionNameValue>
         <StatusHistory uid="!">
            <PhysicalStatus>closed</PhysicalStatus>
            <StartDate>2001-12-17T09:30:47Z</StartDate>
            <EndDate>2001-12-17T09:30:47Z</EndDate>
            <StatusMdInterval datum="!">
               <eml:MdTop uom="ft">3.14159265358979</eml:MdTop>
               <eml:MdBase uom="ft">3.14159265358979</eml:MdBase>
            </StatusMdInterval>
            <AllocationFactor>0</AllocationFactor>
            <Comment>a</Comment>
         </StatusHistory>
      </OpenHoleInterval>
      <PerforationSetInterval uid="!">
         <PerforationSetMdInterval datum="unknown">
            <eml:MdTop uom="ft">1</eml:MdTop>
            <eml:MdBase uom="ft">1</eml:MdBase>
         </PerforationSetMdInterval>
         <PerforationSetTvdInterval datum="unknown">
            <eml:TvdTop uom="ft">1</eml:TvdTop>
            <eml:TvdBase uom="ft">1</eml:TvdBase>
         </PerforationSetTvdInterval>
         <EventHistory>
            <ExtensionNameValue>
               <eml:Name>a</eml:Name>
               <eml:Value>a</eml:Value>
               <eml:MeasureClass>length</eml:MeasureClass>
               <eml:DTim>2001-12-17T09:30:47Z</eml:DTim>
               <eml:Index>1</eml:Index>
               <eml:Description>a</eml:Description>
            </ExtensionNameValue>
            <BeginEvent>
               <EventDate>2001-12-17T09:30:47Z</EventDate>
            </BeginEvent>
            <EndEvent>
               <EventDate>2001-12-17T09:30:47Z</EventDate>
            </EndEvent>
         </EventHistory>
         <ExtensionNameValue>
            <eml:Name>a</eml:Name>
            <eml:Value>a</eml:Value>
            <eml:MeasureClass>length</eml:MeasureClass>
            <eml:DTim>2001-12-17T09:30:47Z</eml:DTim>
            <eml:Index>1</eml:Index>
            <eml:Description>a</eml:Description>
         </ExtensionNameValue>
         <PerforationStatusHistory uid="!">
            <PerforationStatus>proposed</PerforationStatus>
            <StartDate>2001-12-17T09:30:47Z</StartDate>
            <EndDate>2001-12-17T09:30:47Z</EndDate>
            <PerforationMdInterval datum="unknown">
               <eml:MdTop uom="ft">1</eml:MdTop>
               <eml:MdBase uom="ft">1</eml:MdBase>
            </PerforationMdInterval>
            <PerforationTvdInterval datum="unknown">
               <eml:TvdTop uom="ft">1</eml:TvdTop>
               <eml:TvdBase uom="ft">1</eml:TvdBase>
            </PerforationTvdInterval>
            <AllocationFactor>0</AllocationFactor>
            <Comment>a</Comment>
         </PerforationStatusHistory>
      </PerforationSetInterval>
      <GravelPackInterval uid="!">
         <GravelPackMdInterval datum="!">
            <eml:MdTop uom="ft">3.14159265358979</eml:MdTop>
            <eml:MdBase uom="ft">3.14159265358979</eml:MdBase>
         </GravelPackMdInterval>
         <GravelPackTvdInterval datum="!">
            <eml:TvdTop uom="ft">3.14159265358979</eml:TvdTop>
            <eml:TvdBase uom="ft">3.14159265358979</eml:TvdBase>
         </GravelPackTvdInterval>
         <EventHistory>
            <ExtensionNameValue>
               <eml:Name>a</eml:Name>
               <eml:Value>a</eml:Value>
               <eml:MeasureClass>length</eml:MeasureClass>
               <eml:DTim>2001-12-17T09:30:47Z</eml:DTim>
               <eml:Index>1</eml:Index>
               <eml:Description>a</eml:Description>
            </ExtensionNameValue>
            <BeginEvent>
               <EventDate>2001-12-17T09:30:47Z</EventDate>
            </BeginEvent>
            <EndEvent>
               <EventDate>2001-12-17T09:30:47Z</EventDate>
            </EndEvent>
         </EventHistory>
         <ExtensionNameValue>
            <eml:Name>a</eml:Name>
            <eml:Value>a</eml:Value>
            <eml:MeasureClass>length</eml:MeasureClass>
            <eml:DTim>2001-12-17T09:30:47Z</eml:DTim>
            <eml:Index>1</eml:Index>
            <eml:Description>a</eml:Description>
         </ExtensionNameValue>
         <StatusHistory uid="!">
            <PhysicalStatus>closed</PhysicalStatus>
            <StartDate>2001-12-17T09:30:47Z</StartDate>
            <EndDate>2001-12-17T09:30:47Z</EndDate>
            <StatusMdInterval datum="!">
               <eml:MdTop uom="m">3.14159265358979</eml:MdTop>
               <eml:MdBase uom="ft">3.14159265358979</eml:MdBase>
            </StatusMdInterval>
            <AllocationFactor>0</AllocationFactor>
            <Comment>a</Comment>
         </StatusHistory>
      </GravelPackInterval>
   </ContactIntervalSet>
   <ReferenceWellbore>
      <eml:ContentType>Wellbore</eml:ContentType>
      <eml:Title>a</eml:Title>
      <eml:Uuid>00000000-0000-0000-0000-000000000000</eml:Uuid>
      <eml:UuidAuthority>!</eml:UuidAuthority>
   </ReferenceWellbore>
   <WellCompletion>
      <eml:ContentType>WellCompletion</eml:ContentType>
      <eml:Title>!</eml:Title>
      <eml:Uuid>00000000-0000-0000-0000-000000000000</eml:Uuid>
   </WellCompletion>
</WellboreCompletion>
