<?xml version="1.0" encoding="UTF-8"?>
<WellboreMarker xmlns="http://www.energistics.org/energyml/data/witsmlv2"
                xmlns:eml="http://www.energistics.org/energyml/data/commonv2"
                xmlns:gco="http://www.isotc211.org/2005/gco"
                xmlns:gmd="http://www.isotc211.org/2005/gmd"
                xmlns:gsr="http://www.isotc211.org/2005/gsr"
                xmlns:gts="http://www.isotc211.org/2005/gts"
                xmlns:gml="http://www.opengis.net/gml/3.2"
                xmlns:xlink="http://www.w3.org/1999/xlink"
                xmlns:xsi="http://www.w3.org/2001/XMLSchema-instance"
                xsi:schemaLocation="http://www.energistics.org/energyml/data/witsmlv2 ../xsd_schemas/WellboreMarkers.xsd"
                schemaVersion="2.0"
                uuid="00000000-0000-0000-0000-000000000000">
   <eml:Aliases authority="1.4.1.1">
      <eml:Identifier>W-12B-01m67</eml:Identifier>
      <eml:Description>Identifier is created from the uid of the input scheme</eml:Description>
   </eml:Aliases>
   <eml:Citation>
      <eml:Title>Rotliegende</eml:Title>
      <eml:Originator>1411_input</eml:Originator>
      <eml:Creation>2018-01-23T08:19:37.216-06:00</eml:Creation>
      <eml:Format>Mapforce</eml:Format>
   </eml:Citation>
   <Md uom="ft" datum="kelly bushing">5000</Md>
   <Tvd uom="ft" datum="kelly bushing">4695</Tvd>
   <DipAngle uom="dega">10</DipAngle>
   <DipDirection uom="dega">200</DipDirection>
   <Wellbore>
      <eml:ContentType>obj_wellbore</eml:ContentType>
      <eml:Title>A-42</eml:Title>
      <eml:Uuid>00000000-0000-0000-0000-000000000000</eml:Uuid>
   </Wellbore>
</WellboreMarker>
