<?xml version="1.0" encoding="UTF-8"?>
<WellCMLedger xmlns="http://www.energistics.org/energyml/data/witsmlv2"
              xmlns:eml="http://www.energistics.org/energyml/data/commonv2"
              xmlns:gco="http://www.isotc211.org/2005/gco"
              xmlns:gmd="http://www.isotc211.org/2005/gmd"
              xmlns:gsr="http://www.isotc211.org/2005/gsr"
              xmlns:gts="http://www.isotc211.org/2005/gts"
              xmlns:gml="http://www.opengis.net/gml/3.2"
              xmlns:xlink="http://www.w3.org/1999/xlink"
              xmlns:xsi="http://www.w3.org/2001/XMLSchema-instance"
              xsi:schemaLocation="http://www.energistics.org/energyml/data/witsmlv2 ../xsd_schemas/WellCMLedger.xsd"
              schemaVersion="2.0"
              uuid="00000000-0000-0000-0000-000000000000">
   <eml:Aliases authority="1.4.1.1">
      <eml:Identifier>WellCMLedgerE00.xml</eml:Identifier>
   </eml:Aliases>
   <eml:Citation>
      <eml:Title>E00</eml:Title>
      <eml:Originator>1411_input</eml:Originator>
      <eml:Creation>2018-01-23T08:19:39.597-06:00</eml:Creation>
      <eml:Format>Mapforce</eml:Format>
   </eml:Citation>
   <DTimStart>1990-11-11T00:00:00Z</DTimStart>
   <DTimEnd>1990-11-22T00:00:00Z</DTimEnd>
   <Duration uom="h">47</Duration>
   <MdInterval datum="unknown">
      <eml:MdTop uom="ft">0</eml:MdTop>
      <eml:MdBase uom="ft">0</eml:MdBase>
   </MdInterval>
   <ActivityCode>completion operations</ActivityCode>
   <Type Class="job">Drilling &amp; Complete Well </Type>
   <IsPlan>true</IsPlan>
   <Wellbore>
      <eml:ContentType>wellbore</eml:ContentType>
      <eml:Title>WellCMLedger wellbore</eml:Title>
      <eml:Uuid>00000000-0000-0000-0000-000000000000</eml:Uuid>
      <eml:UuidAuthority>1411_input</eml:UuidAuthority>
   </Wellbore>
</WellCMLedger>
