<?xml version="1.0" encoding="UTF-8"?>
<WellCompletion xmlns="http://www.energistics.org/energyml/data/witsmlv2"
                xmlns:eml="http://www.energistics.org/energyml/data/commonv2"
                xmlns:gco="http://www.isotc211.org/2005/gco"
                xmlns:gmd="http://www.isotc211.org/2005/gmd"
                xmlns:gsr="http://www.isotc211.org/2005/gsr"
                xmlns:gts="http://www.isotc211.org/2005/gts"
                xmlns:gml="http://www.opengis.net/gml/3.2"
                xmlns:xlink="http://www.w3.org/1999/xlink"
                xmlns:xsi="http://www.w3.org/2001/XMLSchema-instance"
                xsi:schemaLocation="http://www.energistics.org/energyml/data/witsmlv2 ../xsd_schemas/WellCompletion.xsd"
                schemaVersion="2.0"
                uuid="00000000-0000-0000-0000-000000000000">
   <eml:Aliases authority="1.4.0.0">
      <eml:Identifier>!!a</eml:Identifier>
   </eml:Aliases>
   <eml:Citation>
      <eml:Title>a</eml:Title>
      <eml:Originator>1411_input</eml:Originator>
      <eml:Creation>2018-01-23T08:19:42.391-06:00</eml:Creation>
      <eml:Format>Mapforce</eml:Format>
      <eml:LastUpdate>2001-12-17T09:30:47Z</eml:LastUpdate>
   </eml:Citation>
   <eml:CustomData/>
   <eml:ExtensionNameValue>
      <eml:Name>a</eml:Name>
      <eml:Value uom="a">a</eml:Value>
      <eml:MeasureClass>length</eml:MeasureClass>
      <eml:DTim>2001-12-17T09:30:47Z</eml:DTim>
      <eml:Index>1</eml:Index>
      <eml:Description>a</eml:Description>
   </eml:ExtensionNameValue>
   <FieldID>a</FieldID>
   <FieldCode>a</FieldCode>
   <FieldType>a</FieldType>
   <EffectiveDate>2001-12-17T09:30:47Z</EffectiveDate>
   <ExpiredDate>2001-12-17T09:30:47Z</ExpiredDate>
   <E_P_RightsID>a</E_P_RightsID>
   <CurrentStatus>temporarily abandoned</CurrentStatus>
   <StatusDate>2001-12-17T09:30:47Z</StatusDate>
   <StatusHistory uid="!">
      <Status>temporarily abandoned</Status>
      <StartDate>2001-12-17T09:30:47Z</StartDate>
      <EndDate>2001-12-17T09:30:47Z</EndDate>
      <PerforationMdInterval datum="!">
         <eml:MdTop uom="m">3.14159265358979</eml:MdTop>
         <eml:MdBase uom="m">3.14159265358979</eml:MdBase>
      </PerforationMdInterval>
      <Comment>a</Comment>
   </StatusHistory>
   <Well>
      <eml:ContentType>well</eml:ContentType>
      <eml:Title>a</eml:Title>
      <eml:Uuid>00000000-0000-0000-0000-000000000000</eml:Uuid>
      <eml:UuidAuthority>!</eml:UuidAuthority>
   </Well>
</WellCompletion>
