<?xml version="1.0" encoding="UTF-8"?>
<witsml:ChannelSet schemaVersion="2" uuid="987587b3-18bd-4461-b4b5-50144548bf96" xsi:schemaLocation="http://www.energistics.org/energyml/data/witsmlv2 ../../../../../witsml/v2.0/xsd_schemas/Log.xsd" xmlns:eml="http://www.energistics.org/energyml/data/commonv2" xmlns:witsml="http://www.energistics.org/energyml/data/witsmlv2" xmlns:xsi="http://www.w3.org/2001/XMLSchema-instance">
		<eml:Citation>
			<eml:Title>Measurement Trace Channel Set for ID1</eml:Title>
			<eml:Originator>Energistics</eml:Originator>
			<eml:Creation>2001-12-17T09:30:47Z</eml:Creation>
			<eml:Format>2</eml:Format>
		</eml:Citation>
		<witsml:Index>
			<witsml:IndexType>measured depth</witsml:IndexType>
			<witsml:Uom>m</witsml:Uom>
			<witsml:Direction>increasing</witsml:Direction>
			<witsml:Mnemonic>pathDistance</witsml:Mnemonic>
		</witsml:Index>
		<witsml:Channel schemaVersion="2" uuid="86a1c354-b031-4a9b-863d-7945ac049d4f">
			<eml:Citation>
				<eml:Title>Channel for antistokes</eml:Title>
				<eml:Originator>Energistics</eml:Originator>
				<eml:Creation>2001-12-17T09:30:47Z</eml:Creation>
				<eml:Format>2</eml:Format>
			</eml:Citation>
			<witsml:Mnemonic>antistokes</witsml:Mnemonic>
			<witsml:DataType>double</witsml:DataType>
			<witsml:Uom>mW</witsml:Uom>
			<witsml:GrowingStatus>active</witsml:GrowingStatus>
			<witsml:TimeDepth>depth</witsml:TimeDepth>
			<witsml:ChannelClass schemaVersion="2" uuid="d8891798-a45f-41a3-ba06-3ef5e40ce2ee">
				<eml:Citation>
					<eml:Title>ChannelClass for antistokes</eml:Title>
					<eml:Originator>Energistics</eml:Originator>
					<eml:Creation>2001-12-17T09:30:47Z</eml:Creation>
					<eml:Format>2</eml:Format>
				</eml:Citation>
				<eml:QuantityClass>power</eml:QuantityClass>
			</witsml:ChannelClass>
			<witsml:LoggingCompanyName>Company name</witsml:LoggingCompanyName>
			<witsml:Index>
				<witsml:IndexType>measured depth</witsml:IndexType>
				<witsml:Uom>m</witsml:Uom>
				<witsml:Direction>increasing</witsml:Direction>
				<witsml:Mnemonic>pathDistance</witsml:Mnemonic>
			</witsml:Index>
		</witsml:Channel>
		<witsml:Channel schemaVersion="2" uuid="6a7cbcde-57cd-4684-80d2-7000121fba14">
			<eml:Citation>
				<eml:Title>Channel for stokes</eml:Title>
				<eml:Originator>Energistics</eml:Originator>
				<eml:Creation>2001-12-17T09:30:47Z</eml:Creation>
				<eml:Format>2</eml:Format>
			</eml:Citation>
			<witsml:Mnemonic>stokes</witsml:Mnemonic>
			<witsml:DataType>double</witsml:DataType>
			<witsml:Uom>mW</witsml:Uom>
			<witsml:GrowingStatus>active</witsml:GrowingStatus>
			<witsml:TimeDepth>depth</witsml:TimeDepth>
			<witsml:ChannelClass schemaVersion="2" uuid="c6a312f7-bab7-4c88-9290-abb7401fefe4">
				<eml:Citation>
					<eml:Title>ChannelClass for stokes</eml:Title>
					<eml:Originator>Energistics</eml:Originator>
					<eml:Creation>2001-12-17T09:30:47Z</eml:Creation>
					<eml:Format>2</eml:Format>
				</eml:Citation>
				<eml:QuantityClass>power</eml:QuantityClass>
			</witsml:ChannelClass>
			<witsml:LoggingCompanyName>Company name</witsml:LoggingCompanyName>
			<witsml:Index>
				<witsml:IndexType>measured depth</witsml:IndexType>
				<witsml:Uom>m</witsml:Uom>
				<witsml:Direction>increasing</witsml:Direction>
				<witsml:Mnemonic>pathDistance</witsml:Mnemonic>
			</witsml:Index>
		</witsml:Channel>
		<witsml:Channel schemaVersion="2" uuid="7029c81e-2b73-4e47-b407-01f6b0529413">
			<eml:Citation>
				<eml:Title>Channel for uncalibratedTemperature1</eml:Title>
				<eml:Originator>Energistics</eml:Originator>
				<eml:Creation>2001-12-17T09:30:47Z</eml:Creation>
				<eml:Format>2</eml:Format>
			</eml:Citation>
			<witsml:Mnemonic>uncalibratedTemperature1</witsml:Mnemonic>
			<witsml:DataType>double</witsml:DataType>
			<witsml:Uom>mW</witsml:Uom>
			<witsml:GrowingStatus>active</witsml:GrowingStatus>
			<witsml:TimeDepth>depth</witsml:TimeDepth>
			<witsml:ChannelClass schemaVersion="2" uuid="d43e7fd2-75c1-42e4-b0e3-c9b721c3703f">
				<eml:Citation>
					<eml:Title>ChannelClass for uncalibratedTemperature1</eml:Title>
					<eml:Originator>Energistics</eml:Originator>
					<eml:Creation>2001-12-17T09:30:47Z</eml:Creation>
					<eml:Format>2</eml:Format>
				</eml:Citation>
				<eml:QuantityClass>thermodynamic temperature</eml:QuantityClass>
			</witsml:ChannelClass>
			<witsml:LoggingCompanyName>Company name</witsml:LoggingCompanyName>
			<witsml:Index>
				<witsml:IndexType>measured depth</witsml:IndexType>
				<witsml:Uom>m</witsml:Uom>
				<witsml:Direction>increasing</witsml:Direction>
				<witsml:Mnemonic>pathDistance</witsml:Mnemonic>
			</witsml:Index>
		</witsml:Channel>
		<witsml:Data>
			<witsml:Data>
			[
			[5,0.696967324,3.514406317,25.68171947]
[10,0.322944731,3.308459525,25.48662041]
[15,0.790652363,0.164481871,25.49488728]
[20,0.739910877,4.487284368,25.3289979]
[25,0.249175057,4.481827007,25.47721579]
[30,0.280988987,2.256644365,25.86206061]
[35,0.106927337,3.018633943,26.3491024]
[40,0.875277243,1.44599566,26.77767283]
[45,0.701072275,4.464228736,27.47208933]
[50,0.323033111,4.26778354,27.77949983]
[55,0.459705236,3.525890013,28.84776963]
[60,0.732082229,1.495928613,28.99828028]
[65,0.58367211,0.600345851,29.23540072]
[70,0.798137111,3.028611785,29.51797844]
[75,0.342095529,4.871723532,30.12224969]
[80,0.28924814,3.109984606,30.77039023]
[85,0.453255336,4.780408483,31.12515871]
[90,0.584323279,1.17999913,32.34813378]
[95,0.875459193,4.478031246,32.57118963]
[100,0.715492618,1.437786609,33.3518939]
[105,0.390959536,3.192928009,33.50180127]
[110,0.572445765,3.536694157,34.41240089]
[115,0.513293674,2.221227045,34.97321823]
[120,0.085369892,1.029788762,35.48099683]
[125,0.910702811,4.892655237,35.11985988]
[130,0.152368612,2.803560015,35.75533547]
[135,0.088296387,3.071461231,36.22004284]
[140,0.023400619,4.080481654,37.20579843]
[145,0.659608827,1.08637042,37.46193631]
[150,0.988997333,3.943515939,38.26768779]
[155,0.314532277,1.010178922,38.47160748]
[160,0.478643546,1.878511431,39.39083542]
[165,0.492434667,3.453624704,39.36449092]
[170,0.026039166,2.768818214,39.92885403]
[175,0.144124913,1.094002024,40.55955788]
[180,0.876886754,3.076766155,40.66184379]
[185,0.755077767,3.576436925,41.68194655]
[190,0.529364404,0.287111982,42.32032499]
[195,0.227758033,2.375304845,42.27036511]
[200,0.221602087,3.975542585,42.82845292]
[205,0.863717369,1.202126809,43.14144493]
[210,0.110200893,1.582973145,43.55722688]
[215,0.126760966,3.012930029,44.69953793]
[220,0.915528974,2.829030475,44.87269846]
[225,0.818824122,3.0943273,45.38363959]
[230,0.372375266,2.61744531,45.72934729]
[235,0.875203683,0.806094142,46.8004369]
[240,0.203546219,1.768951217,47.20170612]
[245,0.207591216,1.37607982,47.87307048]
[250,0.234974477,0.075058276,48.15442087]
[255,0.514860117,0.12412603,48.27323086]
[260,0.343632346,0.925888016,49.429808]
[265,0.291934741,2.424399397,49.16603708]
[270,0.807106263,3.362046982,49.99039863]
[275,0.77413165,4.902750455,50.39647517]
[280,0.96456769,4.355422159,50.84141651]
[285,0.425471438,2.647088942,51.41532791]
[290,0.233079083,0.326446097,51.69693607]
[295,0.939176761,3.303739649,52.28094489]
[300,0.903505187,3.363615961,53.4127474]
[305,0.632392541,4.823812131,53.80338953]
[310,0.86130878,1.057242419,53.9308566]
[315,0.787404607,2.366637424,54.74826609]
[320,0.340488122,4.409886521,55.24995259]
[325,0.744920689,0.750748899,55.19351991]
[330,0.774041636,0.465196236,55.51232929]
[335,0.144886576,4.270770151,56.86115222]
[340,0.273628807,1.336324883,57.02273308]
[345,0.295575345,4.216694482,57.45840888]
[350,0.940437445,2.264719883,58.4281168]
[355,0.273339959,4.11187421,58.24454058]
[360,0.224354604,0.682274214,59.14767925]
[365,0.396532336,0.02675216,59.73073324]
[370,0.213661957,4.809168431,60.32189144]
[375,0.383923929,3.860012573,60.03625068]
[380,0.385862599,3.594072607,60.70813343]
[385,0.804119699,3.967116178,61.43047717]
[390,0.621027327,0.343250272,61.61832555]
[395,0.442058866,2.986748202,62.60330322]
[400,0.646248604,3.621164528,62.62606726]
[405,0.157348807,4.646553668,63.98513836]
[410,0.79187729,4.075187494,63.57890352]
[415,0.58481106,3.029049714,64.41671433]
[420,0.407500852,4.68382484,65.21245645]
[425,0.368753609,4.705149622,65.47678319]
[430,0.330845094,4.367346361,65.6762489]
[435,0.919959199,0.356316903,66.34996499]
[440,0.329885454,0.341325623,66.56787794]
[445,0.669642638,0.675133768,67.63960956]
[450,0.072990738,2.258141575,67.63733811]
[455,0.439253776,2.782211299,68.5709376]
[460,0.179586698,2.544517778,69.17492997]
[465,0.426322327,0.793378034,69.91741214]
[470,0.512300997,2.509494672,69.78884286]
[475,0.704709517,2.645786304,70.70453248]
[480,0.870051573,1.40778497,71.02250062]
[485,0.236965368,3.065628147,71.14811234]
[490,0.373281799,1.432545201,71.84100439]
[495,0.87801585,0.879736602,72.00639414]
[500,0.552766107,2.641333244,73.06811126]
[505,0.405446793,0.772936588,73.01190944]

			]	
			</witsml:Data>
		</witsml:Data>
	</witsml:ChannelSet>
