<?xml version="1.0" encoding="UTF-8"?>
<prodml:FluidAnalysis objectVersion="2.0" xsi:type="prodml:HydrocarbonAnalysis" schemaVersion="2.0" uuid="00000000-0000-0000-0000-000000000000" xmlns:eml="http://www.energistics.org/energyml/data/commonv2" xmlns:prodml="http://www.energistics.org/energyml/data/prodmlv2" xmlns:xsi="http://www.w3.org/2001/XMLSchema-instance" xsi:schemaLocation="http://www.energistics.org/energyml/data/prodmlv2 ../../../../xsd_schemas/FluidAnalysis.xsd">
	<eml:Citation>
		<eml:Title>Gas Condensate</eml:Title>
		<eml:Originator>Tekin</eml:Originator>
		<eml:Creation>2001-12-17T09:30:47Z</eml:Creation>
		<eml:Format>xml</eml:Format>
		<eml:Editor>aaa</eml:Editor>
		<eml:LastUpdate>2001-12-17T09:30:47Z</eml:LastUpdate>
		<eml:Description>Gas Condensate</eml:Description>
		<eml:DescriptiveKeywords>Gas Condensate</eml:DescriptiveKeywords>
	</eml:Citation>
	<prodml:RequestDate>2015-06-01</prodml:RequestDate>
	<prodml:AnalysisDescription>All information in this example is fictitious and provided “as is” for informational purposes only, as derived from Chevron's experience.  It is not intended to be and shall not be interpreted to be suggestions, advice or recommendations for the use of any product or application of any process in a manner that infringes any patent or other intellectual property of a third party.</prodml:AnalysisDescription>
	<prodml:AnalysisPurpose>hydoranalysis gas condensate demo</prodml:AnalysisPurpose>
	<prodml:AnalysisSite>WFT</prodml:AnalysisSite>
	<prodml:LabContact>missing</prodml:LabContact>
	<prodml:StandardConditions xsi:type="eml:TemperaturePressure">
		<eml:Temperature uom="degF">60</eml:Temperature>
		<eml:Pressure uom="psi">14.7</eml:Pressure>
	</prodml:StandardConditions>
	<prodml:AnalysisQuality>valid</prodml:AnalysisQuality>
	<prodml:FluidSample>
		<eml:ContentType>aaa</eml:ContentType>
		<eml:Title>demo</eml:Title>
		<eml:Uuid>00000000-0000-0000-0000-000000000000</eml:Uuid>
		<eml:UuidAuthority>WFT</eml:UuidAuthority>
	</prodml:FluidSample>
	<prodml:FluidComponentCatalog>
		<prodml:PureFluidComponent uid="Co2">
			<prodml:Kind>co2</prodml:Kind>
			<prodml:MolecularWeight uom="g/mol">44</prodml:MolecularWeight>
			<prodml:HydrocarbonFlag>false</prodml:HydrocarbonFlag>
			<prodml:Remark/>
		</prodml:PureFluidComponent>
		<prodml:PureFluidComponent uid="N2">
			<prodml:Kind>n2</prodml:Kind>
			<prodml:MolecularWeight uom="g/mol">28</prodml:MolecularWeight>
			<prodml:HydrocarbonFlag>false</prodml:HydrocarbonFlag>
			<prodml:Remark/>
		</prodml:PureFluidComponent>
		<prodml:PureFluidComponent uid="C1">
			<prodml:Kind>c1</prodml:Kind>
			<prodml:MolecularWeight uom="g/mol">16</prodml:MolecularWeight>
			<prodml:HydrocarbonFlag>true</prodml:HydrocarbonFlag>
			<prodml:Remark/>
		</prodml:PureFluidComponent>
		<prodml:PureFluidComponent uid="C2">
			<prodml:Kind>c2</prodml:Kind>
			<prodml:MolecularWeight uom="g/mol">30.1</prodml:MolecularWeight>
			<prodml:HydrocarbonFlag>true</prodml:HydrocarbonFlag>
			<prodml:Remark/>
		</prodml:PureFluidComponent>
		<prodml:PureFluidComponent uid="C3">
			<prodml:Kind>c3</prodml:Kind>
			<prodml:MolecularWeight uom="g/mol">44.1</prodml:MolecularWeight>
			<prodml:HydrocarbonFlag>true</prodml:HydrocarbonFlag>
			<prodml:Remark/>
		</prodml:PureFluidComponent>
		<prodml:PureFluidComponent uid="i-C4">
			<prodml:Kind>i-c4</prodml:Kind>
			<prodml:MolecularWeight uom="g/mol">58.1</prodml:MolecularWeight>
			<prodml:HydrocarbonFlag>true</prodml:HydrocarbonFlag>
			<prodml:Remark/>
		</prodml:PureFluidComponent>
		<prodml:PureFluidComponent uid="n-C4">
			<prodml:Kind>n-c4</prodml:Kind>
			<prodml:MolecularWeight uom="g/mol">58.1</prodml:MolecularWeight>
			<prodml:HydrocarbonFlag>true</prodml:HydrocarbonFlag>
			<prodml:Remark/>
		</prodml:PureFluidComponent>
		<prodml:PureFluidComponent uid="i-C5">
			<prodml:Kind>i-c5</prodml:Kind>
			<prodml:MolecularWeight uom="g/mol">72.2</prodml:MolecularWeight>
			<prodml:HydrocarbonFlag>true</prodml:HydrocarbonFlag>
			<prodml:Remark/>
		</prodml:PureFluidComponent>
		<prodml:PureFluidComponent uid="n-C5">
			<prodml:Kind>n-c5</prodml:Kind>
			<prodml:MolecularWeight uom="g/mol">72.2</prodml:MolecularWeight>
			<prodml:HydrocarbonFlag>true</prodml:HydrocarbonFlag>
			<prodml:Remark/>
		</prodml:PureFluidComponent>
		<prodml:PseudoFluidComponent uid="C6">
			<prodml:Kind>c6</prodml:Kind>
			<prodml:AvgMolecularWeight uom="g/mol">86.2</prodml:AvgMolecularWeight>
			<prodml:Remark/>
		</prodml:PseudoFluidComponent>
		<prodml:PseudoFluidComponent uid="C7">
			<prodml:Kind>c7</prodml:Kind>
			<prodml:AvgMolecularWeight uom="g/mol">100.2</prodml:AvgMolecularWeight>
			<prodml:Remark/>
		</prodml:PseudoFluidComponent>
		<prodml:PseudoFluidComponent uid="C8">
			<prodml:Kind>c8</prodml:Kind>
			<prodml:AvgMolecularWeight uom="g/mol">114.2</prodml:AvgMolecularWeight>
			<prodml:Remark/>
		</prodml:PseudoFluidComponent>
		<prodml:PseudoFluidComponent uid="C9">
			<prodml:Kind>c9</prodml:Kind>
			<prodml:AvgMolecularWeight uom="g/mol">128.3</prodml:AvgMolecularWeight>
			<prodml:Remark/>
		</prodml:PseudoFluidComponent>
		<prodml:PseudoFluidComponent uid="C10">
			<prodml:Kind>c10</prodml:Kind>
			<prodml:AvgMolecularWeight uom="g/mol">142.3</prodml:AvgMolecularWeight>
			<prodml:Remark/>
		</prodml:PseudoFluidComponent>
		<prodml:PseudoFluidComponent uid="C11">
			<prodml:Kind>c11</prodml:Kind>
			<prodml:AvgMolecularWeight uom="g/mol">147</prodml:AvgMolecularWeight>
			<prodml:Remark/>
		</prodml:PseudoFluidComponent>
		<prodml:PlusFluidComponent uid="C11+">
			<prodml:Kind>c11+</prodml:Kind>
			<prodml:StartingCarbonNumber>12</prodml:StartingCarbonNumber>
			<prodml:AvgMolecularWeight uom="g/mol">190</prodml:AvgMolecularWeight>
			<prodml:Remark>only the name is required</prodml:Remark>
		</prodml:PlusFluidComponent>
	</prodml:FluidComponentCatalog>
	<prodml:AtmosphericFlashTestAndCompositionalAnalysis uid="aftac1">
		<prodml:TestNumber>1</prodml:TestNumber>
		<prodml:Date>2015-06-01</prodml:Date>
		<prodml:FlashGOR uom="%">6190</prodml:FlashGOR>
		<prodml:Remark>0-flash data</prodml:Remark>
		<prodml:FlashedLiquid>
			<prodml:OilAPIGravity uom="dAPI">49.3</prodml:OilAPIGravity>
			<prodml:OilMolecularWeight uom="g/mol">143</prodml:OilMolecularWeight>
		</prodml:FlashedLiquid>
	</prodml:AtmosphericFlashTestAndCompositionalAnalysis>
	<prodml:ConstantCompositionExpansionTest uid="cce1">
		<prodml:TestNumber>1</prodml:TestNumber>
		<prodml:TestTemperature uom="degF">250</prodml:TestTemperature>
		<prodml:SaturationPressure uom="psi" kind="bubble point">4853</prodml:SaturationPressure>
		<prodml:LiquidFractionReference uid="lfr1">
			<prodml:Kind>saturation-measured</prodml:Kind>
			<!-- <prodml:ReferenceVolume uom="acre.ft">3.14159265358979E0</prodml:ReferenceVolume> -->
			<prodml:Remark>aaa</prodml:Remark>
		</prodml:LiquidFractionReference>
		<prodml:LiquidFractionReference uid="lfr2">
			<prodml:Kind>separator stage 5</prodml:Kind>
			<prodml:ReferenceVolume uom="qt[US]">3.14159265358979E0</prodml:ReferenceVolume>
			<prodml:Remark>aaa</prodml:Remark>
		</prodml:LiquidFractionReference>
		<prodml:RelativeVolumeReference uid="rvr1">
			<prodml:Kind>separator stage 9</prodml:Kind>
			<prodml:ReferenceVolume uom="gal[US]">3.14159265358979E0</prodml:ReferenceVolume>
			<prodml:Remark>aaa</prodml:Remark>
		</prodml:RelativeVolumeReference>
		<prodml:RelativeVolumeReference uid="rvr2">
			<prodml:Kind>saturation-calculated</prodml:Kind>
			<prodml:ReferenceVolume uom="dm3">3.14159265358979E0</prodml:ReferenceVolume>
			<prodml:Remark>aaa</prodml:Remark>
		</prodml:RelativeVolumeReference>
		<prodml:ConstantCompositionExpansionTestStep uid="cces1">
			<prodml:StepNumber>1</prodml:StepNumber>
			<prodml:StepPressure uom="psi">7515</prodml:StepPressure>
			<prodml:RelativeVolumeRatio fluidVolumeReference="saturation-measured" uom="bbl/bbl">0.850</prodml:RelativeVolumeRatio>
			<prodml:GasDensity uom="g/dm3">419.0</prodml:GasDensity>
			<prodml:GasZFactor>1.290</prodml:GasZFactor>
			<!-- <prodml:FluidCondition>Stock Tank Conditions</prodml:FluidCondition> ??-->
			<prodml:PhasesPresent>gas</prodml:PhasesPresent>
			<prodml:Remark>none</prodml:Remark>
		</prodml:ConstantCompositionExpansionTestStep>
		<prodml:ConstantCompositionExpansionTestStep uid="cces2">
			<prodml:StepNumber>2</prodml:StepNumber>
			<prodml:StepPressure uom="psi">7415</prodml:StepPressure>
			<prodml:RelativeVolumeRatio fluidVolumeReference="saturation-measured" uom="bbl/bbl">0.854</prodml:RelativeVolumeRatio>
			<prodml:GasDensity uom="g/dm3">417.0</prodml:GasDensity>
			<prodml:GasZFactor>1.278</prodml:GasZFactor>
			<!-- <prodml:FluidCondition>Stock Tank Conditions</prodml:FluidCondition> ??-->
			<prodml:PhasesPresent>gas</prodml:PhasesPresent>
			<prodml:Remark>none</prodml:Remark>
		</prodml:ConstantCompositionExpansionTestStep>
		<prodml:ConstantCompositionExpansionTestStep uid="cces3">
			<prodml:StepNumber>3</prodml:StepNumber>
			<prodml:StepPressure uom="psi">7315</prodml:StepPressure>
			<prodml:RelativeVolumeRatio fluidVolumeReference="saturation-measured" uom="bbl/bbl">0.858</prodml:RelativeVolumeRatio>
			<prodml:GasDensity uom="g/dm3">415.0</prodml:GasDensity>
			<prodml:GasZFactor>1.266</prodml:GasZFactor>
			<!-- <prodml:FluidCondition>Stock Tank Conditions</prodml:FluidCondition> ??-->
			<prodml:PhasesPresent>gas</prodml:PhasesPresent>
			<prodml:Remark>none</prodml:Remark>
		</prodml:ConstantCompositionExpansionTestStep>
		<prodml:ConstantCompositionExpansionTestStep uid="cces4">
			<prodml:StepNumber>4</prodml:StepNumber>
			<prodml:StepPressure uom="psi">7215</prodml:StepPressure>
			<prodml:RelativeVolumeRatio fluidVolumeReference="saturation-measured" uom="bbl/bbl">0.862</prodml:RelativeVolumeRatio>
			<prodml:GasDensity uom="g/dm3">413.0</prodml:GasDensity>
			<prodml:GasZFactor>1.255</prodml:GasZFactor>
			<!-- <prodml:FluidCondition>Stock Tank Conditions</prodml:FluidCondition> ??-->
			<prodml:PhasesPresent>gas</prodml:PhasesPresent>
			<prodml:Remark>none</prodml:Remark>
		</prodml:ConstantCompositionExpansionTestStep>
		<prodml:ConstantCompositionExpansionTestStep uid="cces5">
			<prodml:StepNumber>5</prodml:StepNumber>
			<prodml:StepPressure uom="psi">7159</prodml:StepPressure>
			<prodml:RelativeVolumeRatio fluidVolumeReference="saturation-measured" uom="bbl/bbl">0.864</prodml:RelativeVolumeRatio>
			<prodml:GasDensity uom="g/dm3">412.0</prodml:GasDensity>
			<prodml:GasZFactor>1.248</prodml:GasZFactor>
			<!-- <prodml:FluidCondition>Stock Tank Conditions</prodml:FluidCondition> ??-->
			<prodml:PhasesPresent>gas</prodml:PhasesPresent>
			<prodml:Remark>none</prodml:Remark>
		</prodml:ConstantCompositionExpansionTestStep>
		<prodml:ConstantCompositionExpansionTestStep uid="cces6">
			<prodml:StepNumber>6</prodml:StepNumber>
			<prodml:StepPressure uom="psi">6785</prodml:StepPressure>
			<prodml:RelativeVolumeRatio fluidVolumeReference="saturation-measured" uom="bbl/bbl">0.880</prodml:RelativeVolumeRatio>
			<prodml:GasDensity uom="g/dm3">405.0</prodml:GasDensity>
			<prodml:GasZFactor>1.204</prodml:GasZFactor>
			<!-- <prodml:FluidCondition>Stock Tank Conditions</prodml:FluidCondition> ??-->
			<prodml:PhasesPresent>gas</prodml:PhasesPresent>
			<prodml:Remark>none</prodml:Remark>
		</prodml:ConstantCompositionExpansionTestStep>
		<prodml:ConstantCompositionExpansionTestStep uid="cces7">
			<prodml:StepNumber>7</prodml:StepNumber>
			<prodml:StepPressure uom="psi">6515</prodml:StepPressure>
			<prodml:RelativeVolumeRatio fluidVolumeReference="saturation-measured" uom="bbl/bbl">0.892</prodml:RelativeVolumeRatio>
			<prodml:GasDensity uom="g/dm3">399.0</prodml:GasDensity>
			<prodml:GasZFactor>1.173</prodml:GasZFactor>
			<!-- <prodml:FluidCondition>Stock Tank Conditions</prodml:FluidCondition> ??-->
			<prodml:PhasesPresent>gas</prodml:PhasesPresent>
			<prodml:Remark>none</prodml:Remark>
		</prodml:ConstantCompositionExpansionTestStep>
		<prodml:ConstantCompositionExpansionTestStep uid="cces8">
			<prodml:StepNumber>8</prodml:StepNumber>
			<prodml:StepPressure uom="psi">6305</prodml:StepPressure>
			<prodml:RelativeVolumeRatio fluidVolumeReference="saturation-measured" uom="bbl/bbl">0.902</prodml:RelativeVolumeRatio>
			<prodml:GasDensity uom="g/dm3">395.0</prodml:GasDensity>
			<prodml:GasZFactor>1.148</prodml:GasZFactor>
			<!-- <prodml:FluidCondition>Stock Tank Conditions</prodml:FluidCondition> ??-->
			<prodml:PhasesPresent>gas</prodml:PhasesPresent>
			<prodml:Remark>none</prodml:Remark>
		</prodml:ConstantCompositionExpansionTestStep>
		<prodml:ConstantCompositionExpansionTestStep uid="cces9">
			<prodml:StepNumber>9</prodml:StepNumber>
			<prodml:StepPressure uom="psi">6065</prodml:StepPressure>
			<prodml:RelativeVolumeRatio fluidVolumeReference="saturation-measured" uom="bbl/bbl">0.915</prodml:RelativeVolumeRatio>
			<prodml:GasDensity uom="g/dm3">389.0</prodml:GasDensity>
			<prodml:GasZFactor>1.120</prodml:GasZFactor>
			<!-- <prodml:FluidCondition>Stock Tank Conditions</prodml:FluidCondition> ??-->
			<prodml:PhasesPresent>gas</prodml:PhasesPresent>
			<prodml:Remark>none</prodml:Remark>
		</prodml:ConstantCompositionExpansionTestStep>
		<prodml:ConstantCompositionExpansionTestStep uid="cces10">
			<prodml:StepNumber>10</prodml:StepNumber>
			<prodml:StepPressure uom="psi">5835</prodml:StepPressure>
			<prodml:RelativeVolumeRatio fluidVolumeReference="saturation-measured" uom="bbl/bbl">0.928</prodml:RelativeVolumeRatio>
			<prodml:GasDensity uom="g/dm3">384.0</prodml:GasDensity>
			<prodml:GasZFactor>1.093</prodml:GasZFactor>
			<!-- <prodml:FluidCondition>Stock Tank Conditions</prodml:FluidCondition> ??-->
			<prodml:PhasesPresent>gas</prodml:PhasesPresent>
			<prodml:Remark>none</prodml:Remark>
		</prodml:ConstantCompositionExpansionTestStep>
		<prodml:ConstantCompositionExpansionTestStep uid="cces11">
			<prodml:StepNumber>11</prodml:StepNumber>
			<prodml:StepPressure uom="psi">5575</prodml:StepPressure>
			<prodml:RelativeVolumeRatio fluidVolumeReference="saturation-measured" uom="bbl/bbl">0.945</prodml:RelativeVolumeRatio>
			<prodml:GasDensity uom="g/dm3">377.0</prodml:GasDensity>
			<prodml:GasZFactor>1.063</prodml:GasZFactor>
			<!-- <prodml:FluidCondition>Stock Tank Conditions</prodml:FluidCondition> ??-->
			<prodml:PhasesPresent>gas</prodml:PhasesPresent>
			<prodml:Remark>none</prodml:Remark>
		</prodml:ConstantCompositionExpansionTestStep>
		<prodml:ConstantCompositionExpansionTestStep uid="cces12">
			<prodml:StepNumber>12</prodml:StepNumber>
			<prodml:StepPressure uom="psi">5300</prodml:StepPressure>
			<prodml:RelativeVolumeRatio fluidVolumeReference="saturation-measured" uom="bbl/bbl">0.964</prodml:RelativeVolumeRatio>
			<prodml:GasDensity uom="g/dm3">369.0</prodml:GasDensity>
			<prodml:GasZFactor>1.031</prodml:GasZFactor>
			<!-- <prodml:FluidCondition>Stock Tank Conditions</prodml:FluidCondition> ??-->
			<prodml:PhasesPresent>gas</prodml:PhasesPresent>
			<prodml:Remark>none</prodml:Remark>
		</prodml:ConstantCompositionExpansionTestStep>
		<prodml:ConstantCompositionExpansionTestStep uid="cces13">
			<prodml:StepNumber>13</prodml:StepNumber>
			<prodml:StepPressure uom="psi">5025</prodml:StepPressure>
			<prodml:RelativeVolumeRatio fluidVolumeReference="saturation-measured" uom="bbl/bbl">0.985</prodml:RelativeVolumeRatio>
			<prodml:GasDensity uom="g/dm3">361.0</prodml:GasDensity>
			<prodml:GasZFactor>0.999</prodml:GasZFactor>
			<!-- <prodml:FluidCondition>Stock Tank Conditions</prodml:FluidCondition> ??-->
			<prodml:PhasesPresent>gas</prodml:PhasesPresent>
			<prodml:Remark>none</prodml:Remark>
		</prodml:ConstantCompositionExpansionTestStep>
		<prodml:ConstantCompositionExpansionTestStep uid="cces14">
			<prodml:StepNumber>14</prodml:StepNumber>
			<prodml:StepPressure uom="psi">4853</prodml:StepPressure>
			<prodml:LiquidFraction fluidVolumeReference="saturation-measured" uom="%[vol]">0.0</prodml:LiquidFraction>
			<prodml:OilDensity uom="g/dm3">383.0</prodml:OilDensity>
			<prodml:RelativeVolumeRatio fluidVolumeReference="saturation-measured" uom="Euc">1.0</prodml:RelativeVolumeRatio>
			<prodml:GasDensity uom="g/dm3">356.0</prodml:GasDensity>
			<prodml:GasZFactor>0.979</prodml:GasZFactor>
			<prodml:FluidCondition>initial reservoir conditions</prodml:FluidCondition>
			<prodml:PhasesPresent>oil and gas</prodml:PhasesPresent>
			<prodml:Remark>dew point</prodml:Remark>
		</prodml:ConstantCompositionExpansionTestStep>
		<prodml:ConstantCompositionExpansionTestStep uid="cces15">
			<prodml:StepNumber>15</prodml:StepNumber>
			<prodml:StepPressure uom="psi">4795</prodml:StepPressure>
			<prodml:LiquidFraction fluidVolumeReference="saturation-measured" uom="%[vol]">0.273</prodml:LiquidFraction>
			<prodml:OilDensity uom="g/dm3">404.0</prodml:OilDensity>
			<prodml:RelativeVolumeRatio fluidVolumeReference="saturation-measured" uom="Euc">1.008</prodml:RelativeVolumeRatio>
			<prodml:GasDensity uom="g/dm3">335.0</prodml:GasDensity>
			<prodml:GasZFactor>0.972</prodml:GasZFactor>
			<!--<prodml:FluidCondition></prodml:FluidCondition>-->
			<prodml:PhasesPresent>oil and gas</prodml:PhasesPresent>
			<prodml:Remark>there are more entries that are not used here</prodml:Remark>
		</prodml:ConstantCompositionExpansionTestStep>
	</prodml:ConstantCompositionExpansionTest>
	<prodml:ConstantVolumeDepletionTest uid="cvdt1">
		<prodml:TestNumber>22</prodml:TestNumber>
		<prodml:TestTemperature uom="degF">250</prodml:TestTemperature>
		<prodml:CumulativeGasProducedReferenceStd uom="1E12 ft3">3.14159265358979E0</prodml:CumulativeGasProducedReferenceStd>
		<prodml:CvdTestStep uid="cvds1">
			<prodml:StepNumber>2</prodml:StepNumber>
			<prodml:StepPressure uom="psi">5000</prodml:StepPressure>
			<prodml:GasZFactor>0.9964</prodml:GasZFactor>
			<prodml:GasViscosity uom="cP">0.0499</prodml:GasViscosity>
			<prodml:FluidCondition>current reservoir conditions</prodml:FluidCondition>
			<prodml:PhasesPresent>gas and water</prodml:PhasesPresent>
			<prodml:Remark>aaa</prodml:Remark>
		</prodml:CvdTestStep>
	</prodml:ConstantVolumeDepletionTest>
</prodml:FluidAnalysis>
