<?xml version="1.0" encoding="UTF-8"?>
<prodml:FluidAnalysis objectVersion="2.0" xsi:type="prodml:HydrocarbonAnalysis" schemaVersion="2.0" uuid="00000000-0000-0000-0000-000000000000" xmlns:eml="http://www.energistics.org/energyml/data/commonv2" xmlns:prodml="http://www.energistics.org/energyml/data/prodmlv2" xmlns:xsi="http://www.w3.org/2001/XMLSchema-instance" xsi:schemaLocation="http://www.energistics.org/energyml/data/prodmlv2 ../../../../xsd_schemas/FluidAnalysis.xsd">
	<eml:Aliases authority="Core Laboratories">
		<eml:Identifier>RFL 88001</eml:Identifier>
		<eml:Description>Good Oil Company Well 4</eml:Description>
	</eml:Aliases>
	<eml:Citation>
		<eml:Title>Reservoir Study for Good Oil Company Well No. 4, Productive Field, Sampson County, Texas</eml:Title>
		<eml:Originator>Laman Reseflana</eml:Originator>
		<eml:Creation>2015-03-17T09:30:47Z</eml:Creation>
		<eml:Format>application/xml</eml:Format>
		<eml:LastUpdate>2001-12-17T09:30:47Z</eml:LastUpdate>
	</eml:Citation>
	<prodml:RequestDate>2016-02-23</prodml:RequestDate>
	<prodml:AnalysisDescription>volatile oil pvt data demo</prodml:AnalysisDescription>
	<prodml:AnalysisPurpose>Fluid Characterization</prodml:AnalysisPurpose>
	<prodml:AnalysisSite>Core Laboratories (Irving Texas)</prodml:AnalysisSite>
	<prodml:LabContact>Laman Reseflana</prodml:LabContact>
	<prodml:StandardConditions xsi:type="eml:TemperaturePressure">
		<eml:Temperature uom="degF">60</eml:Temperature>
		<eml:Pressure uom="psi">14.7</eml:Pressure>
	</prodml:StandardConditions>
	<prodml:AnalysisQuality>valid</prodml:AnalysisQuality>
	<prodml:Remark>Lab's statement about their analysis</prodml:Remark>
	<prodml:FluidSample>
		<eml:ContentType>FluidSample</eml:ContentType>
		<eml:Title>demo_volatileOil</eml:Title>
		<eml:Uuid>00000000-0000-0000-0002-000000003954</eml:Uuid>
	</prodml:FluidSample>
	<prodml:FluidAnalysisReport uid="far1">
		<prodml:ReportIdentifier>RFL-20160223</prodml:ReportIdentifier>
		<prodml:ReportDate>2016-02-23</prodml:ReportDate>
		<prodml:AnalysisLaboratory>Core Laboratories</prodml:AnalysisLaboratory>
		<prodml:ReportDocument>
			<eml:ContentType>application/vnd.ms-excel</eml:ContentType>
			<eml:Title>RFL 88001</eml:Title>
			<eml:Uuid>00000000-AAB1-0011-0001-000000003954</eml:Uuid>
		</prodml:ReportDocument>
		<prodml:ReportLocation uid="loc1">
			<prodml:LocationDate>1994-02-01</prodml:LocationDate>
			<prodml:LocationType>URL</prodml:LocationType>
			<prodml:Location>C:\Folder\File.xlsx</prodml:Location>
			<prodml:Remark>Here is where the report is stored</prodml:Remark>
		</prodml:ReportLocation>
	</prodml:FluidAnalysisReport>
	<prodml:FluidComponentCatalog>
		<prodml:StockTankOil uid="oil">
			<prodml:APIGravity uom="dAPI">40.5</prodml:APIGravity>
			<prodml:MolecularWeight uom="g/mol">250</prodml:MolecularWeight>
		</prodml:StockTankOil>
		<prodml:NaturalGas uid="gas">
			<prodml:GasGravity>0.8</prodml:GasGravity>
			<prodml:MolecularWeight uom="g/mol">45</prodml:MolecularWeight>
		</prodml:NaturalGas>
		<prodml:PureFluidComponent uid="h2">
			<prodml:Kind>h2</prodml:Kind>
			<prodml:MolecularWeight uom="g/mol">2.0</prodml:MolecularWeight>
			<prodml:HydrocarbonFlag>false</prodml:HydrocarbonFlag>
		</prodml:PureFluidComponent>
		<prodml:PureFluidComponent uid="h2s">
			<prodml:Kind>NIST:hydro gensulfide</prodml:Kind>
			<prodml:MolecularWeight uom="g/mol">34.08</prodml:MolecularWeight>
			<prodml:HydrocarbonFlag>false</prodml:HydrocarbonFlag>
		</prodml:PureFluidComponent>
		<prodml:PureFluidComponent uid="co2">
			<prodml:Kind>NIST:carbon dioxide</prodml:Kind>
			<prodml:MolecularWeight uom="g/mol">44.01</prodml:MolecularWeight>
			<prodml:HydrocarbonFlag>false</prodml:HydrocarbonFlag>
		</prodml:PureFluidComponent>
		<prodml:PureFluidComponent uid="n2">
			<prodml:Kind>NIST:nitrogen</prodml:Kind>
			<prodml:MolecularWeight uom="g/mol">28.013</prodml:MolecularWeight>
			<prodml:HydrocarbonFlag>false</prodml:HydrocarbonFlag>
		</prodml:PureFluidComponent>
		<prodml:PureFluidComponent uid="c1">
			<prodml:Kind>NIST:methane</prodml:Kind>
			<prodml:MolecularWeight uom="g/mol">16.043</prodml:MolecularWeight>
			<prodml:HydrocarbonFlag>true</prodml:HydrocarbonFlag>
		</prodml:PureFluidComponent>
		<prodml:PureFluidComponent uid="c2">
			<prodml:Kind>NIST:ethane</prodml:Kind>
			<prodml:MolecularWeight uom="g/mol">30.07</prodml:MolecularWeight>
			<prodml:HydrocarbonFlag>true</prodml:HydrocarbonFlag>
		</prodml:PureFluidComponent>
		<prodml:PureFluidComponent uid="c3">
			<prodml:Kind>NIST:propane</prodml:Kind>
			<prodml:MolecularWeight uom="g/mol">44.097</prodml:MolecularWeight>
			<prodml:HydrocarbonFlag>true</prodml:HydrocarbonFlag>
		</prodml:PureFluidComponent>
		<prodml:PureFluidComponent uid="ic4">
			<prodml:Kind>NIST:isobutane</prodml:Kind>
			<prodml:MolecularWeight uom="g/mol">58.123</prodml:MolecularWeight>
			<prodml:HydrocarbonFlag>true</prodml:HydrocarbonFlag>
		</prodml:PureFluidComponent>
		<prodml:PureFluidComponent uid="nc4">
			<prodml:Kind>NIST:butane</prodml:Kind>
			<prodml:MolecularWeight uom="g/mol">58.123</prodml:MolecularWeight>
			<prodml:HydrocarbonFlag>true</prodml:HydrocarbonFlag>
		</prodml:PureFluidComponent>
		<prodml:PureFluidComponent uid="ic5">
			<prodml:Kind>NIST:2-methyl-butane</prodml:Kind>
			<prodml:MolecularWeight uom="g/mol">72.15</prodml:MolecularWeight>
			<prodml:HydrocarbonFlag>true</prodml:HydrocarbonFlag>
		</prodml:PureFluidComponent>
		<prodml:PureFluidComponent uid="2-methylpentane">
			<prodml:Kind>NIST:pentane</prodml:Kind>
			<prodml:MolecularWeight uom="g/mol">84.2</prodml:MolecularWeight>
			<prodml:HydrocarbonFlag>true</prodml:HydrocarbonFlag>
		</prodml:PureFluidComponent>
		<prodml:PureFluidComponent uid="benzene">
			<prodml:Kind>NIST:pentane</prodml:Kind>
			<prodml:MolecularWeight uom="g/mol">78.1</prodml:MolecularWeight>
			<prodml:HydrocarbonFlag>true</prodml:HydrocarbonFlag>
		</prodml:PureFluidComponent>
		<prodml:PureFluidComponent uid="cyclohexane">
			<prodml:Kind>NIST:hexane</prodml:Kind>
			<prodml:MolecularWeight uom="g/mol">84.2</prodml:MolecularWeight>
			<prodml:HydrocarbonFlag>true</prodml:HydrocarbonFlag>
		</prodml:PureFluidComponent>
		<prodml:PureFluidComponent uid="methylcyclohexane">
			<prodml:Kind>NIST:hexane</prodml:Kind>
			<prodml:MolecularWeight uom="g/mol">100.2</prodml:MolecularWeight>
			<prodml:HydrocarbonFlag>true</prodml:HydrocarbonFlag>
		</prodml:PureFluidComponent>
		<prodml:PureFluidComponent uid="toluene">
			<prodml:Kind>NIST:toluene</prodml:Kind>
			<prodml:MolecularWeight uom="g/mol">92.1</prodml:MolecularWeight>
			<prodml:HydrocarbonFlag>true</prodml:HydrocarbonFlag>
		</prodml:PureFluidComponent>
		<prodml:PureFluidComponent uid="ethylbenzene">
			<prodml:Kind>NIST:pentane</prodml:Kind>
			<prodml:MolecularWeight uom="g/mol">106.2</prodml:MolecularWeight>
			<prodml:HydrocarbonFlag>true</prodml:HydrocarbonFlag>
		</prodml:PureFluidComponent>
		<prodml:PureFluidComponent uid="m-xylene">
			<prodml:Kind>NIST:pentane</prodml:Kind>
			<prodml:MolecularWeight uom="g/mol">106.2</prodml:MolecularWeight>
			<prodml:HydrocarbonFlag>true</prodml:HydrocarbonFlag>
		</prodml:PureFluidComponent>
		<prodml:PureFluidComponent uid="o-xylene">
			<prodml:Kind>NIST:pentane</prodml:Kind>
			<prodml:MolecularWeight uom="g/mol">106.2</prodml:MolecularWeight>
			<prodml:HydrocarbonFlag>true</prodml:HydrocarbonFlag>
		</prodml:PureFluidComponent>
		<prodml:PureFluidComponent uid="nc5">
			<prodml:Kind>NIST:pentane</prodml:Kind>
			<prodml:MolecularWeight uom="g/mol">72.15</prodml:MolecularWeight>
			<prodml:HydrocarbonFlag>true</prodml:HydrocarbonFlag>
		</prodml:PureFluidComponent>
		<prodml:PseudoFluidComponent uid="c6">
			<prodml:Kind>NIST:hexane</prodml:Kind>
			<prodml:StartingCarbonNumber>6</prodml:StartingCarbonNumber>
			<prodml:EndingCarbonNumber>6</prodml:EndingCarbonNumber>
			<prodml:AvgMolecularWeight uom="g/mol">84</prodml:AvgMolecularWeight>
			<prodml:AvgDensity uom="g/cm3">0.685</prodml:AvgDensity>
		</prodml:PseudoFluidComponent>
		<prodml:PseudoFluidComponent uid="c7">
			<prodml:Kind>NIST:heptane</prodml:Kind>
			<prodml:StartingCarbonNumber>7</prodml:StartingCarbonNumber>
			<prodml:EndingCarbonNumber>7</prodml:EndingCarbonNumber>
			<prodml:AvgMolecularWeight uom="g/mol">96</prodml:AvgMolecularWeight>
			<prodml:AvgDensity uom="g/cm3">0.722</prodml:AvgDensity>
		</prodml:PseudoFluidComponent>
		<prodml:PseudoFluidComponent uid="c8">
			<prodml:Kind>NIST:octane</prodml:Kind>
			<prodml:StartingCarbonNumber>8</prodml:StartingCarbonNumber>
			<prodml:EndingCarbonNumber>8</prodml:EndingCarbonNumber>
			<prodml:AvgMolecularWeight uom="g/mol">107</prodml:AvgMolecularWeight>
			<prodml:AvgDensity uom="g/cm3">0.745</prodml:AvgDensity>
		</prodml:PseudoFluidComponent>
		<prodml:PseudoFluidComponent uid="c9">
			<prodml:Kind>NIST:nonane</prodml:Kind>
			<prodml:StartingCarbonNumber>9</prodml:StartingCarbonNumber>
			<prodml:EndingCarbonNumber>9</prodml:EndingCarbonNumber>
			<prodml:AvgMolecularWeight uom="g/mol">121</prodml:AvgMolecularWeight>
			<prodml:AvgDensity uom="g/cm3">0.764</prodml:AvgDensity>
		</prodml:PseudoFluidComponent>
		<prodml:PseudoFluidComponent uid="c10">
			<prodml:Kind>NIST:decane</prodml:Kind>
			<prodml:StartingCarbonNumber>10</prodml:StartingCarbonNumber>
			<prodml:EndingCarbonNumber>10</prodml:EndingCarbonNumber>
			<prodml:AvgMolecularWeight uom="g/mol">134</prodml:AvgMolecularWeight>
			<prodml:AvgDensity uom="g/cm3">0.778</prodml:AvgDensity>
		</prodml:PseudoFluidComponent>
		<prodml:PseudoFluidComponent uid="c11">
			<prodml:Kind>NIST:undecane</prodml:Kind>
			<prodml:StartingCarbonNumber>11</prodml:StartingCarbonNumber>
			<prodml:EndingCarbonNumber>11</prodml:EndingCarbonNumber>
			<prodml:AvgMolecularWeight uom="g/mol">147</prodml:AvgMolecularWeight>
			<prodml:AvgDensity uom="g/cm3">0.789</prodml:AvgDensity>
		</prodml:PseudoFluidComponent>
		<prodml:PseudoFluidComponent uid="c12">
			<prodml:Kind>NIST:dodecane</prodml:Kind>
			<prodml:StartingCarbonNumber>12</prodml:StartingCarbonNumber>
			<prodml:EndingCarbonNumber>12</prodml:EndingCarbonNumber>
			<prodml:AvgMolecularWeight uom="g/mol">161</prodml:AvgMolecularWeight>
			<prodml:AvgDensity uom="g/cm3">0.8</prodml:AvgDensity>
		</prodml:PseudoFluidComponent>
		<prodml:PseudoFluidComponent uid="c13">
			<prodml:Kind>unkonw:C13</prodml:Kind>
			<prodml:StartingCarbonNumber>13</prodml:StartingCarbonNumber>
			<prodml:EndingCarbonNumber>13</prodml:EndingCarbonNumber>
			<prodml:AvgMolecularWeight uom="g/mol">175</prodml:AvgMolecularWeight>
			<prodml:AvgDensity uom="g/cm3">0.811</prodml:AvgDensity>
		</prodml:PseudoFluidComponent>
		<prodml:PseudoFluidComponent uid="c14">
			<prodml:Kind>unkonw:C14</prodml:Kind>
			<prodml:StartingCarbonNumber>14</prodml:StartingCarbonNumber>
			<prodml:EndingCarbonNumber>14</prodml:EndingCarbonNumber>
			<prodml:AvgMolecularWeight uom="g/mol">190</prodml:AvgMolecularWeight>
			<prodml:AvgDensity uom="g/cm3">0.822</prodml:AvgDensity>
		</prodml:PseudoFluidComponent>
		<prodml:PseudoFluidComponent uid="c15">
			<prodml:Kind>unkonw:C15</prodml:Kind>
			<prodml:StartingCarbonNumber>15</prodml:StartingCarbonNumber>
			<prodml:EndingCarbonNumber>15</prodml:EndingCarbonNumber>
			<prodml:AvgMolecularWeight uom="g/mol">206</prodml:AvgMolecularWeight>
			<prodml:AvgDensity uom="g/cm3">0.832</prodml:AvgDensity>
		</prodml:PseudoFluidComponent>
		<prodml:PseudoFluidComponent uid="c16">
			<prodml:Kind>unkonw:C16</prodml:Kind>
			<prodml:StartingCarbonNumber>16</prodml:StartingCarbonNumber>
			<prodml:EndingCarbonNumber>16</prodml:EndingCarbonNumber>
			<prodml:AvgMolecularWeight uom="g/mol">222</prodml:AvgMolecularWeight>
			<prodml:AvgDensity uom="g/cm3">0.839</prodml:AvgDensity>
		</prodml:PseudoFluidComponent>
		<prodml:PseudoFluidComponent uid="c17">
			<prodml:Kind>unkonw:C17</prodml:Kind>
			<prodml:StartingCarbonNumber>17</prodml:StartingCarbonNumber>
			<prodml:EndingCarbonNumber>17</prodml:EndingCarbonNumber>
			<prodml:AvgMolecularWeight uom="g/mol">237</prodml:AvgMolecularWeight>
			<prodml:AvgDensity uom="g/cm3">0.847</prodml:AvgDensity>
		</prodml:PseudoFluidComponent>
		<prodml:PseudoFluidComponent uid="c18">
			<prodml:Kind>unkonw:C18</prodml:Kind>
			<prodml:StartingCarbonNumber>18</prodml:StartingCarbonNumber>
			<prodml:EndingCarbonNumber>18</prodml:EndingCarbonNumber>
			<prodml:AvgMolecularWeight uom="g/mol">251</prodml:AvgMolecularWeight>
			<prodml:AvgDensity uom="g/cm3">0.852</prodml:AvgDensity>
		</prodml:PseudoFluidComponent>
		<prodml:PseudoFluidComponent uid="c19">
			<prodml:Kind>unkonw:C19</prodml:Kind>
			<prodml:StartingCarbonNumber>19</prodml:StartingCarbonNumber>
			<prodml:EndingCarbonNumber>19</prodml:EndingCarbonNumber>
			<prodml:AvgMolecularWeight uom="g/mol">263</prodml:AvgMolecularWeight>
			<prodml:AvgDensity uom="g/cm3">0.857</prodml:AvgDensity>
		</prodml:PseudoFluidComponent>
		<prodml:PseudoFluidComponent uid="c20">
			<prodml:Kind>unkonw:C20</prodml:Kind>
			<prodml:StartingCarbonNumber>20</prodml:StartingCarbonNumber>
			<prodml:EndingCarbonNumber>20</prodml:EndingCarbonNumber>
			<prodml:AvgMolecularWeight uom="g/mol">275</prodml:AvgMolecularWeight>
		</prodml:PseudoFluidComponent>
		<prodml:PseudoFluidComponent uid="c21">
			<prodml:Kind>unkonw:C21</prodml:Kind>
			<prodml:StartingCarbonNumber>21</prodml:StartingCarbonNumber>
			<prodml:EndingCarbonNumber>21</prodml:EndingCarbonNumber>
			<prodml:AvgMolecularWeight uom="g/mol">291</prodml:AvgMolecularWeight>
		</prodml:PseudoFluidComponent>
		<prodml:PseudoFluidComponent uid="c22">
			<prodml:Kind>unkonw:C22</prodml:Kind>
			<prodml:StartingCarbonNumber>22</prodml:StartingCarbonNumber>
			<prodml:EndingCarbonNumber>22</prodml:EndingCarbonNumber>
			<prodml:AvgMolecularWeight uom="g/mol">305</prodml:AvgMolecularWeight>
		</prodml:PseudoFluidComponent>
		<prodml:PseudoFluidComponent uid="c23">
			<prodml:Kind>unkonw:C23</prodml:Kind>
			<prodml:StartingCarbonNumber>23</prodml:StartingCarbonNumber>
			<prodml:EndingCarbonNumber>23</prodml:EndingCarbonNumber>
			<prodml:AvgMolecularWeight uom="g/mol">318</prodml:AvgMolecularWeight>
		</prodml:PseudoFluidComponent>
		<prodml:PseudoFluidComponent uid="c24">
			<prodml:Kind>unkonw:C24</prodml:Kind>
			<prodml:StartingCarbonNumber>24</prodml:StartingCarbonNumber>
			<prodml:EndingCarbonNumber>24</prodml:EndingCarbonNumber>
			<prodml:AvgMolecularWeight uom="g/mol">331</prodml:AvgMolecularWeight>
		</prodml:PseudoFluidComponent>
		<prodml:PseudoFluidComponent uid="c25">
			<prodml:Kind>unkonw:C25</prodml:Kind>
			<prodml:StartingCarbonNumber>25</prodml:StartingCarbonNumber>
			<prodml:EndingCarbonNumber>25</prodml:EndingCarbonNumber>
			<prodml:AvgMolecularWeight uom="g/mol">500</prodml:AvgMolecularWeight>
		</prodml:PseudoFluidComponent>
		<prodml:PlusFluidComponent uid="c20+">
			<prodml:Kind>unkonw:C20+</prodml:Kind>
			<prodml:StartingCarbonNumber>20</prodml:StartingCarbonNumber>
			<prodml:AvgDensity uom="g/cm3">0.9004</prodml:AvgDensity>
			<prodml:AvgMolecularWeight uom="g/mol">325</prodml:AvgMolecularWeight>
			<prodml:Remark>only one plus fraction defined during laboratory analysis</prodml:Remark>
		</prodml:PlusFluidComponent>
	</prodml:FluidComponentCatalog>
	<prodml:SampleIntegrityAndPreparation uid="sap1">
		<prodml:OpeningDate>1994-01-01</prodml:OpeningDate>
		<prodml:InitialVolume uom="cm3">400</prodml:InitialVolume>
		<prodml:OpeningPressure xsi:type="eml:RelativePressure">
			<eml:RelativePressure uom="psi">10000</eml:RelativePressure>
			<eml:ReferencePressure uom="psi" referencePressureKind="absolute">14</eml:ReferencePressure>
		</prodml:OpeningPressure>
		<prodml:OpeningTemperature uom="degF">217</prodml:OpeningTemperature>
		<prodml:SaturationPressure kind="bubble point" uom="psi">2620</prodml:SaturationPressure>
		<prodml:SaturationTemperature kind="bubble point" uom="degF">220</prodml:SaturationTemperature>
		<prodml:FreeWaterVolume uom="cm3">0</prodml:FreeWaterVolume>
		<prodml:WaterContentInHydrocarbon uom="%[mass]">0.1</prodml:WaterContentInHydrocarbon>
		<prodml:OpeningRemark>no issues noticed</prodml:OpeningRemark>
		<prodml:SampleRestoration>
			<prodml:Date>1994-01-01</prodml:Date>
			<prodml:RestorationDuration uom="h">120</prodml:RestorationDuration>
			<prodml:RestorationPressure xsi:type="eml:AbsolutePressure">
				<eml:AbsolutePressure uom="psi">4300</eml:AbsolutePressure>
			</prodml:RestorationPressure>
			<prodml:RestorationTemperature uom="degF">220</prodml:RestorationTemperature>
			<prodml:MixingMechanism>rocking with mixing balls</prodml:MixingMechanism>
			<prodml:Remark>restoration succcesful.</prodml:Remark>
		</prodml:SampleRestoration>
	</prodml:SampleIntegrityAndPreparation>
	<prodml:ConstantCompositionExpansionTest uid="cce1">
		<prodml:TestNumber>1</prodml:TestNumber>
		<prodml:TestTemperature uom="degF">220</prodml:TestTemperature>
		<prodml:SaturationPressure kind="bubble point" uom="psi">4302</prodml:SaturationPressure>
		<prodml:RelativeVolumeReference uid="MSAT">
			<prodml:Kind>saturation-measured</prodml:Kind>
			<prodml:ReferenceVolume uom="mL">10</prodml:ReferenceVolume>
		</prodml:RelativeVolumeReference>
		<prodml:ConstantCompositionExpansionTestStep uid="ccetstep1">
			<prodml:StepNumber>1</prodml:StepNumber>
			<prodml:StepPressure uom="psi">7000</prodml:StepPressure>
			<prodml:OilDensity uom="g/cm3">0.5917</prodml:OilDensity>
			<prodml:OilCompressibility kind="average" uom="1/psi">0.0000154</prodml:OilCompressibility>
			<prodml:RelativeVolumeRatio fluidVolumeReference="MSAT" uom="bbl/bbl">0.9502</prodml:RelativeVolumeRatio>
			<prodml:PhasesPresent>oil</prodml:PhasesPresent>
		</prodml:ConstantCompositionExpansionTestStep>
		<prodml:ConstantCompositionExpansionTestStep uid="ccetstep2">
			<prodml:StepNumber>2</prodml:StepNumber>
			<prodml:StepPressure uom="psi">6000</prodml:StepPressure>
			<prodml:OilDensity uom="g/cm3">0.582</prodml:OilDensity>
			<prodml:OilCompressibility kind="average" uom="1/psi">0.0000177</prodml:OilCompressibility>
			<prodml:RelativeVolumeRatio fluidVolumeReference="MSAT" uom="bbl/bbl">0.966</prodml:RelativeVolumeRatio>
			<prodml:PhasesPresent>oil</prodml:PhasesPresent>
		</prodml:ConstantCompositionExpansionTestStep>
		<prodml:ConstantCompositionExpansionTestStep uid="ccetstep3">
			<prodml:StepNumber>3</prodml:StepNumber>
			<prodml:StepPressure uom="psi">5000</prodml:StepPressure>
			<prodml:OilDensity uom="g/cm3">0.571</prodml:OilDensity>
			<prodml:OilCompressibility kind="average" uom="1/psi">0.0000207</prodml:OilCompressibility>
			<prodml:RelativeVolumeRatio fluidVolumeReference="MSAT" uom="bbl/bbl">0.9847</prodml:RelativeVolumeRatio>
			<prodml:PhasesPresent>oil</prodml:PhasesPresent>
		</prodml:ConstantCompositionExpansionTestStep>
		<prodml:ConstantCompositionExpansionTestStep uid="ccetstep3">
			<prodml:StepNumber>4</prodml:StepNumber>
			<prodml:StepPressure uom="psi">4302</prodml:StepPressure>
			<prodml:OilDensity uom="g/cm3">0.5623</prodml:OilDensity>
			<prodml:OilCompressibility kind="average" uom="1/psi">0.0000236</prodml:OilCompressibility>
			<prodml:RelativeVolumeRatio fluidVolumeReference="MSAT" uom="bbl/bbl">1</prodml:RelativeVolumeRatio>
			<prodml:FluidCondition>initial saturation conditions</prodml:FluidCondition>
			<prodml:PhasesPresent>oil</prodml:PhasesPresent>
		</prodml:ConstantCompositionExpansionTestStep>
		<prodml:ConstantCompositionExpansionTestStep uid="ccetstep4">
			<prodml:StepNumber>5</prodml:StepNumber>
			<prodml:StepPressure uom="psi">4000</prodml:StepPressure>
			<prodml:RelativeVolumeRatio fluidVolumeReference="MSAT" uom="bbl/bbl">1.0265</prodml:RelativeVolumeRatio>
			<prodml:YFunction>0.000028513</prodml:YFunction>
			<prodml:PhasesPresent>oil</prodml:PhasesPresent>
		</prodml:ConstantCompositionExpansionTestStep>
		<prodml:ConstantCompositionExpansionTestStep uid="ccetstep5">
			<prodml:StepNumber>6</prodml:StepNumber>
			<prodml:StepPressure uom="psi">3500</prodml:StepPressure>
			<prodml:RelativeVolumeRatio fluidVolumeReference="MSAT" uom="bbl/bbl">1.0849</prodml:RelativeVolumeRatio>
			<prodml:YFunction>0.000026988</prodml:YFunction>
			<prodml:PhasesPresent>oil</prodml:PhasesPresent>
		</prodml:ConstantCompositionExpansionTestStep>
		<prodml:ConstantCompositionExpansionTestStep uid="ccetstep6">
			<prodml:StepNumber>7</prodml:StepNumber>
			<prodml:StepPressure uom="psi">3000</prodml:StepPressure>
			<prodml:RelativeVolumeRatio fluidVolumeReference="MSAT" uom="bbl/bbl">1.1725</prodml:RelativeVolumeRatio>
			<prodml:YFunction>0.000025169</prodml:YFunction>
			<prodml:PhasesPresent>oil</prodml:PhasesPresent>
		</prodml:ConstantCompositionExpansionTestStep>
		<prodml:ConstantCompositionExpansionTestStep uid="ccetstep7">
			<prodml:StepNumber>8</prodml:StepNumber>
			<prodml:StepPressure uom="psi">2500</prodml:StepPressure>
			<prodml:RelativeVolumeRatio fluidVolumeReference="MSAT" uom="bbl/bbl">1.3124</prodml:RelativeVolumeRatio>
			<prodml:YFunction>0.000023078</prodml:YFunction>
			<prodml:PhasesPresent>oil</prodml:PhasesPresent>
		</prodml:ConstantCompositionExpansionTestStep>
		<prodml:ConstantCompositionExpansionTestStep uid="ccetstep8">
			<prodml:StepNumber>9</prodml:StepNumber>
			<prodml:StepPressure uom="psi">1500</prodml:StepPressure>
			<prodml:RelativeVolumeRatio fluidVolumeReference="MSAT" uom="bbl/bbl">2.0094</prodml:RelativeVolumeRatio>
			<prodml:YFunction>0.000018501</prodml:YFunction>
			<prodml:PhasesPresent>oil</prodml:PhasesPresent>
		</prodml:ConstantCompositionExpansionTestStep>
		<prodml:ConstantCompositionExpansionTestStep uid="ccetstep9">
			<prodml:StepNumber>10</prodml:StepNumber>
			<prodml:StepPressure uom="psi">1000</prodml:StepPressure>
			<prodml:RelativeVolumeRatio fluidVolumeReference="MSAT" uom="bbl/bbl">3.0115</prodml:RelativeVolumeRatio>
			<prodml:YFunction>0.000016416</prodml:YFunction>
			<prodml:FluidCondition>initial saturation conditions</prodml:FluidCondition>
			<prodml:PhasesPresent>oil</prodml:PhasesPresent>
		</prodml:ConstantCompositionExpansionTestStep>
	</prodml:ConstantCompositionExpansionTest>
	<prodml:DifferentialLiberationTest uid="dlt1">
		<prodml:TestNumber>1</prodml:TestNumber>
		<prodml:TestTemperature uom="degF">200</prodml:TestTemperature>
		<prodml:SaturationPressure kind="bubble point" uom="psi">4302</prodml:SaturationPressure>
		<prodml:SeparatorConditions separatorTestReference="Sep1"/>
		<prodml:CorrectionMethod>McCain</prodml:CorrectionMethod>
		<prodml:DlTestStep uid="dltstep1">
			<prodml:StepNumber>1</prodml:StepNumber>
			<prodml:StepPressure uom="psi">7000</prodml:StepPressure>
			<prodml:OilDensity uom="g/cm3">0.5917</prodml:OilDensity>
			<prodml:OilFormationVolumeFactor uom="bbl/bbl">2.559</prodml:OilFormationVolumeFactor>
			<prodml:TotalFormationVolumeFactor uom="bbl/bbl">1.6</prodml:TotalFormationVolumeFactor>
			<prodml:SolutionGORMeasured uom="ft3/bbl">2910.07</prodml:SolutionGORMeasured>
			<prodml:FluidCondition>initial saturation conditions</prodml:FluidCondition>
			<prodml:PhasesPresent>oil</prodml:PhasesPresent>
		</prodml:DlTestStep>
		<prodml:DlTestStep uid="dltstep2">
			<prodml:StepNumber>2</prodml:StepNumber>
			<prodml:StepPressure uom="psi">6000</prodml:StepPressure>
			<prodml:OilDensity uom="g/cm3">0.5561</prodml:OilDensity>
			<prodml:OilFormationVolumeFactor uom="bbl/bbl">2.723</prodml:OilFormationVolumeFactor>
			<prodml:TotalFormationVolumeFactor uom="bbl/bbl">1.665</prodml:TotalFormationVolumeFactor>
			<prodml:SolutionGORMeasured uom="ft3/bbl">2910.07</prodml:SolutionGORMeasured>
			<prodml:PhasesPresent>oil and gas</prodml:PhasesPresent>
		</prodml:DlTestStep>
		<prodml:DlTestStep uid="dltstep3">
			<prodml:StepNumber>3</prodml:StepNumber>
			<prodml:StepPressure uom="psi">5000</prodml:StepPressure>
			<prodml:OilDensity uom="g/cm3">0.5432</prodml:OilDensity>
			<prodml:OilFormationVolumeFactor uom="bbl/bbl">2.7878</prodml:OilFormationVolumeFactor>
			<prodml:TotalFormationVolumeFactor uom="bbl/bbl">1.747</prodml:TotalFormationVolumeFactor>
			<prodml:SolutionGORMeasured uom="ft3/bbl">2910.07</prodml:SolutionGORMeasured>
			<prodml:PhasesPresent>oil and gas</prodml:PhasesPresent>
		</prodml:DlTestStep>
		<prodml:DlTestStep uid="dltstep4">
			<prodml:StepNumber>4</prodml:StepNumber>
			<prodml:StepPressure uom="psi">4302</prodml:StepPressure>
			<prodml:OilDensity uom="g/cm3">0.5623</prodml:OilDensity>
			<prodml:OilFormationVolumeFactor uom="bbl/bbl">2.6932</prodml:OilFormationVolumeFactor>
			<prodml:GasGravity>0.92244</prodml:GasGravity>
			<prodml:GasFormationVolumeFactor uom="ft3/ft3">0.00383</prodml:GasFormationVolumeFactor>
			<prodml:GasZFactor>0.88324</prodml:GasZFactor>
			<prodml:TotalFormationVolumeFactor uom="bbl/bbl">1.859</prodml:TotalFormationVolumeFactor>
			<prodml:SolutionGORMeasured uom="ft3/bbl">2910.07</prodml:SolutionGORMeasured>
			<prodml:PhasesPresent>oil and gas</prodml:PhasesPresent>
		</prodml:DlTestStep>
		<prodml:DlTestStep uid="dltstep5">
			<prodml:StepNumber>5</prodml:StepNumber>
			<prodml:StepPressure uom="psi">4000</prodml:StepPressure>
			<prodml:OilDensity uom="g/cm3">0.5676</prodml:OilDensity>
			<prodml:OilFormationVolumeFactor uom="bbl/bbl">2.4148</prodml:OilFormationVolumeFactor>
			<prodml:GasGravity>0.93235</prodml:GasGravity>
			<prodml:GasFormationVolumeFactor uom="ft3/ft3">0.00443</prodml:GasFormationVolumeFactor>
			<prodml:GasZFactor>0.88104</prodml:GasZFactor>
			<prodml:TotalFormationVolumeFactor uom="bbl/bbl">2.016</prodml:TotalFormationVolumeFactor>
			<prodml:SolutionGORMeasured uom="ft3/bbl">2202.32</prodml:SolutionGORMeasured>
			<prodml:PhasesPresent>oil and gas</prodml:PhasesPresent>
		</prodml:DlTestStep>
		<prodml:DlTestStep uid="dltstep6">
			<prodml:StepNumber>6</prodml:StepNumber>
			<prodml:StepPressure uom="psi">3000</prodml:StepPressure>
			<prodml:OilDensity uom="g/cm3">0.6156</prodml:OilDensity>
			<prodml:OilFormationVolumeFactor uom="bbl/bbl">1.9936</prodml:OilFormationVolumeFactor>
			<prodml:GasGravity>0.8544</prodml:GasGravity>
			<prodml:GasFormationVolumeFactor uom="ft3/ft3">0.00557</prodml:GasFormationVolumeFactor>
			<prodml:GasZFactor>0.83124</prodml:GasZFactor>
			<prodml:TotalFormationVolumeFactor uom="bbl/bbl">2.244</prodml:TotalFormationVolumeFactor>
			<prodml:SolutionGORMeasured uom="ft3/bbl">1431.36</prodml:SolutionGORMeasured>
			<prodml:PhasesPresent>oil and gas</prodml:PhasesPresent>
		</prodml:DlTestStep>
		<prodml:DlTestStep uid="dltstep7">
			<prodml:StepNumber>7</prodml:StepNumber>
			<prodml:StepPressure uom="psi">2500</prodml:StepPressure>
			<prodml:OilDensity uom="g/cm3">0.6374</prodml:OilDensity>
			<prodml:OilFormationVolumeFactor uom="bbl/bbl">1.8475</prodml:OilFormationVolumeFactor>
			<prodml:GasGravity>0.83217</prodml:GasGravity>
			<prodml:GasFormationVolumeFactor uom="ft3/ft3">0.00663</prodml:GasFormationVolumeFactor>
			<prodml:GasZFactor>0.82504</prodml:GasZFactor>
			<prodml:TotalFormationVolumeFactor uom="bbl/bbl">2.591</prodml:TotalFormationVolumeFactor>
			<prodml:SolutionGORMeasured uom="ft3/bbl">1157.47</prodml:SolutionGORMeasured>
			<prodml:PhasesPresent>oil and gas</prodml:PhasesPresent>
		</prodml:DlTestStep>
		<prodml:DlTestStep uid="dltstep8">
			<prodml:StepNumber>8</prodml:StepNumber>
			<prodml:StepPressure uom="psi">1500</prodml:StepPressure>
			<prodml:OilDensity uom="g/cm3">0.6788</prodml:OilDensity>
			<prodml:OilFormationVolumeFactor uom="bbl/bbl">1.6214</prodml:OilFormationVolumeFactor>
			<prodml:GasGravity>0.82158</prodml:GasGravity>
			<prodml:GasFormationVolumeFactor uom="ft3/ft3">0.01149</prodml:GasFormationVolumeFactor>
			<prodml:GasZFactor>0.85778</prodml:GasZFactor>
			<prodml:TotalFormationVolumeFactor uom="bbl/bbl">3.167</prodml:TotalFormationVolumeFactor>
			<prodml:SolutionGORMeasured uom="ft3/bbl">726.94</prodml:SolutionGORMeasured>
			<prodml:PhasesPresent>oil and gas</prodml:PhasesPresent>
		</prodml:DlTestStep>
		<prodml:DlTestStep uid="dltstep9">
			<prodml:StepNumber>9</prodml:StepNumber>
			<prodml:StepPressure uom="psi">500</prodml:StepPressure>
			<prodml:OilDensity uom="g/cm3">0.7213</prodml:OilDensity>
			<prodml:OilFormationVolumeFactor uom="bbl/bbl">1.4257</prodml:OilFormationVolumeFactor>
			<prodml:GasGravity>0.92896</prodml:GasGravity>
			<prodml:GasFormationVolumeFactor uom="ft3/ft3">0.03743</prodml:GasFormationVolumeFactor>
			<prodml:GasZFactor>0.93116</prodml:GasZFactor>
			<prodml:TotalFormationVolumeFactor uom="bbl/bbl">4.259</prodml:TotalFormationVolumeFactor>
			<prodml:SolutionGORMeasured uom="ft3/bbl">369.29</prodml:SolutionGORMeasured>
			<prodml:PhasesPresent>oil and gas</prodml:PhasesPresent>
		</prodml:DlTestStep>
		<prodml:DlTestStep uid="dltstep10">
			<prodml:StepNumber>10</prodml:StepNumber>
			<prodml:StepPressure uom="psi">14.7</prodml:StepPressure>
			<prodml:OilDensity uom="g/cm3">0.7743</prodml:OilDensity>
			<prodml:OilFormationVolumeFactor uom="bbl/bbl">1.1048</prodml:OilFormationVolumeFactor>
			<prodml:GasGravity>2.14985</prodml:GasGravity>
			<prodml:GasFormationVolumeFactor uom="ft3/ft3">1.35116</prodml:GasFormationVolumeFactor>
			<prodml:GasZFactor>0.98819</prodml:GasZFactor>
			<prodml:TotalFormationVolumeFactor uom="bbl/bbl">6.978</prodml:TotalFormationVolumeFactor>
			<prodml:SolutionGORMeasured uom="ft3/bbl">0</prodml:SolutionGORMeasured>
			<prodml:PhasesPresent>oil and gas</prodml:PhasesPresent>
		</prodml:DlTestStep>
	</prodml:DifferentialLiberationTest>
	<prodml:ConstantVolumeDepletionTest uid="cvdtest1">
		<prodml:TestNumber>1</prodml:TestNumber>
		<prodml:TestTemperature uom="degF">200</prodml:TestTemperature>
		<prodml:CvdTestStep uid="cvdtstep1">
			<prodml:StepNumber>1</prodml:StepNumber>
			<prodml:StepPressure uom="psi">4302</prodml:StepPressure>
			<prodml:OilViscosity uom="cP">0.0387</prodml:OilViscosity>
			<prodml:OilDensity uom="g/cm3">0.5625</prodml:OilDensity>
			<prodml:GasZFactor>0.8832</prodml:GasZFactor>
			<prodml:CumulativeFluidProducedFraction uom="%[molar]">5.24</prodml:CumulativeFluidProducedFraction>
			<prodml:LiquidFraction fluidVolumeReference="v1" uom="%[vol]">96.46</prodml:LiquidFraction>
			<prodml:FluidCondition>current reservoir conditions</prodml:FluidCondition>
			<prodml:PhasesPresent>gas and water</prodml:PhasesPresent>
		</prodml:CvdTestStep>
		<prodml:CvdTestStep uid="cvdtstep2">
			<prodml:StepNumber>2</prodml:StepNumber>
			<prodml:StepPressure uom="psi">4000</prodml:StepPressure>
			<prodml:OilViscosity uom="cP">0.0342</prodml:OilViscosity>
			<prodml:OilDensity uom="g/cm3">0.5787</prodml:OilDensity>
			<prodml:GasZFactor>0.8578</prodml:GasZFactor>
			<prodml:CumulativeFluidProducedFraction uom="%[molar]">7.98</prodml:CumulativeFluidProducedFraction>
			<prodml:LiquidFraction fluidVolumeReference="v1" uom="%[vol]">89.08</prodml:LiquidFraction>
			<prodml:FluidCondition>current reservoir conditions</prodml:FluidCondition>
			<prodml:PhasesPresent>gas and water</prodml:PhasesPresent>
		</prodml:CvdTestStep>
		<prodml:CvdTestStep uid="cvdtstep3">
			<prodml:StepNumber>3</prodml:StepNumber>
			<prodml:StepPressure uom="psi">3500</prodml:StepPressure>
			<prodml:OilViscosity uom="cP">0.0283</prodml:OilViscosity>
			<prodml:OilDensity uom="g/cm3">0.603</prodml:OilDensity>
			<prodml:GasZFactor>0.8249</prodml:GasZFactor>
			<prodml:CumulativeFluidProducedFraction uom="%[molar]">13.26</prodml:CumulativeFluidProducedFraction>
			<prodml:LiquidFraction fluidVolumeReference="v1" uom="%[vol]">80.46</prodml:LiquidFraction>
			<prodml:FluidCondition>current reservoir conditions</prodml:FluidCondition>
			<prodml:PhasesPresent>gas and water</prodml:PhasesPresent>
		</prodml:CvdTestStep>
		<prodml:CvdTestStep uid="cvdtstep4">
			<prodml:StepNumber>4</prodml:StepNumber>
			<prodml:StepPressure uom="psi">3000</prodml:StepPressure>
			<prodml:OilViscosity uom="cP">0.0237</prodml:OilViscosity>
			<prodml:OilDensity uom="g/cm3">0.6254</prodml:OilDensity>
			<prodml:GasZFactor>0.804</prodml:GasZFactor>
			<prodml:CumulativeFluidProducedFraction uom="%[molar]">19.59</prodml:CumulativeFluidProducedFraction>
			<prodml:LiquidFraction fluidVolumeReference="v1" uom="%[vol]">74.15</prodml:LiquidFraction>
			<prodml:FluidCondition>current reservoir conditions</prodml:FluidCondition>
			<prodml:PhasesPresent>gas and water</prodml:PhasesPresent>
		</prodml:CvdTestStep>
		<prodml:CvdTestStep uid="cvdtstep5">
			<prodml:StepNumber>5</prodml:StepNumber>
			<prodml:StepPressure uom="psi">2500</prodml:StepPressure>
			<prodml:OilViscosity uom="cP">0.0201</prodml:OilViscosity>
			<prodml:OilDensity uom="g/cm3">0.647</prodml:OilDensity>
			<prodml:GasZFactor>0.7976</prodml:GasZFactor>
			<prodml:CumulativeFluidProducedFraction uom="%[molar]">27.14</prodml:CumulativeFluidProducedFraction>
			<prodml:LiquidFraction fluidVolumeReference="v1" uom="%[vol]">69.04</prodml:LiquidFraction>
			<prodml:FluidCondition>current reservoir conditions</prodml:FluidCondition>
			<prodml:PhasesPresent>gas and water</prodml:PhasesPresent>
		</prodml:CvdTestStep>
		<prodml:CvdTestStep uid="cvdtstep6">
			<prodml:StepNumber>6</prodml:StepNumber>
			<prodml:StepPressure uom="psi">1500</prodml:StepPressure>
			<prodml:OilViscosity uom="cP">0.0153</prodml:OilViscosity>
			<prodml:OilDensity uom="g/cm3">0.6898</prodml:OilDensity>
			<prodml:GasZFactor>0.8376</prodml:GasZFactor>
			<prodml:CumulativeFluidProducedFraction uom="%[molar]">45.68</prodml:CumulativeFluidProducedFraction>
			<prodml:LiquidFraction fluidVolumeReference="v1" uom="%[vol]">60.64</prodml:LiquidFraction>
			<prodml:FluidCondition>current reservoir conditions</prodml:FluidCondition>
			<prodml:PhasesPresent>gas and water</prodml:PhasesPresent>
		</prodml:CvdTestStep>
		<prodml:CvdTestStep uid="cvdtstep7">
			<prodml:StepNumber>7</prodml:StepNumber>
			<prodml:StepPressure uom="psi">1000</prodml:StepPressure>
			<prodml:OilViscosity uom="cP">0.0138</prodml:OilViscosity>
			<prodml:OilDensity uom="g/cm3">0.7117</prodml:OilDensity>
			<prodml:GasZFactor>0.8796</prodml:GasZFactor>
			<prodml:CumulativeFluidProducedFraction uom="%[molar]">56.03</prodml:CumulativeFluidProducedFraction>
			<prodml:LiquidFraction fluidVolumeReference="v1" uom="%[vol]">56.86</prodml:LiquidFraction>
			<prodml:FluidCondition>current reservoir conditions</prodml:FluidCondition>
			<prodml:PhasesPresent>gas and water</prodml:PhasesPresent>
		</prodml:CvdTestStep>
	</prodml:ConstantVolumeDepletionTest>
	<prodml:SeparatorTest uid="Sep1">
		<prodml:TestNumber>1</prodml:TestNumber>
		<prodml:ReservoirTemperature uom="degF">200</prodml:ReservoirTemperature>
		<prodml:SaturationPressure kind="bubble point" uom="psi">4302.19</prodml:SaturationPressure>
		<prodml:SaturatedOilFormationVolumeFactor uom="bbl/bbl">1.9379</prodml:SaturatedOilFormationVolumeFactor>
		<prodml:SeparatorTestGOR uom="ft3/bbl">1947.07</prodml:SeparatorTestGOR>
		<prodml:SeparatorTestStep uid="ststep1">
			<prodml:StepNumber>1</prodml:StepNumber>
			<prodml:StepTemperature uom="degF">200</prodml:StepTemperature>
			<prodml:StepPressure uom="psi">7000</prodml:StepPressure>
			<prodml:OilDensity uom="g/cm3">0.5917</prodml:OilDensity>
			<prodml:OilFormationVolumeFactorStd uom="bbl/bbl">1.9379</prodml:OilFormationVolumeFactorStd>
			<prodml:StageSeparatorGORStd uom="ft3/bbl">1947.07</prodml:StageSeparatorGORStd>
			<prodml:StageSeparatorGORCorrected uom="ft3/bbl">1947.07</prodml:StageSeparatorGORCorrected>
			<prodml:PhasesPresent>oil and gas</prodml:PhasesPresent>
			<prodml:LiquidComposition>
				<prodml:LiquidComponent fluidComponentReference="h2">
					<!--<prodml:FluidComponent>h2</prodml:FluidComponent>-->
					<prodml:MoleFraction uom="%[molar]">0.00</prodml:MoleFraction>
				</prodml:LiquidComponent>
				<prodml:LiquidComponent fluidComponentReference="h2s">
					<!--<prodml:FluidComponent>h2s</prodml:FluidComponent>-->
					<prodml:MoleFraction uom="%[molar]">3.6</prodml:MoleFraction>
				</prodml:LiquidComponent>
				<prodml:LiquidComponent fluidComponentReference="co2">
					<!--<prodml:FluidComponent>co2</prodml:FluidComponent>-->
					<prodml:MoleFraction uom="%[molar]">2.0</prodml:MoleFraction>
				</prodml:LiquidComponent>
				<prodml:LiquidComponent fluidComponentReference="n2">
					<!--<prodml:FluidComponent>n2</prodml:FluidComponent>-->
					<prodml:MoleFraction uom="%[molar]">0.7</prodml:MoleFraction>
				</prodml:LiquidComponent>
				<prodml:LiquidComponent fluidComponentReference="c1">
					<!--<prodml:FluidComponent>c1</prodml:FluidComponent>-->
					<prodml:MoleFraction uom="%[molar]">74.9</prodml:MoleFraction>
				</prodml:LiquidComponent>
				<prodml:LiquidComponent fluidComponentReference="c3">
					<!--<prodml:FluidComponent>c3</prodml:FluidComponent>-->
					<prodml:MoleFraction uom="%[molar]">10.2</prodml:MoleFraction>
				</prodml:LiquidComponent>
				<prodml:LiquidComponent fluidComponentReference="ic4">
					<!--<prodml:FluidComponent>ic4</prodml:FluidComponent>-->
					<prodml:MoleFraction uom="%[molar]">0.7</prodml:MoleFraction>
				</prodml:LiquidComponent>
				<prodml:LiquidComponent fluidComponentReference="nc4">
					<!--<prodml:FluidComponent>nc4</prodml:FluidComponent>-->
					<prodml:MoleFraction uom="%[molar]">1.5</prodml:MoleFraction>
				</prodml:LiquidComponent>
				<prodml:LiquidComponent fluidComponentReference="nc5">
					<!--<prodml:FluidComponent>nc5</prodml:FluidComponent>-->
					<prodml:MoleFraction uom="%[molar]">0</prodml:MoleFraction>
				</prodml:LiquidComponent>
				<prodml:LiquidComponent fluidComponentReference="ic5">
					<!--<prodml:FluidComponent>ic5</prodml:FluidComponent>-->
					<prodml:MoleFraction uom="%[molar]">0.5</prodml:MoleFraction>
				</prodml:LiquidComponent>
				<prodml:LiquidComponent fluidComponentReference="c6">
					<!--<prodml:FluidComponent>c6</prodml:FluidComponent>-->
					<prodml:MoleFraction uom="%[molar]">0.3</prodml:MoleFraction>
				</prodml:LiquidComponent>
				<prodml:LiquidComponent fluidComponentReference="c7">
					<!--<prodml:FluidComponent>c6</prodml:FluidComponent>-->
					<prodml:MoleFraction uom="%[molar]">0.2</prodml:MoleFraction>
				</prodml:LiquidComponent>
				<prodml:LiquidComponent fluidComponentReference="c8">
					<!--<prodml:FluidComponent>c6</prodml:FluidComponent>-->
					<prodml:MoleFraction uom="%[molar]">0.1</prodml:MoleFraction>
				</prodml:LiquidComponent>
				<prodml:LiquidComponent fluidComponentReference="c9">
					<!--<prodml:FluidComponent>c6</prodml:FluidComponent>-->
					<prodml:MoleFraction uom="%[molar]">0</prodml:MoleFraction>
				</prodml:LiquidComponent>
				<prodml:LiquidComponent fluidComponentReference="c10">
					<!--<prodml:FluidComponent>c6</prodml:FluidComponent>-->
					<prodml:MoleFraction uom="%[molar]">0</prodml:MoleFraction>
				</prodml:LiquidComponent>
				<prodml:LiquidComponent fluidComponentReference="c11">
					<!--<prodml:FluidComponent>c6</prodml:FluidComponent>-->
					<prodml:MoleFraction uom="%[molar]">0.0</prodml:MoleFraction>
				</prodml:LiquidComponent>
				<prodml:LiquidComponent fluidComponentReference="c12">
					<!--<prodml:FluidComponent>c6</prodml:FluidComponent>-->
					<prodml:MoleFraction uom="%[molar]">0.002</prodml:MoleFraction>
				</prodml:LiquidComponent>
				<prodml:LiquidComponent fluidComponentReference="c13">
					<!--<prodml:FluidComponent>c6</prodml:FluidComponent>-->
					<prodml:MoleFraction uom="%[molar]">0.001</prodml:MoleFraction>
				</prodml:LiquidComponent>
			</prodml:LiquidComposition>
		</prodml:SeparatorTestStep>
		<prodml:SeparatorTestStep uid="ststep2">
			<prodml:StepNumber>2</prodml:StepNumber>
			<prodml:StepTemperature uom="degF">200</prodml:StepTemperature>
			<prodml:StepPressure uom="psi">4302.19</prodml:StepPressure>
			<prodml:OilDensity uom="g/cm3">0.5623</prodml:OilDensity>
			<prodml:OilFormationVolumeFactorStd uom="bbl/bbl">2.0394</prodml:OilFormationVolumeFactorStd>
			<prodml:StageSeparatorGORStd uom="ft3/bbl">1947.07</prodml:StageSeparatorGORStd>
			<prodml:StageSeparatorGORCorrected uom="ft3/bbl">1947.07</prodml:StageSeparatorGORCorrected>
			<prodml:PhasesPresent>oil and gas</prodml:PhasesPresent>
		</prodml:SeparatorTestStep>
		<prodml:SeparatorTestStep uid="ststep3">
			<prodml:StepNumber>3</prodml:StepNumber>
			<prodml:StepTemperature uom="degF">150</prodml:StepTemperature>
			<prodml:StepPressure uom="psi">450</prodml:StepPressure>
			<prodml:ResidualAPIGravity uom="dAPI">0.7609</prodml:ResidualAPIGravity>
			<prodml:OilDensity uom="g/cm3">0.7541</prodml:OilDensity>
			<prodml:OilFormationVolumeFactorStd uom="bbl/bbl">1.1247</prodml:OilFormationVolumeFactorStd>
			<prodml:StageSeparatorGORStd uom="ft3/bbl">144.98</prodml:StageSeparatorGORStd>
			<prodml:StageSeparatorGORCorrected uom="ft3/bbl">144.98</prodml:StageSeparatorGORCorrected>
			<prodml:GasGravity>0.7609</prodml:GasGravity>
			<prodml:FluidCondition>stock tank conditions</prodml:FluidCondition>
			<prodml:PhasesPresent>oil</prodml:PhasesPresent>
		</prodml:SeparatorTestStep>
		<prodml:SeparatorTestStep uid="ststep4">
			<prodml:StepNumber>4</prodml:StepNumber>
			<prodml:StepTemperature uom="degF">100</prodml:StepTemperature>
			<prodml:StepPressure uom="psi">150</prodml:StepPressure>
			<prodml:ResidualAPIGravity uom="dAPI">0.8219</prodml:ResidualAPIGravity>
			<prodml:OilDensity uom="g/cm3">0.7883</prodml:OilDensity>
			<prodml:OilFormationVolumeFactorStd uom="bbl/bbl">1.0597</prodml:OilFormationVolumeFactorStd>
			<prodml:StageSeparatorGORStd uom="ft3/bbl">71.33</prodml:StageSeparatorGORStd>
			<prodml:StageSeparatorGORCorrected uom="ft3/bbl">71.33</prodml:StageSeparatorGORCorrected>
			<prodml:GasGravity>0.8219</prodml:GasGravity>
			<prodml:FluidCondition>stock tank conditions</prodml:FluidCondition>
			<prodml:PhasesPresent>oil</prodml:PhasesPresent>
		</prodml:SeparatorTestStep>
		<prodml:SeparatorTestStep uid="ststep5">
			<prodml:StepNumber>3</prodml:StepNumber>
			<prodml:StepTemperature uom="degF">80</prodml:StepTemperature>
			<prodml:StepPressure uom="psi">40</prodml:StepPressure>
			<prodml:ResidualAPIGravity uom="dAPI">1.0725</prodml:ResidualAPIGravity>
			<prodml:OilDensity uom="g/cm3">0.8049</prodml:OilDensity>
			<prodml:OilFormationVolumeFactorStd uom="bbl/bbl">1.0229</prodml:OilFormationVolumeFactorStd>
			<prodml:StageSeparatorGORStd uom="ft3/bbl">21.67</prodml:StageSeparatorGORStd>
			<prodml:StageSeparatorGORCorrected uom="ft3/bbl">21.67</prodml:StageSeparatorGORCorrected>
			<prodml:GasGravity>1.0725</prodml:GasGravity>
			<prodml:FluidCondition>stock tank conditions</prodml:FluidCondition>
			<prodml:PhasesPresent>oil</prodml:PhasesPresent>
		</prodml:SeparatorTestStep>
		<prodml:SeparatorTestStep uid="ststep6">
			<prodml:StepNumber>6</prodml:StepNumber>
			<prodml:StepTemperature uom="degF">60</prodml:StepTemperature>
			<prodml:StepPressure uom="psi">14.7</prodml:StepPressure>
			<prodml:ResidualAPIGravity uom="dAPI">1.3332</prodml:ResidualAPIGravity>
			<prodml:OilDensity uom="g/cm3">0.817</prodml:OilDensity>
			<prodml:OilFormationVolumeFactorStd uom="bbl/bbl">1</prodml:OilFormationVolumeFactorStd>
			<prodml:StageSeparatorGORStd uom="ft3/bbl">0</prodml:StageSeparatorGORStd>
			<prodml:StageSeparatorGORCorrected uom="ft3/bbl">0</prodml:StageSeparatorGORCorrected>
			<prodml:GasGravity>1.3332</prodml:GasGravity>
			<prodml:FluidCondition>stock tank conditions</prodml:FluidCondition>
			<prodml:PhasesPresent>oil</prodml:PhasesPresent>
		</prodml:SeparatorTestStep>
	</prodml:SeparatorTest>
</prodml:FluidAnalysis>
