<?xml version="1.0" encoding="UTF-8"?>
<!-- 
These examples are only intended to demonstrate the type of data that can be exchanged.
Data is based on example well from WFT.
They are totally artificial and are not intended to demonstrate best practices. 
NOTE: Different equipment may share common properties.  String equipment may reference the same equipmentUID as itself.
-->
<downholeComponents xmlns="http://www.witsml.org/schemas/1series" version="1.4.1.1" xmlns:xsi="http://www.w3.org/2001/XMLSchema-instance" xsi:schemaLocation="http://www.witsml.org/schemas/1series ../xsd_schemas/obj_downholeComponent.xsd" >
	<documentInfo>
		<documentName>downholeComponents</documentName>
		<fileCreationInformation>
			<fileCreationDate>2012-04-17T09:00:00.000Z</fileCreationDate>
			<fileCreator>Energistics</fileCreator>
		</fileCreationInformation>
	</documentInfo>
	<downholeComponent uid="downholecomp_1" uidWell="VGASAU029">
		<!-- The wellhead contains the wellhead information, the reason it has own section because the tubingHeader 
			and casingHeader is the starting part of all casing , tubing string, the stringEquipmentUID is reference by 
			multiple strings
		-->
		<nameWell>VGASAU029</nameWell>
		<name>downholecomp_Job1</name>
		<wellHead>
			<stringType>Wellhead</stringType>
			<name>wellhead</name>
			<stringEquipmentSet>
				<!-- tubing head-->
				<stringEquipment uid="wellheadString_1" equipmentRefUID="tubingHead_1">
					<equipmentType>Tubing Head (Spool)</equipmentType>
					<name>Tubing Head  3000# Bottom Flange 13.375"/Top Flange  9.625"</name>
					<count>1</count>
					<length uom="ft">1</length>
					<mdTop uom="ft">10</mdTop>
					<mdBottom uom="ft">11</mdBottom>
					<tvdTop uom="ft">10</tvdTop>
					<tvdBottom uom="ft">11</tvdBottom>
					<tvdBase uom="ft">0</tvdBase>
					<connectionNext uid="whcon_top">
						<sizeThread uom="in">13.375</sizeThread>
						<position>top</position>
						<connectionForm>Flange</connectionForm>
					</connectionNext>
					<connectionNext uid="whcon_bottom" stringEquipmentRefUID="wellheadString_2">
						<sizeThread uom="in">9.625</sizeThread>
						<position>bottom</position>
						<connectionForm>Flange</connectionForm>
						<!--in doc connectionType vs connectionForm-->
					</connectionNext>
				</stringEquipment>
				<!-- Casing header , all casing hang on this casing head -->
				<stringEquipment uid="wellheadString_2" equipmentRefUID="casingHead_1">
					<equipmentType>Casing Head</equipmentType>
					<name>Casing Head 3000# Top Flange 16.750"/Bottom Thread 16.000"</name>
					
					<count>1</count>
					<length uom="ft">1</length>
					<mdTop uom="ft">11</mdTop>
					<mdBottom uom="ft">12</mdBottom>
					<tvdTop uom="ft">11</tvdTop>
					<tvdBottom uom="ft">12</tvdBottom>
					<connectionNext uid="whcon_top">
						<sizeThread uom="in">16.75</sizeThread>
						<position>top</position>
						<connectionForm>Flange</connectionForm>
					</connectionNext>
					<connectionNext uid="whcon_bottom" stringEquipmentRefUID="wellheadString_2">
						<typeThread>API Long</typeThread>
						<sizeThread uom="in">16</sizeThread>
						<position>bottom</position>
						<connectionForm>Flange</connectionForm>
						<connectionUpset>NUE</connectionUpset>
						<!--no upset-->
						<!--in doc connectionType vs connectionForm-->
					</connectionNext>
				</stringEquipment>
			</stringEquipmentSet>
		</wellHead>
		<boreholeStringSet>
			<boreholeString uid="borehole-1">
				<name>Wellbore Hole 1</name>
				<borehole>
					<name>Wellbore Hole OD-20.0000</name>
					<typeBorehole>NormalBorehole</typeBorehole>
					<mdTop uom="ft">11</mdTop>
					<mdBottom uom="ft">450</mdBottom>
					<tvdTop uom="ft">11</tvdTop>
					<tvdBottom uom="ft">450</tvdBottom>
					<diaBorehole uom="in">20</diaBorehole>
				</borehole>
				<borehole>
					<name>Wellbore Hole OD-13.0000</name>
					<typeBorehole>NormalBorehole</typeBorehole>
					<mdTop uom="ft">450</mdTop>
					<mdBottom uom="ft">1250</mdBottom>
					<tvdTop uom="ft">450</tvdTop>
					<tvdBottom uom="ft">1250</tvdBottom>
					<diaBorehole uom="in">13</diaBorehole>
				</borehole>
				<borehole>
					<name>Wellbore Hole OD-10.1250</name>
					<typeBorehole>NormalBorehole</typeBorehole>
					<mdTop uom="ft">1250</mdTop>
					<mdBottom uom="ft">4800</mdBottom>
					<tvdTop uom="ft">1250</tvdTop>
					<tvdBottom uom="ft">4800</tvdBottom>
					<diaBorehole uom="in">10.1250</diaBorehole>
				</borehole>
				<geologyFeature uid="Aquifer_1">
						<name>Ogalala</name>
						<geologyType>Aquifer</geologyType>
						<mdTop uom="ft">78</mdTop>
						<mdBottom uom="ft">101</mdBottom>
				</geologyFeature>
				<geologyFeature uid="Reservoir_1">
					<name>Mckee_Reservoir</name>
					<geologyType>Reservoir</geologyType>
					<mdTop uom="ft">4511</mdTop>
					<mdBottom uom="ft">4602</mdBottom>
				</geologyFeature>
				<geologyFeature uid="Reservoir_2">
					<name>Grayburg_Reservoir</name>
					<geologyType>Reservoir</geologyType>
					<mdTop uom="ft">4614</mdTop>
					<mdBottom uom="ft">4720</mdBottom>
				</geologyFeature>
			</boreholeString>
		</boreholeStringSet>
		<downholeStringSet>
			<!-- Describe the surfacecasing -->
			<downholeString uid="surfacecasing_1" uidWellbore="primaryWellbore">
				<stringType>Casing</stringType>
				<subStringType>Surface Casing</subStringType>
				<name>surfacecasing_1</name>
				<stringEquipmentSet>
					<!-- surfacecasing 's casing and casingliner -->
					<stringEquipment uid="surfacecasingString_1" equipmentRefUID="surfacecasing_casingliner_1">
						<equipmentType>Casing/Casing Liner</equipmentType>
						<name>K-55 18.625 OD/ 96.50# Round Long 17.655 ID 17.468 Drift</name>
						
						<count>15</count>
						<length uom="ft">437</length>
						<mdTop uom="ft">12</mdTop>
						<mdBottom uom="ft">449</mdBottom>
						<tvdTop uom="ft">12</tvdTop>
						<tvdBottom uom="ft">449</tvdBottom>
						<tvdBase uom="ft">0</tvdBase>
						<!-- Top connect to wellheader tubing head wellheaderString2 ; positiontop -->
						<connectionNext uid="surfacecasingCon_1" stringEquipmentRefUID="wellheadString_2">
							<typeThread>8RD</typeThread>
							<sizeThread uom="in">18.625</sizeThread>
							<position>top</position>
							<connectionForm>Pin</connectionForm>
							<connectionUpset>NUE</connectionUpset>
						</connectionNext>
						<!-- Bottom Connect to the next surfacecasing casing shoe-->
						<connectionNext uid="surfacecasingCon_2" stringEquipmentRefUID="surfacecasing_2">
							<typeThread>8RD</typeThread>
							<sizeThread uom="in">18.625</sizeThread>
							<position>bottom</position>
							<connectionForm>Pin</connectionForm>
							<connectionUpset>EUE</connectionUpset>
						</connectionNext>
					</stringEquipment>
					<!-- end of string : casingshoe -->
					<stringEquipment uid="surfacecasingString_2" equipmentRefUID="surfacecasingshoe_1">
						<equipmentType>Casing Shoe</equipmentType>
						<name>Casing Shoe (18.625 OD Casing)</name>
						
						<count>1</count>
						<length uom="ft">1</length>
						<mdTop uom="ft">449</mdTop>
						<mdBottom uom="ft">450</mdBottom>
						<tvdTop uom="ft">449</tvdTop>
						<tvdBottom uom="ft">450</tvdBottom>
						<connectionNext uid="surfacecasingshoeCon_1" stringEquipmentRefUID="surfacecasing_casingliner_1">
							<typeThread>8RD</typeThread>
							<sizeThread uom="in">18.625</sizeThread>
							<position>top</position>
							<connectionForm>Pin</connectionForm>
							<connectionUpset>NUE</connectionUpset>
						</connectionNext>
					</stringEquipment>
				</stringEquipmentSet>
				<accessories>
					<!-- cement behind the casing as accessory contain in surfacecasing -->
					<accessory uid="surfaccessory_1" equipmentRefUID="cementbehind_surfacecasing_1">
						<equipmentType>Cement (behind Casing)</equipmentType>
						<name>cementbehind_surfacecasing_1</name>
						
						<count>1</count>
						<length uom="ft">438</length>
						<mdTop uom="ft">12</mdTop>
						<mdBottom uom="ft">450</mdBottom>
						<tvdTop uom="ft">12</tvdTop>
						<tvdBottom uom="ft">450</tvdBottom>
					</accessory>
				</accessories>
			</downholeString>
			<!-- Section for intermediate casing, start from the wellhead 's casing head -->
			<downholeString uid="intermediatecasing_1" uidWellbore="primaryWellbore">
				<stringType>Casing</stringType>
				<subStringType>Intermediate Casing</subStringType>
				<name>intermediatecasing_1</name>
				
				<stringEquipmentSet>
					<!--intermediate casing, top of casing connect from the casinghead of wellhead -->
					<stringEquipment uid="intercasing_1" equipmentRefUID="intercasing_casingliner_!">
						<equipmentType>Casing/Casing Liner</equipmentType>
						<name>Casing/Casing Liner OD 11.750</name>
						
						<count>42</count>
						<length uom="ft">1236</length>
						<mdTop uom="ft">13</mdTop>
						<mdBottom uom="ft">1249</mdBottom>
						<tvdTop uom="ft">13</tvdTop>
						<tvdBottom uom="ft">1249</tvdBottom>
						<!-- Top connect to wellhead casing head -->
						<connectionNext uid="intercasingCon_1" stringEquipmentRefUID="wellheadString_2">
							<typeThread>8RD</typeThread>
							<sizeThread uom="in">11.75</sizeThread>
							<position>top</position>
							<connectionForm>Pin</connectionForm>
							<connectionUpset>NUE</connectionUpset>
						</connectionNext>
						<!-- Bottom connect to next string: casing shoe-->
						<connectionNext uid="intercasingCon_2" stringEquipmentRefUID="intercasing_2">
							<typeThread>8RD</typeThread>
							<sizeThread uom="in">11.75</sizeThread>
							<position>bottom</position>
							<tubingConnectionType>SelfSealing-Threaded</tubingConnectionType>
							<connectionForm>Pin</connectionForm>
							<connectionUpset>NUE</connectionUpset>
						</connectionNext>
					</stringEquipment>
					<!-- end of string: casing shoe -->
					<stringEquipment uid="intercasing_2" equipmentRefUID="intercasingshoe_1">
						<equipmentType>Casing Shoe</equipmentType>
						<name>Casing Shoe (11.750 OD Casing)</name>
						
						<count>1</count>
						<length uom="ft">1</length>
						<mdTop uom="ft">1249</mdTop>
						<mdBottom uom="ft">1250</mdBottom>
						<tvdTop uom="ft">1249</tvdTop>
						<tvdBottom uom="ft">1250</tvdBottom>
						<connectionNext uid="intercasingCon_2" stringEquipmentRefUID="intercasing_1">
							<typeThread>8RD</typeThread>
							<sizeThread uom="in">11.75</sizeThread>
							<position>top</position>
							<tubingConnectionType>SelfSealing-Threaded</tubingConnectionType>
							<connectionForm>Pin</connectionForm>
							<connectionUpset>NUE</connectionUpset>
						</connectionNext>
					</stringEquipment>
				</stringEquipmentSet>
				<accessories>
					<!-- cement behind intercasing as accessory -->
					<accessory uid="intercaseAssory_1" equipmentRefUID="cementbehind_intercasing_1">
						<equipmentType>Cement (behind Casing)</equipmentType>
						<name>cementbehind_intercasing_1</name>
						
						<count>1</count>
						<length uom="ft">1238</length>
						<mdTop uom="ft">12</mdTop>
						<mdBottom uom="ft">1250</mdBottom>
						<tvdTop uom="ft">12</tvdTop>
						<tvdBottom uom="ft">1250</tvdBottom>
					</accessory>
				</accessories>
			</downholeString>
			<!-- Section of production casing, connect from the casinghead of wellhead -->
			<downholeString uid="prodcasing_1" uidWellbore="primaryWellbore">
				<stringType>Casing</stringType>
				<subStringType>Production Casing</subStringType>
				<name>productioncasing</name>
				
				<stringEquipmentSet>
					<!-- casingliner and casing, top connect to casinghead count(160)-->
					<stringEquipment uid="prodcasing_1" equipmentRefUID="prod_casingliner_1">
						<equipmentType>Casing/Casing Liner</equipmentType>
						<name>Casing/Casing Liner OD  9.625</name>
						
						<count>160</count>
						<length uom="ft">4787</length>
						<mdTop uom="ft">12</mdTop>
						<mdBottom uom="ft">4799</mdBottom>
						<tvdTop uom="ft">12</tvdTop>
						<tvdBottom uom="ft">4799</tvdBottom>
						<!-- Top connect to well header casing header -->
						<connectionNext uid="prodCon_1" stringEquipmentRefUID="wellheadString_2">
							<typeThread>8RD</typeThread>
							<sizeThread uom="in">9.625</sizeThread>
							<position>top</position>
							<connectionForm>Pin</connectionForm>
							<connectionUpset>NUE</connectionUpset>
						</connectionNext>
						<!-- Bottom connect to casing shoe-->
						<connectionNext uid="prodCon_2" stringEquipmentRefUID="prodcasing_2">
							<typeThread>8RD</typeThread>
							<sizeThread uom="in">9.625</sizeThread>
							<position>bottom</position>
							<connectionForm>Pin</connectionForm>
							<connectionUpset>NUE</connectionUpset>
						</connectionNext>
						<perforationSetRefID>perf_Garyburg</perforationSetRefID>
						<perforationSetRefID>perf_Mckee</perforationSetRefID>
					</stringEquipment>
					<!-- end of string: casing shoe-->
					<stringEquipment uid="prodcasing_2" equipmentRefUID="prodcasingshoe_1">
						<equipmentType>Casing Shoe</equipmentType>
						<name>Casing Shoe ( 9.625 OD Casing)</name>
						
						<count>1</count>
						<length uom="ft">1</length>
						<mdTop uom="ft">4799</mdTop>
						<mdBottom uom="ft">4800</mdBottom>
						<tvdTop uom="ft">4799</tvdTop>
						<tvdBottom uom="ft">4800</tvdBottom>
						<connectionNext uid="prodcasing2Con_1" stringEquipmentRefUID="prodcasing_2">
							<typeThread>8RD</typeThread>
							<sizeThread uom="in">9.625</sizeThread>
							<position>top</position>
							<connectionForm>Pin</connectionForm>
							<connectionUpset>NUE</connectionUpset>
						</connectionNext>
					</stringEquipment>
				</stringEquipmentSet>
				<accessories>
					<!-- cement behind production casing -->
					<accessory uid="prodAccessory_1" equipmentRefUID="cementbehind_prod_1">
						<equipmentType>Cement (behind Casing)</equipmentType>
						<name>cementbehind_prod_1</name>
						
						<count>1</count>
						<length uom="ft">4788</length>
						<mdTop uom="ft">12</mdTop>
						<mdBottom uom="ft">4800</mdBottom>
						<tvdTop uom="ft">12</tvdTop>
						<tvdBottom uom="ft">4800</tvdBottom>
					</accessory>
					<!--bridge plug -->
					<accessory uid="brigePlug_1" equipmentRefUID="brigePlug_1">
						<equipmentType>Bridge Plug</equipmentType>
						<name>Bridge Plug Cast Iron  9.625"</name>
						
						<count>1</count>
						<length uom="ft">4</length>
						<mdTop uom="ft">4500</mdTop>
						<mdBottom uom="ft">4504</mdBottom>
						<tvdTop uom="ft">4</tvdTop>
						<tvdBottom uom="ft">4504</tvdBottom>
					</accessory>
					<!-- cement squeeze -->
					<accessory uid="cementSqueeze_1" equipmentRefUID="cementSqueeze_1">
						<equipmentType>Cement Squeeze</equipmentType>
						<name>Cement Squeeze - Perforations</name>
						
						<count>1</count>
						<length uom="ft">200</length>
						<mdTop uom="ft">4512</mdTop>
						<mdBottom uom="ft">4712</mdBottom>
						<tvdTop uom="ft">4512</tvdTop>
						<tvdBottom uom="ft">4712</tvdBottom>
					</accessory>
				 
					<accessory uid="gpack_1" equipmentRefUID="topgppack_1">
						<equipmentType>Packer</equipmentType>
						<name>Top packer</name>
						
						<count>1</count>
						<length uom="ft">10</length>
						<mdTop uom="ft">4500</mdTop>
						<mdBottom uom="ft">4510</mdBottom>
						<tvdTop uom="ft">4500</tvdTop>
						<tvdBottom uom="ft">4510</tvdBottom>
					</accessory>
					<accessory uid="gpack_2" equipmentRefUID="bottomgpack_2">
						<equipmentType>Packer</equipmentType>
						<name>bottom packer</name>
						
						<count>1</count>
						<length uom="ft">6</length>
						<mdTop uom="ft">4609</mdTop>
						<mdBottom uom="ft">4615</mdBottom>
						<tvdTop uom="ft">4609</tvdTop>
						<tvdBottom uom="ft">4615</tvdBottom>
					</accessory> 
					<accessory uid="fillinWellbore_2" equipmentRefUID="fillinWellbore_2">
								<equipmentType>Fill</equipmentType>
								<name>Plug - Sand</name>
								
								<count>1</count>
								<length uom="ft">204</length>
								<mdTop uom="ft">4510</mdTop>
								<mdBottom uom="ft">4714</mdBottom>
								<tvdTop uom="ft">4510</tvdTop>
								<tvdBottom uom="ft">4722</tvdBottom>
					</accessory>
					<!--if it is not the part then the fillin can be in accessory-->
					<accessory uid="fillinWellbore_1" equipmentRefUID="fillinWellbore_1">
						<equipmentType>Fill</equipmentType>
						<name>Gravel behind screen</name>
						
						<count>1</count>
						<length uom="ft">90</length>
						<mdTop uom="ft">4624</mdTop>
						<mdBottom uom="ft">4714</mdBottom>
						<tvdTop uom="ft">4624</tvdTop>
						<tvdBottom uom="ft">4714</tvdBottom>
					</accessory>
				</accessories>
			</downholeString>
			
			<downholeString uid="gravelString" uidWellbore="primaryWellbore">
				<stringType>Casing</stringType>
				<subStringType>Production Casing</subStringType>
				<name>productioncasing</name>
				
				<stringEquipmentSet>

					<stringEquipment  uid="gpString_1" equipmentRefUID="topGPPcker_1">
								<equipmentType>Packer</equipmentType>
								<name>GPS-II Frac Pack Packer</name>
								
								<count>1</count>
								<length uom="ft">8</length>
								<mdTop uom="ft">4616</mdTop>
								<mdBottom uom="ft">4624</mdBottom>
								<tvdTop uom="ft">4616</tvdTop>
								<tvdBottom uom="ft">4624</tvdBottom>
								<connectionNext uid="gpCon_1" stringEquipmentRefUID="gpString_2">
									<position>bottom</position>
									<connectionForm>Mandrel</connectionForm>
								</connectionNext>
							</stringEquipment>
							<stringEquipment uid="gpString_2" equipmentRefUID="tubingOD3.5_1">
								<equipmentType>Tubing</equipmentType>
								<name>Tubing OD3.5</name>
								
								<count>1</count>
								<length uom="ft">90</length>
								<mdTop uom="ft">4624</mdTop>
								<mdBottom uom="ft">4714</mdBottom>
								<tvdTop uom="ft">4624</tvdTop>
								<tvdBottom uom="ft">4714</tvdBottom>
								<connectionNext uid="gpCon_4" stringEquipmentRefUID="gpString_4">
									<position>bottom</position>
									<connectionForm>Mandrel</connectionForm>
								</connectionNext>
							</stringEquipment>
							<stringEquipment uid="gpString_3" equipmentRefUID="GravelPackerScreen_1">
								<equipmentType>Gravel Pack Screen</equipmentType>
								<name>Screen Mesh 8 gauge micro pack</name>
								
								<count>1</count>
								<length uom="ft">90</length>
								<mdTop uom="ft">4624</mdTop>
								<mdBottom uom="ft">4714</mdBottom>
								<tvdTop uom="ft">4624</tvdTop>
								<tvdBottom uom="ft">4714</tvdBottom>
							</stringEquipment>
							<stringEquipment uid="gpString_4" equipmentRefUID="bottomGPPacker_1">
								<equipmentType>Packer</equipmentType>
								<name>Wesdrill Sump Packer</name>
								
								<count>1</count>
								<length uom="ft">8</length>
								<mdTop uom="ft">4714</mdTop>
								<mdBottom uom="ft">4722</mdBottom>
								<tvdTop uom="ft">4714</tvdTop>
								<tvdBottom uom="ft">4722</tvdBottom>
							</stringEquipment>  
					</stringEquipmentSet>
					</downholeString>
		</downholeStringSet>
		
		<equipmentSet>
			<equipment uid="casingHead_1">
				<equipmentName>casing Head</equipmentName>
				<equipmentType>Casing Head</equipmentType>
				<model>API 3000#</model>
				<material>Steel</material>
			</equipment>
			<equipment uid="surfacecasing_casingliner_1">
				<equipmentName>surfacecasing casingliner</equipmentName>
				<equipmentType>Casing/Casing Liner</equipmentType>
				<material>Steel</material>
				<grade>K-55</grade>
				<unitWeight uom="lbm/ft">9.65</unitWeight>
				<OD uom="in">18.625</OD>
				<ID uom="in">17.655</ID>
				<drift uom="in">17.468</drift>
			</equipment> 
			<equipment uid="surfacecasingshoe_1">
				<equipmentName>surface casing shoe</equipmentName>
				<equipmentType>Casing Shoe</equipmentType>
				<material>Steel</material>
			</equipment>
			<equipment uid="intercasing_casingliner_1">
				<equipmentName>intercasing casingliner</equipmentName>
				<equipmentType>Casing/Casing Liner</equipmentType>
				<material>Steel</material>
				<grade>K-55</grade>
				<unitWeight uom="lbm/ft">7.9</unitWeight>
				<OD uom="in">11.75</OD>
				<ID uom="in">10.438</ID>
				<drift uom="in">10.282</drift>
			</equipment>
			<equipment uid="prod_casingliner_1">
				<equipmentName>prod_casingliner</equipmentName>
				<equipmentType>Casing/Casing Liner</equipmentType>
				<material>Steel</material>
				<grade>K-55</grade>
				<unitWeight uom="lbm/ft">4.35</unitWeight>
				<OD uom="in">9.625</OD>
				<ID uom="in">8.755</ID>
				<drift uom="in">8.599</drift>
			</equipment>
			<equipment uid="prodcasingshoe_1">
				<equipmentName>prodcasingshoe</equipmentName>
				<equipmentType>Casing Shoe</equipmentType>
				<material>Steel</material>
			</equipment>
			<equipment uid="topgppack_1">
				<equipmentName>Packer Dual (Retrievable)</equipmentName>
				<equipmentType>Packer</equipmentType>
				<model>Dual Packer</model>
				<modelType>XR</modelType>
				<material>Steel</material>
				<OD uom="in">9.625</OD>
				<MaxOD uom="in">9.8</MaxOD>
				<MinOD uom="in">9.44</MinOD>
				<property>
					<name>PackerSettingMethod</name>
					<value>Hydro-Mechanical</value>
				</property>
			</equipment>
			<equipment uid="bottomgppack_1">
				<equipmentName> Packer Isolation -  9.625"</equipmentName>
				<equipmentType>Packer</equipmentType>
				<model>Single</model>
				<modelType>IP</modelType>
				<material>Steel</material>
				<OD uom="in">9.625</OD>
				<MaxOD uom="in">9.8</MaxOD>
				<MinOD uom="in">9.44</MinOD>
				<property>
					<name>PackerSettingMethod</name>
					<value>Hydro-Mechanical</value>
				</property>
			</equipment>
			<equipment uid="packer_1">
				<equipmentName> packer_1</equipmentName>
				<equipmentType>Packer</equipmentType>
				<model>Single</model>
				<modelType>IP</modelType>
				<material>Steel</material>
				<OD uom="in">9.625</OD>
				<MaxOD uom="in">9.8</MaxOD>
				<MinOD uom="in">9.44</MinOD>
				<property>
					<name>PackerSettingMethod</name>
					<value>Hydro-Mechanical</value>
				</property>
			</equipment>
			<equipment uid="daulPacker_1">
				<equipmentName> daulPacker_1</equipmentName>
				<equipmentType>Packer</equipmentType>
				<model>Dual</model>
				<modelType>XR</modelType>
				<OD uom="in">9.625</OD>
				<MaxOD uom="in">9.75</MaxOD>
				<MinOD uom="in">9.47</MinOD>
				<property>
					<name>PackerSettingMethod</name>
					<value>Hydro-Mechnanical</value>
				</property>
			</equipment>
			<equipment uid="topGPPcker_1">
				<equipmentName> topGPPcker_1</equipmentName>
				<equipmentType>Packer</equipmentType>
				<model>Single</model>
				<modelType>GPSII</modelType>
				<material>Steel</material>
				<OD uom="in">9.625</OD>
				<MaxOD uom="in">9.8</MaxOD>
				<MinOD uom="in">9.44</MinOD>
				<property>
					<name>PackerSettingMethod</name>
					<value>Hydro-Mechanical</value>
				</property>
			</equipment>
			<equipment uid="tubingOD3.5_1">
				<equipmentName> tubing</equipmentName>
				<equipmentType>Tubing</equipmentType>
				<material>Steel</material>
				<grade>J-55</grade>
				<unitWeight uom="lbm/ft">1.27</unitWeight>
				<OD uom="in">3.5</OD>
				<ID uom="in">2.75</ID>
				<drift uom="in">2.625</drift>
			</equipment>
			<equipment uid="GravelPackScreen_1">
				<equipmentName> GravelPackScreen_1</equipmentName>
				<equipmentType>Gravel Pack Screen</equipmentType>
				<property>
					<name>ScreenGaug</name>
					<value uom="in">8</value>
				</property>
				<property>
					<name>SlotRows</name>
					<value>32</value>
				</property>
				<property>
					<name>SlotLength</name>
					<value uom="in">2.5</value>
				</property>
				<property>
					<name>SlotCenterDistance</name>
					<value uom="in">6.5</value>
				</property>
			</equipment>
			<equipment uid="bottomGPPcker_1">
				<equipmentName> bottomGPPcker_1</equipmentName>
				<equipmentType>Packer</equipmentType>
				<model>Single</model>
				<modelType>GPSII</modelType>
				<material>Steel</material>
				<OD uom="in">9.625</OD>
				<MaxOD uom="in">9.9</MaxOD>
				<MinOD uom="in">9.3</MinOD>
				<property>
					<name>PackerSettingMethod</name>
					<value>Hydro-Mechanical</value>
				</property>
			</equipment>
			<equipment uid="fillinWellbore_1">
				<equipmentName> fillinWellbore_1</equipmentName>
				<equipmentType>Fill</equipmentType>
			</equipment>
			<equipment uid="bridgePlug_1">
				<equipmentType>Bridge Plug</equipmentType>
				<material>Cast Iron</material>
				<OD uom="in">9.625</OD>
			</equipment>
			<equipment uid="cementSqueeze_1">
				<equipmentType>Cement Squeeze</equipmentType> 
			</equipment>
 		</equipmentSet>
 		<perforationSets>
			<perforationSet uid="perf_Garyburg">
				<mdTop uom="ft">4512</mdTop>
				<mdBottom uom="ft">4604</mdBottom>
				<tvdTop uom="ft">4512</tvdTop>
				<tvdBottom uom="ft">4604</tvdBottom>
				<perforationTool> TCP Gun</perforationTool>
				<perforationPenetration uom="ft">1.7</perforationPenetration>
				<crushZoneDiameter uom="in">0.72</crushZoneDiameter>
				<crushDamageRatio>0.31</crushDamageRatio>
				<permanentRemarks>2 JSPI @ 4528, 53, 60, 64, 68, 83, 92, 95, 4604</permanentRemarks>
			</perforationSet>
			<perforationSet uid="perf_Mckee">
				<mdTop uom="ft">4616</mdTop>
				<mdBottom uom="ft">4698</mdBottom>
				<tvdTop uom="ft">4616</tvdTop>
				<tvdBottom uom="ft">4698</tvdBottom>
				<perforationTool> TCP Gun</perforationTool>
				<perforationPenetration uom="ft">1.7</perforationPenetration>
				<crushZoneDiameter uom="in">0.69</crushZoneDiameter>
				<crushDamageRatio>0.28</crushDamageRatio>
				<permanentRemarks>2 JSPI @ 4616, 26, 33, 37, 64, 69, 74, 87, 94, 4704 &amp; 4712'.</permanentRemarks>
			</perforationSet>
			<perforationSet uid="perf_MckeeLower">
				<mdTop uom="ft">4700</mdTop>
				<mdBottom uom="ft">4712</mdBottom>
				<tvdTop uom="ft">4616</tvdTop>
				<tvdBottom uom="ft">4712</tvdBottom>
				<perforationTool> TCP Gun</perforationTool>
				<perforationPenetration uom="ft">1.7</perforationPenetration>
				<crushZoneDiameter uom="in">0.69</crushZoneDiameter>
				<crushDamageRatio>0.28</crushDamageRatio>
				<permanentRemarks> 4704 &amp; 4712'.</permanentRemarks>
			</perforationSet>
		</perforationSets>
	</downholeComponent>
</downholeComponents>
