<?xml version="1.0" encoding="UTF-8"?>
<AssetProductionVolumes objectVersion="2.0" schemaVersion="2.0" uuid="7a2c4076-601a-11e5-9d70-feff819cdc9f" xmlns="http://www.energistics.org/energyml/data/prodmlv2" xmlns:eml="http://www.energistics.org/energyml/data/commonv2" xmlns:prodml="http://www.energistics.org/energyml/data/prodmlv2" xmlns:xsi="http://www.w3.org/2001/XMLSchema-instance" xsi:schemaLocation="http://www.energistics.org/energyml/data/prodmlv2 ../../../xsd_schemas/SimpleProductVolume.xsd">
	<eml:Citation>
		<eml:Title>Monthly Production Report for Daisy Smith No. 4 Well</eml:Title>
		<eml:Originator>I M Anaccountant, Jr</eml:Originator>
		<eml:Creation>2015-02-02T09:30:47Z</eml:Creation>
		<eml:Format>SAP:ProductionAccountingModule_v2.1.3/xml</eml:Format>
	</eml:Citation>
	<StandardConditions xsi:type="eml:TemperaturePressure">
		<eml:Temperature uom="degF">60</eml:Temperature>
		<eml:Pressure uom="psia">14.7</eml:Pressure>
	</StandardConditions>
	<StartDate>2015-01-01T00:00:00Z</StartDate>
	<EndDate>2015-01-31T00:00:00Z</EndDate>
	<NominalPeriod>month</NominalPeriod>
	<!-- Daisy Smith No. 4  !-->
	<ReportingEntityVolumes>
		<ReportingEntity>
			<eml:ContentType>application/x-prodml+xml;version=2.0;type=obj_ReportingEntity</eml:ContentType>
			<eml:Title>Well01</eml:Title>
			<eml:Uuid>00000000-0000-0000-0000-0000000000D2</eml:Uuid>
		</ReportingEntity>
		<Production>
			<QuantityMethod>measured</QuantityMethod>
			<ProductionQuantity uid="March oil" xsi:type="ProductFluid">
				<prodml:Volume>
					<eml:Volume uom="1000 bbl">4.8</eml:Volume>
				</prodml:Volume><ProductFluidKind>oil - gross</ProductFluidKind>
			</ProductionQuantity>
			<ProductionQuantity uid="March gas" xsi:type="ProductFluid">
				<prodml:Volume>
					<eml:Volume uom="1E6 ft3">2.08</eml:Volume>
				</prodml:Volume>
				<ProductFluidKind>gas - dry</ProductFluidKind>
			</ProductionQuantity>
			<ProductionQuantity uid="March water" xsi:type="ProductFluid">
				<prodml:Volume>
					<eml:Volume uom="bbl">78</eml:Volume>
				</prodml:Volume>
				<ProductFluidKind>water - processed</ProductFluidKind>
			</ProductionQuantity>
		</Production>
		<Disposition uid="March flaring" xsi:type="ProductDisposition">
			<QuantityMethod>estimated</QuantityMethod>
			<DispositionQuantity uid="March flared gas" productFluidReference="00000000-0000-0000-0003-00000000092" xsi:type="ProductFluid">
				<prodml:Volume>
					<eml:Volume uom="1000 ft3">80</eml:Volume>
				</prodml:Volume>
				<ProductFluidKind>gas - dry</ProductFluidKind>
			</DispositionQuantity>
			<Kind>flared</Kind>
		</Disposition>
	</ReportingEntityVolumes>
</AssetProductionVolumes>
