<?xml version="1.0" encoding="UTF-8"?>
<FluidSampleAcquisitionJob xmlns="http://www.energistics.org/energyml/data/prodmlv2" xmlns:eml="http://www.energistics.org/energyml/data/commonv2" schemaVersion="0.29" uuid="00000001-0001-0000-0000-000000000000" xmlns:xsi="http://www.w3.org/2001/XMLSchema-instance" xsi:schemaLocation="http://www.energistics.org/energyml/data/prodmlv2 ../xsd_schemas/FluidSampleAcquisitionJob.xsd">
	<eml:Aliases authority="XOM.EMSDB.DEVSDB1.EG.SAMPLE_ACQUISITION">
		<eml:Identifier>46C65DC944076D59E06600144F1E6737</eml:Identifier>
	</eml:Aliases>
	<eml:Citation>
		<eml:Title>Good Oil 4 Bottomhole Sample Acquisition</eml:Title>
		<eml:Originator>Laman Reseflana</eml:Originator>
		<eml:Creation>2016-06-03T12:08:22-06:00</eml:Creation>
		<eml:Format>xml</eml:Format>
	</eml:Citation>
	<StartTime>2016-06-01T12:08:22-06:00</StartTime>
	<FluidSystem>
		<eml:ContentType>FluidSystem</eml:ContentType>
		<eml:Title>Productive Cretaceous</eml:Title>
		<eml:Uuid>00000001-0000-0000-0000-000000000000</eml:Uuid>
	</FluidSystem>
	<FluidSampleAcquisition uid="00000001-0001-0000-0000-000000003953" xsi:type="DownholeSampleAcquisition">
		<StartTime>2016-06-01T12:08:22-06:00</StartTime>
		<EndTime>2016-06-01T13:38:22-06:00</EndTime>
		<AcquisitionPressure xsi:type="eml:AbsolutePressure">
			<eml:AbsolutePressure uom="psi">3954</eml:AbsolutePressure>
		</AcquisitionPressure>
		<AcquisitionTemperature uom="degF">217</AcquisitionTemperature>
		<AcquisitionGOR uom="ft3/bbl">600</AcquisitionGOR>
		<FormationPressure uom="psi">4100</FormationPressure> 
		<Remark>Shut in 72 hours</Remark>
		<FluidSample>
			<eml:ContentType>FluidSample</eml:ContentType>
			<eml:Title>Good Oil 4 Sample 02</eml:Title>
			<eml:Uuid>00000000-0000-0000-0002-000000003954</eml:Uuid>
		</FluidSample>
		<FluidSampleContainer>
			<eml:ContentType>FluidSampleContainer</eml:ContentType>                    
			<eml:Title>GO4 No 1</eml:Title>
			<eml:Uuid>00000000-0000-0001-0000-000000000000</eml:Uuid>
		</FluidSampleContainer>  
		<TopMD uom="ft">8500</TopMD>
		<SamplingRun>1</SamplingRun>
		<Wellbore>
			<eml:ContentType>Wellbore</eml:ContentType>
			<eml:Title>Good Oil 4 Wellbore</eml:Title>
			<eml:Uuid>00000000-0000-0000-0000-420123456701</eml:Uuid>
		</Wellbore> 
	</FluidSampleAcquisition>
	<FluidSampleAcquisition uid="00000001-0001-0000-0000-000000003954" xsi:type="DownholeSampleAcquisition" >
		<StartTime>2016-06-01T14:38:22-06:00</StartTime> 
		<EndTime>2016-06-01T15:38:22-06:00</EndTime>
		<AcquisitionPressure xsi:type="eml:AbsolutePressure"> 
			<eml:AbsolutePressure uom="psi">3953</eml:AbsolutePressure> 
		</AcquisitionPressure>
		<AcquisitionTemperature uom="degF">217</AcquisitionTemperature>
		<AcquisitionGOR uom="ft3/bbl">600</AcquisitionGOR>
		<FormationPressure uom="psi">4100</FormationPressure> 	
		<Remark>Shut in 72 hours</Remark>
		<FluidSample>
			<eml:ContentType>FluidSample</eml:ContentType>
			<eml:Title>Good Oil 4 Sample 02</eml:Title>
			<eml:Uuid>00000000-0000-0000-0002-000000003954</eml:Uuid>
		</FluidSample> 
		<FluidSampleContainer>
			<eml:ContentType>FluidSampleContainer</eml:ContentType>
			<eml:Title>GO4 No 2</eml:Title>
			<eml:Uuid>00000000-0000-0002-0000-000000000000</eml:Uuid>
		</FluidSampleContainer>
		<TopMD uom="ft">8500</TopMD>
		<SamplingRun>1</SamplingRun>
		<Wellbore>
			<eml:ContentType>Wellbore</eml:ContentType>
			<eml:Title>Good Oil 4 Wellbore</eml:Title>
			<eml:Uuid>00000000-0000-0000-0000-420123456701</eml:Uuid>
		</Wellbore>
		<FlowTestActivity>
		<!-- This shows how you link to a flow test during which you may have sampled, in order to get data about the flowing conditions, time series etc as appropriate. But note, the example is from the SPVR worked example and the flow test data does not correspond-->
			<eml:ContentType>application/x-prodml+xml;version=2.1;type=FlowTestActivity</eml:ContentType>
			<eml:Title>production well test: flow test activity report for well02</eml:Title>
			<eml:Uuid>00000000-0000-0000-0000-000000000CC2</eml:Uuid>
		</FlowTestActivity>
	</FluidSampleAcquisition>
</FluidSampleAcquisitionJob>

