<?xml version="1.0" encoding="UTF-8"?>
<!--Sample XML file generated by XMLSpy v2013 sp1 (x64) (http://www.altova.com)-->
<prodml:PressureTransientAnalysis  objectVersion="2.0" schemaVersion="2.0" uuid="7a2c4076-601a-11e5-9d70-feff819cdc9f" xmlns="http://www.energistics.org/energyml/data/prodmlv2" xmlns:eml="http://www.energistics.org/energyml/data/commonv2" xmlns:prodml="http://www.energistics.org/energyml/data/prodmlv2" xmlns:xsi="http://www.w3.org/2001/XMLSchema-instance" xsi:schemaLocation="http://www.energistics.org/energyml/data/prodmlv2 ../xsd_schemas/PressureTransientAnalysis.xsd">
	<eml:Aliases authority="a">
		<eml:Identifier>a</eml:Identifier>
		<eml:Description>a</eml:Description>
	</eml:Aliases>
	<eml:Aliases authority="a">
		<eml:Identifier>a</eml:Identifier>
		<eml:Description>a</eml:Description>
	</eml:Aliases>
	<eml:Aliases authority="a">
		<eml:Identifier>a</eml:Identifier>
		<eml:Description>a</eml:Description>
	</eml:Aliases>
	<eml:Citation>
		<eml:Title>a</eml:Title>
		<eml:Originator>a</eml:Originator>
		<eml:Creation>2001-12-17T09:30:47Z</eml:Creation>
		<eml:Format>a</eml:Format>
		<eml:Editor>a</eml:Editor>
		<eml:LastUpdate>2001-12-17T09:30:47Z</eml:LastUpdate>
		<eml:Description>a</eml:Description>
		<eml:DescriptiveKeywords>a</eml:DescriptiveKeywords>
	</eml:Citation>
	<eml:CustomData/>
	<eml:ExtensionNameValue>
		<eml:Name>a</eml:Name>
		<eml:Value uom="1000scm/mo">a</eml:Value>
		<eml:MeasureClass>amount of substance</eml:MeasureClass>
		<eml:DTim>2001-12-17T09:30:47Z</eml:DTim>
		<eml:Index>2147483647</eml:Index>
		<eml:Description>a</eml:Description>
	</eml:ExtensionNameValue>
	<eml:ExtensionNameValue>
		<eml:Name>a</eml:Name>
		<eml:Value uom="stb/1E6scm">a</eml:Value>
		<eml:MeasureClass>normalized power</eml:MeasureClass>
		<eml:DTim>2001-12-17T09:30:47Z</eml:DTim>
		<eml:Index>2147483647</eml:Index>
		<eml:Description>a</eml:Description>
	</eml:ExtensionNameValue>
	<eml:ExtensionNameValue>
		<eml:Name>a</eml:Name>
		<eml:Value uom="scf/scf">a</eml:Value>
		<eml:MeasureClass>volume flow rate per volume flow rate</eml:MeasureClass>
		<eml:DTim>2001-12-17T09:30:47Z</eml:DTim>
		<eml:Index>2147483647</eml:Index>
		<eml:Description>a</eml:Description>
	</eml:ExtensionNameValue>
	<prodml:ModelName>a</prodml:ModelName>
	<prodml:TimeAppliesFrom>2001-12-17T09:30:47Z</prodml:TimeAppliesFrom>
	<prodml:MethodName>a</prodml:MethodName>
	<prodml:TimeAppliesTo>2001-12-17T09:30:47Z</prodml:TimeAppliesTo>
	<prodml:IsNumericalAnalysis>true</prodml:IsNumericalAnalysis>
	<prodml:FluidCharacterization>
		<eml:ContentType>a</eml:ContentType>
		<eml:Title>a</eml:Title>
		<eml:Uuid>00000000-0000-0000-0000-000000000000</eml:Uuid>
		<eml:UuidAuthority>a</eml:UuidAuthority>
		<eml:Uri>http://www.altova.com</eml:Uri>
		<eml:ObjectVersion>a</eml:ObjectVersion>
	</prodml:FluidCharacterization>
	<prodml:NumericalPtaModel>
		<eml:ContentType>a</eml:ContentType>
		<eml:Title>a</eml:Title>
		<eml:Uuid>00000000-0000-0000-0000-000000000000</eml:Uuid>
		<eml:UuidAuthority>a</eml:UuidAuthority>
		<eml:Uri>http://www.altova.com</eml:Uri>
		<eml:ObjectVersion>a</eml:ObjectVersion>
	</prodml:NumericalPtaModel>
	<prodml:FlowTestActivity>
		<eml:ContentType>a</eml:ContentType>
		<eml:Title>a</eml:Title>
		<eml:Uuid>00000000-0000-0000-0000-000000000000</eml:Uuid>
		<eml:UuidAuthority>a</eml:UuidAuthority>
		<eml:Uri>http://www.altova.com</eml:Uri>
		<eml:ObjectVersion>a</eml:ObjectVersion>
	</prodml:FlowTestActivity>
	<prodml:PrincipalFlowTestMeasurementSetRef>a</prodml:PrincipalFlowTestMeasurementSetRef>
	<prodml:PrincipalTestPeriodRef>a</prodml:PrincipalTestPeriodRef>
	<prodml:WellboreModel  xsi:type="prodml:ChangingStorageHegemanModel">
		<prodml:WellboreRadius Uid="2">
			<prodml:Abbreviation>Rw</prodml:Abbreviation>
			<prodml:Length uom="0.1 ft">0.1</prodml:Length>
		</prodml:WellboreRadius>
		<prodml:WellboreStorageCoefficient Uid="3">
			<prodml:Abbreviation>Cs</prodml:Abbreviation>
			<prodml:VolumePerPressure uom="bbl/psi">1</prodml:VolumePerPressure>
		</prodml:WellboreStorageCoefficient>
		<prodml:RatioInitialToFinalWellboreStorage Uid="1">
			<prodml:Abbreviation>Ci/Cs</prodml:Abbreviation>
			<prodml:Value uom="%">1</prodml:Value>
		</prodml:RatioInitialToFinalWellboreStorage>
		<prodml:DeltaTimeStorageChanges Uid="4">
			<prodml:Abbreviation>dT</prodml:Abbreviation>
			<prodml:Time uom="100 ka[t]">4</prodml:Time>
		</prodml:DeltaTimeStorageChanges>
	</prodml:WellboreModel>
	<prodml:LayerModel uid="a">
		<prodml:Name>a</prodml:Name>
		<prodml:AggregateLayersModel>true</prodml:AggregateLayersModel>
		<prodml:GeologicFeature>
			<eml:ContentType>a</eml:ContentType>
			<eml:Title>a</eml:Title>
			<eml:Uuid>00000000-0000-0000-0000-000000000000</eml:Uuid>
			<eml:UuidAuthority>a</eml:UuidAuthority>
			<eml:Uri>http://www.altova.com</eml:Uri>
			<eml:ObjectVersion>a</eml:ObjectVersion>
		</prodml:GeologicFeature>
		<prodml:MdTopLayer uom="m">3.14159265358979E0</prodml:MdTopLayer>
		<prodml:MdBottomLayer uom="m">3.14159265358979E0</prodml:MdBottomLayer>
		<prodml:LayerProductivityIndex uom="m3/(bar.min)">3.14159265358979E0</prodml:LayerProductivityIndex>
		<prodml:LayerTurbulentFlowCoefficient uom="psi/(1000ft3/day)2">3.14159265358979E0</prodml:LayerTurbulentFlowCoefficient>
		<prodml:LayerLaminarFlowCoefficient uom="psi/(1000ft3/day)">3.14159265358979E0</prodml:LayerLaminarFlowCoefficient>
		<prodml:NearWellboreModel xsi:type="CustomNearWellboreModel">
			<SkinRelativeToTotalThickness Uid="5">
				<Abbreviation>S</Abbreviation>
				<Value uom="cEuc">5</Value>
			</SkinRelativeToTotalThickness>
			<RateDependentSkinFactor Uid="6">
				<Abbreviation>D</Abbreviation>
				<InverseFlowrate uom="d/bbl">1</InverseFlowrate>
			</RateDependentSkinFactor>
			<DeltaPressureTotalSkin Uid="7">
				<Abbreviation>dP Skin</Abbreviation>
				<Pressure uom="atm">1</Pressure>
			</DeltaPressureTotalSkin>
			<RatioDpSkinToTotalDrawdown Uid="8">
				<Abbreviation>Ratio dP Skin To Total</Abbreviation>
				<Value uom="dEuc">1</Value>
			</RatioDpSkinToTotalDrawdown>
			<ModelName Uid="10">
				<Abbreviation>ModelName</Abbreviation>
				<Name>Z</Name>
			</ModelName>
		</prodml:NearWellboreModel> 
		<prodml:ReservoirModel xsi:type="HomogeneousModel">
			<HorizontalRadialPermeability Uid="11">
				<Abbreviation>K</Abbreviation>
				<Permeability uom="D">1</Permeability>
			</HorizontalRadialPermeability>
			<TotalThickness Uid="12">
				<Abbreviation>h</Abbreviation>
				<Length uom="0.1 ft">1</Length>
			</TotalThickness>
			<PermeabilityThicknessProduct Uid="13">
				<Abbreviation>k.h</Abbreviation>
				<PermeabilityLength uom="mD.ft">1</PermeabilityLength>
			</PermeabilityThicknessProduct>
			<Porosity Uid="14">
				<Abbreviation>Phi</Abbreviation>
				<VolumePerVolume uom="0.001 bbl/ft3">1</VolumePerVolume>
			</Porosity>
			<InitialPressure Uid="15">
				<Abbreviation>Pi</Abbreviation>
				<Pressure uom="cmH2O[4degC]">1</Pressure>
			</InitialPressure>
		</prodml:ReservoirModel>
		<prodml:LayerToLayerConnection>
			<prodml:ConnectedLayerRefID>a</prodml:ConnectedLayerRefID>
			<prodml:InterLayerConnectivity Uid="a">
				<prodml:SourceResultRefID>a</prodml:SourceResultRefID>
				<prodml:Remark>a</prodml:Remark>
				<prodml:Abbreviation>Lambda</prodml:Abbreviation>
				<prodml:Value uom="mEuc">3.14159265358979E0</prodml:Value>
			</prodml:InterLayerConnectivity>
		</prodml:LayerToLayerConnection>
		<prodml:LayerToLayerConnection>
			<prodml:ConnectedLayerRefID>a</prodml:ConnectedLayerRefID>
			<prodml:InterLayerConnectivity Uid="a">
				<prodml:SourceResultRefID>a</prodml:SourceResultRefID>
				<prodml:Remark>a</prodml:Remark>
				<prodml:Abbreviation>Lambda</prodml:Abbreviation>
				<prodml:Value uom="kEuc">3.14159265358979E0</prodml:Value>
			</prodml:InterLayerConnectivity>
		</prodml:LayerToLayerConnection>
		<prodml:LayerToLayerConnection>
			<prodml:ConnectedLayerRefID>a</prodml:ConnectedLayerRefID>
			<prodml:InterLayerConnectivity Uid="a">
				<prodml:SourceResultRefID>a</prodml:SourceResultRefID>
				<prodml:Remark>a</prodml:Remark>
				<prodml:Abbreviation>Lambda</prodml:Abbreviation>
				<prodml:Value uom="fEuc">3.14159265358979E0</prodml:Value>
			</prodml:InterLayerConnectivity>
		</prodml:LayerToLayerConnection>
	</prodml:LayerModel>
	<prodml:FluidPhaseAnalysisKind>multiphase oil+water</prodml:FluidPhaseAnalysisKind>
	<prodml:PressureNonLinearTransformKind>normalised multi-phase pseudo-pressure</prodml:PressureNonLinearTransformKind>
	<prodml:PseudoPressureEffectApplied>variable desorption with pressure</prodml:PseudoPressureEffectApplied>
	<prodml:TimeNonLinearTransformKind>pseudo-time transform</prodml:TimeNonLinearTransformKind>
	<prodml:Remark>a</prodml:Remark>
	<prodml:Analysis xsi:type="PtaAnalysis">
		<prodml:InitialPressureP0ForImpulseTest uom="psig">3.14159265358979E0</prodml:InitialPressureP0ForImpulseTest>
		<prodml:InputPressure xsi:type="prodml:DeconvolvedPressureData" uid="a">
			<prodml:ChannelSet>
				<eml:ContentType>a</eml:ContentType>
				<eml:Title>a</eml:Title>
				<eml:Uuid>00000000-0000-0000-0000-000000000000</eml:Uuid>
				<eml:UuidAuthority>a</eml:UuidAuthority>
				<eml:Uri>http://www.altova.com</eml:Uri>
				<eml:ObjectVersion>a</eml:ObjectVersion>
			</prodml:ChannelSet>
			<prodml:TimeChannel>
				<eml:ContentType>a</eml:ContentType>
				<eml:Title>a</eml:Title>
				<eml:Uuid>00000000-0000-0000-0000-000000000000</eml:Uuid>
				<eml:UuidAuthority>a</eml:UuidAuthority>
				<eml:Uri>http://www.altova.com</eml:Uri>
				<eml:ObjectVersion>a</eml:ObjectVersion>
			</prodml:TimeChannel>
			<prodml:TimeSeriesPointRepresentation>stepwise value at end of period</prodml:TimeSeriesPointRepresentation>
			<prodml:Remark>a</prodml:Remark>
			<prodml:PressureChannel>
				<eml:ContentType>a</eml:ContentType>
				<eml:Title>a</eml:Title>
				<eml:Uuid>00000000-0000-0000-0000-000000000000</eml:Uuid>
				<eml:UuidAuthority>a</eml:UuidAuthority>
				<eml:Uri>http://www.altova.com</eml:Uri>
				<eml:ObjectVersion>a</eml:ObjectVersion>
			</prodml:PressureChannel>
			<prodml:PressureDerivativeChannel>
				<eml:ContentType>a</eml:ContentType>
				<eml:Title>a</eml:Title>
				<eml:Uuid>00000000-0000-0000-0000-000000000000</eml:Uuid>
				<eml:UuidAuthority>a</eml:UuidAuthority>
				<eml:Uri>http://www.altova.com</eml:Uri>
				<eml:ObjectVersion>a</eml:ObjectVersion>
			</prodml:PressureDerivativeChannel>
			<prodml:PressureReferenceDepth uom="yd[Se]">3.14159265358979E0</prodml:PressureReferenceDepth>
			<prodml:Datum>mean sea level</prodml:Datum>
			<prodml:Deconvolution>
				<eml:ContentType>a</eml:ContentType>
				<eml:Title>a</eml:Title>
				<eml:Uuid>00000000-0000-0000-0000-000000000000</eml:Uuid>
				<eml:UuidAuthority>a</eml:UuidAuthority>
				<eml:Uri>http://www.altova.com</eml:Uri>
				<eml:ObjectVersion>a</eml:ObjectVersion>
			</prodml:Deconvolution>
		</prodml:InputPressure>
		<prodml:SimulatedPressure uid="a">
			<prodml:ChannelSet>
				<eml:ContentType>a</eml:ContentType>
				<eml:Title>a</eml:Title>
				<eml:Uuid>00000000-0000-0000-0000-000000000000</eml:Uuid>
				<eml:UuidAuthority>a</eml:UuidAuthority>
				<eml:Uri>http://www.altova.com</eml:Uri>
				<eml:ObjectVersion>a</eml:ObjectVersion>
			</prodml:ChannelSet>
			<prodml:TimeChannel>
				<eml:ContentType>a</eml:ContentType>
				<eml:Title>a</eml:Title>
				<eml:Uuid>00000000-0000-0000-0000-000000000000</eml:Uuid>
				<eml:UuidAuthority>a</eml:UuidAuthority>
				<eml:Uri>http://www.altova.com</eml:Uri>
				<eml:ObjectVersion>a</eml:ObjectVersion>
			</prodml:TimeChannel>
			<prodml:TimeSeriesPointRepresentation>stepwise value at end of period</prodml:TimeSeriesPointRepresentation>
			<prodml:Remark>a</prodml:Remark>
			<prodml:PressureChannel>
				<eml:ContentType>a</eml:ContentType>
				<eml:Title>a</eml:Title>
				<eml:Uuid>00000000-0000-0000-0000-000000000000</eml:Uuid>
				<eml:UuidAuthority>a</eml:UuidAuthority>
				<eml:Uri>http://www.altova.com</eml:Uri>
				<eml:ObjectVersion>a</eml:ObjectVersion>
			</prodml:PressureChannel>
			<prodml:PressureDerivativeChannel>
				<eml:ContentType>a</eml:ContentType>
				<eml:Title>a</eml:Title>
				<eml:Uuid>00000000-0000-0000-0000-000000000000</eml:Uuid>
				<eml:UuidAuthority>a</eml:UuidAuthority>
				<eml:Uri>http://www.altova.com</eml:Uri>
				<eml:ObjectVersion>a</eml:ObjectVersion>
			</prodml:PressureDerivativeChannel>
			<prodml:PressureReferenceDepth uom="yd[Ind75]">3.14159265358979E0</prodml:PressureReferenceDepth>
			<prodml:Datum>mean tide level</prodml:Datum>
		</prodml:SimulatedPressure>
		<prodml:SimulatedPressureGaugeNoise uom="psig">3.14159265358979E0</prodml:SimulatedPressureGaugeNoise>
		<prodml:SimulatedPressureGaugeResolution uom="psig">3.14159265358979E0</prodml:SimulatedPressureGaugeResolution>
		<prodml:SimulatedPressureGaugeDrift uom="Pa/s">3.14159265358979E0</prodml:SimulatedPressureGaugeDrift>
		<prodml:SimulatedLogLogData>
			<prodml:AnalysisPressure xsi:type="prodml:DeconvolvedPressureData" uid="a">
				<prodml:ChannelSet>
					<eml:ContentType>a</eml:ContentType>
					<eml:Title>a</eml:Title>
					<eml:Uuid>00000000-0000-0000-0000-000000000000</eml:Uuid>
					<eml:UuidAuthority>a</eml:UuidAuthority>
					<eml:Uri>http://www.altova.com</eml:Uri>
					<eml:ObjectVersion>a</eml:ObjectVersion>
				</prodml:ChannelSet>
				<prodml:TimeChannel>
					<eml:ContentType>a</eml:ContentType>
					<eml:Title>a</eml:Title>
					<eml:Uuid>00000000-0000-0000-0000-000000000000</eml:Uuid>
					<eml:UuidAuthority>a</eml:UuidAuthority>
					<eml:Uri>http://www.altova.com</eml:Uri>
					<eml:ObjectVersion>a</eml:ObjectVersion>
				</prodml:TimeChannel>
				<prodml:TimeSeriesPointRepresentation>point by point</prodml:TimeSeriesPointRepresentation>
				<prodml:Remark>a</prodml:Remark>
				<prodml:PressureChannel>
					<eml:ContentType>a</eml:ContentType>
					<eml:Title>a</eml:Title>
					<eml:Uuid>00000000-0000-0000-0000-000000000000</eml:Uuid>
					<eml:UuidAuthority>a</eml:UuidAuthority>
					<eml:Uri>http://www.altova.com</eml:Uri>
					<eml:ObjectVersion>a</eml:ObjectVersion>
				</prodml:PressureChannel>
				<prodml:PressureDerivativeChannel>
					<eml:ContentType>a</eml:ContentType>
					<eml:Title>a</eml:Title>
					<eml:Uuid>00000000-0000-0000-0000-000000000000</eml:Uuid>
					<eml:UuidAuthority>a</eml:UuidAuthority>
					<eml:Uri>http://www.altova.com</eml:Uri>
					<eml:ObjectVersion>a</eml:ObjectVersion>
				</prodml:PressureDerivativeChannel>
				<prodml:PressureReferenceDepth uom="ft[Ind37]">3.14159265358979E0</prodml:PressureReferenceDepth>
				<prodml:Datum>sea floor</prodml:Datum>
				<prodml:Deconvolution>
					<eml:ContentType>a</eml:ContentType>
					<eml:Title>a</eml:Title>
					<eml:Uuid>00000000-0000-0000-0000-000000000000</eml:Uuid>
					<eml:UuidAuthority>a</eml:UuidAuthority>
					<eml:Uri>http://www.altova.com</eml:Uri>
					<eml:ObjectVersion>a</eml:ObjectVersion>
				</prodml:Deconvolution>
			</prodml:AnalysisPressure>
			<prodml:LogLogTimeDataTransform>equivalent time cumulative/flowrate</prodml:LogLogTimeDataTransform>
			<prodml:LogLogPressureTransform>delta pressure function/rate</prodml:LogLogPressureTransform>
			<prodml:DerivativeSmoothingFactorL uom="pEuc">3.14159265358979E0</prodml:DerivativeSmoothingFactorL>
			<prodml:Remark>a</prodml:Remark>
			<prodml:AnalysisLine>
				<prodml:LineName>a</prodml:LineName>
				<prodml:Slope>3.14159265358979E0</prodml:Slope>
				<prodml:Intercept>3.14159265358979E0</prodml:Intercept>
				<prodml:Remark>a</prodml:Remark>
			</prodml:AnalysisLine>
			<prodml:AnalysisLine>
				<prodml:LineName>a</prodml:LineName>
				<prodml:Slope>3.14159265358979E0</prodml:Slope>
				<prodml:Intercept>3.14159265358979E0</prodml:Intercept>
				<prodml:Remark>a</prodml:Remark>
			</prodml:AnalysisLine>
			<prodml:AnalysisLine>
				<prodml:LineName>a</prodml:LineName>
				<prodml:Slope>3.14159265358979E0</prodml:Slope>
				<prodml:Intercept>3.14159265358979E0</prodml:Intercept>
				<prodml:Remark>a</prodml:Remark>
			</prodml:AnalysisLine>
			<prodml:AnalysisPressure xsi:type="prodml:DeconvolvedPressureData" uid="a">
				<prodml:ChannelSet>
					<eml:ContentType>a</eml:ContentType>
					<eml:Title>a</eml:Title>
					<eml:Uuid>00000000-0000-0000-0000-000000000000</eml:Uuid>
					<eml:UuidAuthority>a</eml:UuidAuthority>
					<eml:Uri>http://www.altova.com</eml:Uri>
					<eml:ObjectVersion>a</eml:ObjectVersion>
				</prodml:ChannelSet>
				<prodml:TimeChannel>
					<eml:ContentType>a</eml:ContentType>
					<eml:Title>a</eml:Title>
					<eml:Uuid>00000000-0000-0000-0000-000000000000</eml:Uuid>
					<eml:UuidAuthority>a</eml:UuidAuthority>
					<eml:Uri>http://www.altova.com</eml:Uri>
					<eml:ObjectVersion>a</eml:ObjectVersion>
				</prodml:TimeChannel>
				<prodml:TimeSeriesPointRepresentation>point by point</prodml:TimeSeriesPointRepresentation>
				<prodml:Remark>a</prodml:Remark>
				<prodml:PressureChannel>
					<eml:ContentType>a</eml:ContentType>
					<eml:Title>a</eml:Title>
					<eml:Uuid>00000000-0000-0000-0000-000000000000</eml:Uuid>
					<eml:UuidAuthority>a</eml:UuidAuthority>
					<eml:Uri>http://www.altova.com</eml:Uri>
					<eml:ObjectVersion>a</eml:ObjectVersion>
				</prodml:PressureChannel>
				<prodml:PressureDerivativeChannel>
					<eml:ContentType>a</eml:ContentType>
					<eml:Title>a</eml:Title>
					<eml:Uuid>00000000-0000-0000-0000-000000000000</eml:Uuid>
					<eml:UuidAuthority>a</eml:UuidAuthority>
					<eml:Uri>http://www.altova.com</eml:Uri>
					<eml:ObjectVersion>a</eml:ObjectVersion>
				</prodml:PressureDerivativeChannel>
				<prodml:PressureReferenceDepth uom="pm">3.14159265358979E0</prodml:PressureReferenceDepth>
				<prodml:Datum>kickoff point</prodml:Datum>
				<prodml:Deconvolution>
					<eml:ContentType>a</eml:ContentType>
					<eml:Title>a</eml:Title>
					<eml:Uuid>00000000-0000-0000-0000-000000000000</eml:Uuid>
					<eml:UuidAuthority>a</eml:UuidAuthority>
					<eml:Uri>http://www.altova.com</eml:Uri>
					<eml:ObjectVersion>a</eml:ObjectVersion>
				</prodml:Deconvolution>
			</prodml:AnalysisPressure>
			<prodml:LogLogTimeDataTransform>superposition time</prodml:LogLogTimeDataTransform>
			<prodml:LogLogPressureTransform>integral rate normal delta p funct/time</prodml:LogLogPressureTransform>
			<prodml:DerivativeSmoothingFactorL uom="GEuc">3.14159265358979E0</prodml:DerivativeSmoothingFactorL>
			<prodml:Remark>a</prodml:Remark>
			<prodml:AnalysisLine>
				<prodml:LineName>a</prodml:LineName>
				<prodml:Slope>3.14159265358979E0</prodml:Slope>
				<prodml:Intercept>3.14159265358979E0</prodml:Intercept>
				<prodml:Remark>a</prodml:Remark>
			</prodml:AnalysisLine>
			<prodml:AnalysisLine>
				<prodml:LineName>a</prodml:LineName>
				<prodml:Slope>3.14159265358979E0</prodml:Slope>
				<prodml:Intercept>3.14159265358979E0</prodml:Intercept>
				<prodml:Remark>a</prodml:Remark>
			</prodml:AnalysisLine>
			<prodml:AnalysisLine>
				<prodml:LineName>a</prodml:LineName>
				<prodml:Slope>3.14159265358979E0</prodml:Slope>
				<prodml:Intercept>3.14159265358979E0</prodml:Intercept>
				<prodml:Remark>a</prodml:Remark>
			</prodml:AnalysisLine>
			<prodml:AnalysisPressure xsi:type="prodml:DeconvolvedPressureData" uid="a">
				<prodml:ChannelSet>
					<eml:ContentType>a</eml:ContentType>
					<eml:Title>a</eml:Title>
					<eml:Uuid>00000000-0000-0000-0000-000000000000</eml:Uuid>
					<eml:UuidAuthority>a</eml:UuidAuthority>
					<eml:Uri>http://www.altova.com</eml:Uri>
					<eml:ObjectVersion>a</eml:ObjectVersion>
				</prodml:ChannelSet>
				<prodml:TimeChannel>
					<eml:ContentType>a</eml:ContentType>
					<eml:Title>a</eml:Title>
					<eml:Uuid>00000000-0000-0000-0000-000000000000</eml:Uuid>
					<eml:UuidAuthority>a</eml:UuidAuthority>
					<eml:Uri>http://www.altova.com</eml:Uri>
					<eml:ObjectVersion>a</eml:ObjectVersion>
				</prodml:TimeChannel>
				<prodml:TimeSeriesPointRepresentation>point by point</prodml:TimeSeriesPointRepresentation>
				<prodml:Remark>a</prodml:Remark>
				<prodml:PressureChannel>
					<eml:ContentType>a</eml:ContentType>
					<eml:Title>a</eml:Title>
					<eml:Uuid>00000000-0000-0000-0000-000000000000</eml:Uuid>
					<eml:UuidAuthority>a</eml:UuidAuthority>
					<eml:Uri>http://www.altova.com</eml:Uri>
					<eml:ObjectVersion>a</eml:ObjectVersion>
				</prodml:PressureChannel>
				<prodml:PressureDerivativeChannel>
					<eml:ContentType>a</eml:ContentType>
					<eml:Title>a</eml:Title>
					<eml:Uuid>00000000-0000-0000-0000-000000000000</eml:Uuid>
					<eml:UuidAuthority>a</eml:UuidAuthority>
					<eml:Uri>http://www.altova.com</eml:Uri>
					<eml:ObjectVersion>a</eml:ObjectVersion>
				</prodml:PressureDerivativeChannel>
				<prodml:PressureReferenceDepth uom="Mm">3.14159265358979E0</prodml:PressureReferenceDepth>
				<prodml:Datum>crown valve</prodml:Datum>
				<prodml:Deconvolution>
					<eml:ContentType>a</eml:ContentType>
					<eml:Title>a</eml:Title>
					<eml:Uuid>00000000-0000-0000-0000-000000000000</eml:Uuid>
					<eml:UuidAuthority>a</eml:UuidAuthority>
					<eml:Uri>http://www.altova.com</eml:Uri>
					<eml:ObjectVersion>a</eml:ObjectVersion>
				</prodml:Deconvolution>
			</prodml:AnalysisPressure>
			<prodml:LogLogTimeDataTransform>delta time</prodml:LogLogTimeDataTransform>
			<prodml:LogLogPressureTransform>other</prodml:LogLogPressureTransform>
			<prodml:DerivativeSmoothingFactorL uom="nEuc">3.14159265358979E0</prodml:DerivativeSmoothingFactorL>
			<prodml:Remark>a</prodml:Remark>
			<prodml:AnalysisLine>
				<prodml:LineName>a</prodml:LineName>
				<prodml:Slope>3.14159265358979E0</prodml:Slope>
				<prodml:Intercept>3.14159265358979E0</prodml:Intercept>
				<prodml:Remark>a</prodml:Remark>
			</prodml:AnalysisLine>
			<prodml:AnalysisLine>
				<prodml:LineName>a</prodml:LineName>
				<prodml:Slope>3.14159265358979E0</prodml:Slope>
				<prodml:Intercept>3.14159265358979E0</prodml:Intercept>
				<prodml:Remark>a</prodml:Remark>
			</prodml:AnalysisLine>
			<prodml:AnalysisLine>
				<prodml:LineName>a</prodml:LineName>
				<prodml:Slope>3.14159265358979E0</prodml:Slope>
				<prodml:Intercept>3.14159265358979E0</prodml:Intercept>
				<prodml:Remark>a</prodml:Remark>
			</prodml:AnalysisLine>
		</prodml:SimulatedLogLogData>
		<prodml:MeasuredLogLogData>
			<prodml:AnalysisPressure xsi:type="prodml:DeconvolvedPressureData" uid="a">
				<prodml:ChannelSet>
					<eml:ContentType>a</eml:ContentType>
					<eml:Title>a</eml:Title>
					<eml:Uuid>00000000-0000-0000-0000-000000000000</eml:Uuid>
					<eml:UuidAuthority>a</eml:UuidAuthority>
					<eml:Uri>http://www.altova.com</eml:Uri>
					<eml:ObjectVersion>a</eml:ObjectVersion>
				</prodml:ChannelSet>
				<prodml:TimeChannel>
					<eml:ContentType>a</eml:ContentType>
					<eml:Title>a</eml:Title>
					<eml:Uuid>00000000-0000-0000-0000-000000000000</eml:Uuid>
					<eml:UuidAuthority>a</eml:UuidAuthority>
					<eml:Uri>http://www.altova.com</eml:Uri>
					<eml:ObjectVersion>a</eml:ObjectVersion>
				</prodml:TimeChannel>
				<prodml:TimeSeriesPointRepresentation>stepwise value at end of period</prodml:TimeSeriesPointRepresentation>
				<prodml:Remark>a</prodml:Remark>
				<prodml:PressureChannel>
					<eml:ContentType>a</eml:ContentType>
					<eml:Title>a</eml:Title>
					<eml:Uuid>00000000-0000-0000-0000-000000000000</eml:Uuid>
					<eml:UuidAuthority>a</eml:UuidAuthority>
					<eml:Uri>http://www.altova.com</eml:Uri>
					<eml:ObjectVersion>a</eml:ObjectVersion>
				</prodml:PressureChannel>
				<prodml:PressureDerivativeChannel>
					<eml:ContentType>a</eml:ContentType>
					<eml:Title>a</eml:Title>
					<eml:Uuid>00000000-0000-0000-0000-000000000000</eml:Uuid>
					<eml:UuidAuthority>a</eml:UuidAuthority>
					<eml:Uri>http://www.altova.com</eml:Uri>
					<eml:ObjectVersion>a</eml:ObjectVersion>
				</prodml:PressureDerivativeChannel>
				<prodml:PressureReferenceDepth uom="100 ft">3.14159265358979E0</prodml:PressureReferenceDepth>
				<prodml:Datum>crown valve</prodml:Datum>
				<prodml:Deconvolution>
					<eml:ContentType>a</eml:ContentType>
					<eml:Title>a</eml:Title>
					<eml:Uuid>00000000-0000-0000-0000-000000000000</eml:Uuid>
					<eml:UuidAuthority>a</eml:UuidAuthority>
					<eml:Uri>http://www.altova.com</eml:Uri>
					<eml:ObjectVersion>a</eml:ObjectVersion>
				</prodml:Deconvolution>
			</prodml:AnalysisPressure>
			<prodml:LogLogTimeDataTransform>agarwal time</prodml:LogLogTimeDataTransform>
			<prodml:LogLogPressureTransform>delta pressure function/rate</prodml:LogLogPressureTransform>
			<prodml:DerivativeSmoothingFactorL uom="ppk">3.14159265358979E0</prodml:DerivativeSmoothingFactorL>
			<prodml:Remark>a</prodml:Remark>
			<prodml:AnalysisLine>
				<prodml:LineName>a</prodml:LineName>
				<prodml:Slope>3.14159265358979E0</prodml:Slope>
				<prodml:Intercept>3.14159265358979E0</prodml:Intercept>
				<prodml:Remark>a</prodml:Remark>
			</prodml:AnalysisLine>
			<prodml:AnalysisLine>
				<prodml:LineName>a</prodml:LineName>
				<prodml:Slope>3.14159265358979E0</prodml:Slope>
				<prodml:Intercept>3.14159265358979E0</prodml:Intercept>
				<prodml:Remark>a</prodml:Remark>
			</prodml:AnalysisLine>
			<prodml:AnalysisLine>
				<prodml:LineName>a</prodml:LineName>
				<prodml:Slope>3.14159265358979E0</prodml:Slope>
				<prodml:Intercept>3.14159265358979E0</prodml:Intercept>
				<prodml:Remark>a</prodml:Remark>
			</prodml:AnalysisLine>
			<prodml:AnalysisPressure xsi:type="prodml:DeconvolvedPressureData" uid="a">
				<prodml:ChannelSet>
					<eml:ContentType>a</eml:ContentType>
					<eml:Title>a</eml:Title>
					<eml:Uuid>00000000-0000-0000-0000-000000000000</eml:Uuid>
					<eml:UuidAuthority>a</eml:UuidAuthority>
					<eml:Uri>http://www.altova.com</eml:Uri>
					<eml:ObjectVersion>a</eml:ObjectVersion>
				</prodml:ChannelSet>
				<prodml:TimeChannel>
					<eml:ContentType>a</eml:ContentType>
					<eml:Title>a</eml:Title>
					<eml:Uuid>00000000-0000-0000-0000-000000000000</eml:Uuid>
					<eml:UuidAuthority>a</eml:UuidAuthority>
					<eml:Uri>http://www.altova.com</eml:Uri>
					<eml:ObjectVersion>a</eml:ObjectVersion>
				</prodml:TimeChannel>
				<prodml:TimeSeriesPointRepresentation>point by point</prodml:TimeSeriesPointRepresentation>
				<prodml:Remark>a</prodml:Remark>
				<prodml:PressureChannel>
					<eml:ContentType>a</eml:ContentType>
					<eml:Title>a</eml:Title>
					<eml:Uuid>00000000-0000-0000-0000-000000000000</eml:Uuid>
					<eml:UuidAuthority>a</eml:UuidAuthority>
					<eml:Uri>http://www.altova.com</eml:Uri>
					<eml:ObjectVersion>a</eml:ObjectVersion>
				</prodml:PressureChannel>
				<prodml:PressureDerivativeChannel>
					<eml:ContentType>a</eml:ContentType>
					<eml:Title>a</eml:Title>
					<eml:Uuid>00000000-0000-0000-0000-000000000000</eml:Uuid>
					<eml:UuidAuthority>a</eml:UuidAuthority>
					<eml:Uri>http://www.altova.com</eml:Uri>
					<eml:ObjectVersion>a</eml:ObjectVersion>
				</prodml:PressureDerivativeChannel>
				<prodml:PressureReferenceDepth uom="Gm">3.14159265358979E0</prodml:PressureReferenceDepth>
				<prodml:Datum>mean sea level</prodml:Datum>
				<prodml:Deconvolution>
					<eml:ContentType>a</eml:ContentType>
					<eml:Title>a</eml:Title>
					<eml:Uuid>00000000-0000-0000-0000-000000000000</eml:Uuid>
					<eml:UuidAuthority>a</eml:UuidAuthority>
					<eml:Uri>http://www.altova.com</eml:Uri>
					<eml:ObjectVersion>a</eml:ObjectVersion>
				</prodml:Deconvolution>
			</prodml:AnalysisPressure>
			<prodml:LogLogTimeDataTransform>agarwal time</prodml:LogLogTimeDataTransform>
			<prodml:LogLogPressureTransform>delta pressure function</prodml:LogLogPressureTransform>
			<prodml:DerivativeSmoothingFactorL uom="GEuc">3.14159265358979E0</prodml:DerivativeSmoothingFactorL>
			<prodml:Remark>a</prodml:Remark>
			<prodml:AnalysisLine>
				<prodml:LineName>a</prodml:LineName>
				<prodml:Slope>3.14159265358979E0</prodml:Slope>
				<prodml:Intercept>3.14159265358979E0</prodml:Intercept>
				<prodml:Remark>a</prodml:Remark>
			</prodml:AnalysisLine>
			<prodml:AnalysisLine>
				<prodml:LineName>a</prodml:LineName>
				<prodml:Slope>3.14159265358979E0</prodml:Slope>
				<prodml:Intercept>3.14159265358979E0</prodml:Intercept>
				<prodml:Remark>a</prodml:Remark>
			</prodml:AnalysisLine>
			<prodml:AnalysisLine>
				<prodml:LineName>a</prodml:LineName>
				<prodml:Slope>3.14159265358979E0</prodml:Slope>
				<prodml:Intercept>3.14159265358979E0</prodml:Intercept>
				<prodml:Remark>a</prodml:Remark>
			</prodml:AnalysisLine>
			<prodml:AnalysisPressure xsi:type="prodml:DeconvolvedPressureData" uid="a">
				<prodml:ChannelSet>
					<eml:ContentType>a</eml:ContentType>
					<eml:Title>a</eml:Title>
					<eml:Uuid>00000000-0000-0000-0000-000000000000</eml:Uuid>
					<eml:UuidAuthority>a</eml:UuidAuthority>
					<eml:Uri>http://www.altova.com</eml:Uri>
					<eml:ObjectVersion>a</eml:ObjectVersion>
				</prodml:ChannelSet>
				<prodml:TimeChannel>
					<eml:ContentType>a</eml:ContentType>
					<eml:Title>a</eml:Title>
					<eml:Uuid>00000000-0000-0000-0000-000000000000</eml:Uuid>
					<eml:UuidAuthority>a</eml:UuidAuthority>
					<eml:Uri>http://www.altova.com</eml:Uri>
					<eml:ObjectVersion>a</eml:ObjectVersion>
				</prodml:TimeChannel>
				<prodml:TimeSeriesPointRepresentation>point by point</prodml:TimeSeriesPointRepresentation>
				<prodml:Remark>a</prodml:Remark>
				<prodml:PressureChannel>
					<eml:ContentType>a</eml:ContentType>
					<eml:Title>a</eml:Title>
					<eml:Uuid>00000000-0000-0000-0000-000000000000</eml:Uuid>
					<eml:UuidAuthority>a</eml:UuidAuthority>
					<eml:Uri>http://www.altova.com</eml:Uri>
					<eml:ObjectVersion>a</eml:ObjectVersion>
				</prodml:PressureChannel>
				<prodml:PressureDerivativeChannel>
					<eml:ContentType>a</eml:ContentType>
					<eml:Title>a</eml:Title>
					<eml:Uuid>00000000-0000-0000-0000-000000000000</eml:Uuid>
					<eml:UuidAuthority>a</eml:UuidAuthority>
					<eml:Uri>http://www.altova.com</eml:Uri>
					<eml:ObjectVersion>a</eml:ObjectVersion>
				</prodml:PressureDerivativeChannel>
				<prodml:PressureReferenceDepth uom="1/64 in">3.14159265358979E0</prodml:PressureReferenceDepth>
				<prodml:Datum>casing flange</prodml:Datum>
				<prodml:Deconvolution>
					<eml:ContentType>a</eml:ContentType>
					<eml:Title>a</eml:Title>
					<eml:Uuid>00000000-0000-0000-0000-000000000000</eml:Uuid>
					<eml:UuidAuthority>a</eml:UuidAuthority>
					<eml:Uri>http://www.altova.com</eml:Uri>
					<eml:ObjectVersion>a</eml:ObjectVersion>
				</prodml:Deconvolution>
			</prodml:AnalysisPressure>
			<prodml:LogLogTimeDataTransform>delta time</prodml:LogLogTimeDataTransform>
			<prodml:LogLogPressureTransform>rate normalized delta p function/rate</prodml:LogLogPressureTransform>
			<prodml:DerivativeSmoothingFactorL uom="MEuc">3.14159265358979E0</prodml:DerivativeSmoothingFactorL>
			<prodml:Remark>a</prodml:Remark>
			<prodml:AnalysisLine>
				<prodml:LineName>a</prodml:LineName>
				<prodml:Slope>3.14159265358979E0</prodml:Slope>
				<prodml:Intercept>3.14159265358979E0</prodml:Intercept>
				<prodml:Remark>a</prodml:Remark>
			</prodml:AnalysisLine>
			<prodml:AnalysisLine>
				<prodml:LineName>a</prodml:LineName>
				<prodml:Slope>3.14159265358979E0</prodml:Slope>
				<prodml:Intercept>3.14159265358979E0</prodml:Intercept>
				<prodml:Remark>a</prodml:Remark>
			</prodml:AnalysisLine>
			<prodml:AnalysisLine>
				<prodml:LineName>a</prodml:LineName>
				<prodml:Slope>3.14159265358979E0</prodml:Slope>
				<prodml:Intercept>3.14159265358979E0</prodml:Intercept>
				<prodml:Remark>a</prodml:Remark>
			</prodml:AnalysisLine>
		</prodml:MeasuredLogLogData>
		<prodml:SpecializedAnalysis>
			<prodml:SpecializedAnalysisType>a</prodml:SpecializedAnalysisType>
			<prodml:AnyParameter Uid="111" xsi:type="WellboreVolume">
				<Abbreviation>Vw</Abbreviation>
				<Volume uom="m3">1</Volume>
			</prodml:AnyParameter>
			<prodml:CustomParameter Uid="a">
				<prodml:SourceResultRefID>a</prodml:SourceResultRefID>
				<prodml:Remark>a</prodml:Remark>
				<prodml:Name>a</prodml:Name>
				<prodml:Abbreviation>a</prodml:Abbreviation>
				<prodml:MeasureValue uom="a"/>
			</prodml:CustomParameter>
			<prodml:CustomParameter Uid="a">
				<prodml:SourceResultRefID>a</prodml:SourceResultRefID>
				<prodml:Remark>a</prodml:Remark>
				<prodml:Name>a</prodml:Name>
				<prodml:Abbreviation>a</prodml:Abbreviation>
				<prodml:MeasureValue uom="a"/>
			</prodml:CustomParameter>
			<prodml:CustomParameter Uid="a">
				<prodml:SourceResultRefID>a</prodml:SourceResultRefID>
				<prodml:Remark>a</prodml:Remark>
				<prodml:Name>a</prodml:Name>
				<prodml:Abbreviation>a</prodml:Abbreviation>
				<prodml:MeasureValue uom="a"/>
			</prodml:CustomParameter>
			<prodml:SpecializedXAxisDescription>a</prodml:SpecializedXAxisDescription>
			<prodml:SpecializedYAxisDescription>a</prodml:SpecializedYAxisDescription>
			<prodml:AnalysisPressureFunction xsi:type="prodml:DeconvolvedPressureData" uid="a">
				<prodml:ChannelSet>
					<eml:ContentType>a</eml:ContentType>
					<eml:Title>a</eml:Title>
					<eml:Uuid>00000000-0000-0000-0000-000000000000</eml:Uuid>
					<eml:UuidAuthority>a</eml:UuidAuthority>
					<eml:Uri>http://www.altova.com</eml:Uri>
					<eml:ObjectVersion>a</eml:ObjectVersion>
				</prodml:ChannelSet>
				<prodml:TimeChannel>
					<eml:ContentType>a</eml:ContentType>
					<eml:Title>a</eml:Title>
					<eml:Uuid>00000000-0000-0000-0000-000000000000</eml:Uuid>
					<eml:UuidAuthority>a</eml:UuidAuthority>
					<eml:Uri>http://www.altova.com</eml:Uri>
					<eml:ObjectVersion>a</eml:ObjectVersion>
				</prodml:TimeChannel>
				<prodml:TimeSeriesPointRepresentation>point by point</prodml:TimeSeriesPointRepresentation>
				<prodml:Remark>a</prodml:Remark>
				<prodml:PressureChannel>
					<eml:ContentType>a</eml:ContentType>
					<eml:Title>a</eml:Title>
					<eml:Uuid>00000000-0000-0000-0000-000000000000</eml:Uuid>
					<eml:UuidAuthority>a</eml:UuidAuthority>
					<eml:Uri>http://www.altova.com</eml:Uri>
					<eml:ObjectVersion>a</eml:ObjectVersion>
				</prodml:PressureChannel>
				<prodml:PressureDerivativeChannel>
					<eml:ContentType>a</eml:ContentType>
					<eml:Title>a</eml:Title>
					<eml:Uuid>00000000-0000-0000-0000-000000000000</eml:Uuid>
					<eml:UuidAuthority>a</eml:UuidAuthority>
					<eml:Uri>http://www.altova.com</eml:Uri>
					<eml:ObjectVersion>a</eml:ObjectVersion>
				</prodml:PressureDerivativeChannel>
				<prodml:PressureReferenceDepth uom="mi[US]">3.14159265358979E0</prodml:PressureReferenceDepth>
				<prodml:Datum>mean sea level</prodml:Datum>
				<prodml:Deconvolution>
					<eml:ContentType>a</eml:ContentType>
					<eml:Title>a</eml:Title>
					<eml:Uuid>00000000-0000-0000-0000-000000000000</eml:Uuid>
					<eml:UuidAuthority>a</eml:UuidAuthority>
					<eml:Uri>http://www.altova.com</eml:Uri>
					<eml:ObjectVersion>a</eml:ObjectVersion>
				</prodml:Deconvolution>
			</prodml:AnalysisPressureFunction>
			<prodml:Remark>a</prodml:Remark>
			<prodml:AnalysisLine>
				<prodml:LineName>a</prodml:LineName>
				<prodml:Slope>3.14159265358979E0</prodml:Slope>
				<prodml:Intercept>3.14159265358979E0</prodml:Intercept>
				<prodml:Remark>a</prodml:Remark>
			</prodml:AnalysisLine>
			<prodml:AnalysisLine>
				<prodml:LineName>a</prodml:LineName>
				<prodml:Slope>3.14159265358979E0</prodml:Slope>
				<prodml:Intercept>3.14159265358979E0</prodml:Intercept>
				<prodml:Remark>a</prodml:Remark>
			</prodml:AnalysisLine>
			<prodml:AnalysisLine>
				<prodml:LineName>a</prodml:LineName>
				<prodml:Slope>3.14159265358979E0</prodml:Slope>
				<prodml:Intercept>3.14159265358979E0</prodml:Intercept>
				<prodml:Remark>a</prodml:Remark>
			</prodml:AnalysisLine>
		</prodml:SpecializedAnalysis>
		<prodml:SpecializedAnalysis>
			<prodml:SpecializedAnalysisType>a</prodml:SpecializedAnalysisType>
			<prodml:AnyParameter Uid="112" xsi:type="AveragePressure">
				<Abbreviation>Pbar</Abbreviation>
				<Pressure uom="dyne/cm2">1</Pressure>
			</prodml:AnyParameter>
			<prodml:CustomParameter Uid="a">
				<prodml:SourceResultRefID>a</prodml:SourceResultRefID>
				<prodml:Remark>a</prodml:Remark>
				<prodml:Name>a</prodml:Name>
				<prodml:Abbreviation>a</prodml:Abbreviation>
				<prodml:MeasureValue uom="a"/>
			</prodml:CustomParameter>
			<prodml:CustomParameter Uid="a">
				<prodml:SourceResultRefID>a</prodml:SourceResultRefID>
				<prodml:Remark>a</prodml:Remark>
				<prodml:Name>a</prodml:Name>
				<prodml:Abbreviation>a</prodml:Abbreviation>
				<prodml:MeasureValue uom="a"/>
			</prodml:CustomParameter>
			<prodml:CustomParameter Uid="a">
				<prodml:SourceResultRefID>a</prodml:SourceResultRefID>
				<prodml:Remark>a</prodml:Remark>
				<prodml:Name>a</prodml:Name>
				<prodml:Abbreviation>a</prodml:Abbreviation>
				<prodml:MeasureValue uom="a"/>
			</prodml:CustomParameter>
			<prodml:SpecializedXAxisDescription>a</prodml:SpecializedXAxisDescription>
			<prodml:SpecializedYAxisDescription>a</prodml:SpecializedYAxisDescription>
			<prodml:AnalysisPressureFunction xsi:type="prodml:DeconvolvedPressureData" uid="a">
				<prodml:ChannelSet>
					<eml:ContentType>a</eml:ContentType>
					<eml:Title>a</eml:Title>
					<eml:Uuid>00000000-0000-0000-0000-000000000000</eml:Uuid>
					<eml:UuidAuthority>a</eml:UuidAuthority>
					<eml:Uri>http://www.altova.com</eml:Uri>
					<eml:ObjectVersion>a</eml:ObjectVersion>
				</prodml:ChannelSet>
				<prodml:TimeChannel>
					<eml:ContentType>a</eml:ContentType>
					<eml:Title>a</eml:Title>
					<eml:Uuid>00000000-0000-0000-0000-000000000000</eml:Uuid>
					<eml:UuidAuthority>a</eml:UuidAuthority>
					<eml:Uri>http://www.altova.com</eml:Uri>
					<eml:ObjectVersion>a</eml:ObjectVersion>
				</prodml:TimeChannel>
				<prodml:TimeSeriesPointRepresentation>point by point</prodml:TimeSeriesPointRepresentation>
				<prodml:Remark>a</prodml:Remark>
				<prodml:PressureChannel>
					<eml:ContentType>a</eml:ContentType>
					<eml:Title>a</eml:Title>
					<eml:Uuid>00000000-0000-0000-0000-000000000000</eml:Uuid>
					<eml:UuidAuthority>a</eml:UuidAuthority>
					<eml:Uri>http://www.altova.com</eml:Uri>
					<eml:ObjectVersion>a</eml:ObjectVersion>
				</prodml:PressureChannel>
				<prodml:PressureDerivativeChannel>
					<eml:ContentType>a</eml:ContentType>
					<eml:Title>a</eml:Title>
					<eml:Uuid>00000000-0000-0000-0000-000000000000</eml:Uuid>
					<eml:UuidAuthority>a</eml:UuidAuthority>
					<eml:Uri>http://www.altova.com</eml:Uri>
					<eml:ObjectVersion>a</eml:ObjectVersion>
				</prodml:PressureDerivativeChannel>
				<prodml:PressureReferenceDepth uom="ft[GC]">3.14159265358979E0</prodml:PressureReferenceDepth>
				<prodml:Datum>kelly bushing</prodml:Datum>
				<prodml:Deconvolution>
					<eml:ContentType>a</eml:ContentType>
					<eml:Title>a</eml:Title>
					<eml:Uuid>00000000-0000-0000-0000-000000000000</eml:Uuid>
					<eml:UuidAuthority>a</eml:UuidAuthority>
					<eml:Uri>http://www.altova.com</eml:Uri>
					<eml:ObjectVersion>a</eml:ObjectVersion>
				</prodml:Deconvolution>
			</prodml:AnalysisPressureFunction>
			<prodml:Remark>a</prodml:Remark>
			<prodml:AnalysisLine>
				<prodml:LineName>a</prodml:LineName>
				<prodml:Slope>3.14159265358979E0</prodml:Slope>
				<prodml:Intercept>3.14159265358979E0</prodml:Intercept>
				<prodml:Remark>a</prodml:Remark>
			</prodml:AnalysisLine>
			<prodml:AnalysisLine>
				<prodml:LineName>a</prodml:LineName>
				<prodml:Slope>3.14159265358979E0</prodml:Slope>
				<prodml:Intercept>3.14159265358979E0</prodml:Intercept>
				<prodml:Remark>a</prodml:Remark>
			</prodml:AnalysisLine>
			<prodml:AnalysisLine>
				<prodml:LineName>a</prodml:LineName>
				<prodml:Slope>3.14159265358979E0</prodml:Slope>
				<prodml:Intercept>3.14159265358979E0</prodml:Intercept>
				<prodml:Remark>a</prodml:Remark>
			</prodml:AnalysisLine>
		</prodml:SpecializedAnalysis>
		<prodml:SpecializedAnalysis>
			<prodml:SpecializedAnalysisType>a</prodml:SpecializedAnalysisType>
			<prodml:AnyParameter Uid="113" xsi:type="FractureHeight">
				<Abbreviation>Hf</Abbreviation>
				<Length uom="angstrom">1</Length>
			</prodml:AnyParameter>
			<prodml:CustomParameter Uid="a">
				<prodml:SourceResultRefID>a</prodml:SourceResultRefID>
				<prodml:Remark>a</prodml:Remark>
				<prodml:Name>a</prodml:Name>
				<prodml:Abbreviation>a</prodml:Abbreviation>
				<prodml:MeasureValue uom="a"/>
			</prodml:CustomParameter>
			<prodml:CustomParameter Uid="a">
				<prodml:SourceResultRefID>a</prodml:SourceResultRefID>
				<prodml:Remark>a</prodml:Remark>
				<prodml:Name>a</prodml:Name>
				<prodml:Abbreviation>a</prodml:Abbreviation>
				<prodml:MeasureValue uom="a"/>
			</prodml:CustomParameter>
			<prodml:CustomParameter Uid="a">
				<prodml:SourceResultRefID>a</prodml:SourceResultRefID>
				<prodml:Remark>a</prodml:Remark>
				<prodml:Name>a</prodml:Name>
				<prodml:Abbreviation>a</prodml:Abbreviation>
				<prodml:MeasureValue uom="a"/>
			</prodml:CustomParameter>
			<prodml:SpecializedXAxisDescription>a</prodml:SpecializedXAxisDescription>
			<prodml:SpecializedYAxisDescription>a</prodml:SpecializedYAxisDescription>
			<prodml:AnalysisPressureFunction xsi:type="prodml:DeconvolvedPressureData" uid="a">
				<prodml:ChannelSet>
					<eml:ContentType>a</eml:ContentType>
					<eml:Title>a</eml:Title>
					<eml:Uuid>00000000-0000-0000-0000-000000000000</eml:Uuid>
					<eml:UuidAuthority>a</eml:UuidAuthority>
					<eml:Uri>http://www.altova.com</eml:Uri>
					<eml:ObjectVersion>a</eml:ObjectVersion>
				</prodml:ChannelSet>
				<prodml:TimeChannel>
					<eml:ContentType>a</eml:ContentType>
					<eml:Title>a</eml:Title>
					<eml:Uuid>00000000-0000-0000-0000-000000000000</eml:Uuid>
					<eml:UuidAuthority>a</eml:UuidAuthority>
					<eml:Uri>http://www.altova.com</eml:Uri>
					<eml:ObjectVersion>a</eml:ObjectVersion>
				</prodml:TimeChannel>
				<prodml:TimeSeriesPointRepresentation>point by point</prodml:TimeSeriesPointRepresentation>
				<prodml:Remark>a</prodml:Remark>
				<prodml:PressureChannel>
					<eml:ContentType>a</eml:ContentType>
					<eml:Title>a</eml:Title>
					<eml:Uuid>00000000-0000-0000-0000-000000000000</eml:Uuid>
					<eml:UuidAuthority>a</eml:UuidAuthority>
					<eml:Uri>http://www.altova.com</eml:Uri>
					<eml:ObjectVersion>a</eml:ObjectVersion>
				</prodml:PressureChannel>
				<prodml:PressureDerivativeChannel>
					<eml:ContentType>a</eml:ContentType>
					<eml:Title>a</eml:Title>
					<eml:Uuid>00000000-0000-0000-0000-000000000000</eml:Uuid>
					<eml:UuidAuthority>a</eml:UuidAuthority>
					<eml:Uri>http://www.altova.com</eml:Uri>
					<eml:ObjectVersion>a</eml:ObjectVersion>
				</prodml:PressureDerivativeChannel>
				<prodml:PressureReferenceDepth uom="1/2 ft">3.14159265358979E0</prodml:PressureReferenceDepth>
				<prodml:Datum>mean higher high water</prodml:Datum>
				<prodml:Deconvolution>
					<eml:ContentType>a</eml:ContentType>
					<eml:Title>a</eml:Title>
					<eml:Uuid>00000000-0000-0000-0000-000000000000</eml:Uuid>
					<eml:UuidAuthority>a</eml:UuidAuthority>
					<eml:Uri>http://www.altova.com</eml:Uri>
					<eml:ObjectVersion>a</eml:ObjectVersion>
				</prodml:Deconvolution>
			</prodml:AnalysisPressureFunction>
			<prodml:Remark>a</prodml:Remark>
			<prodml:AnalysisLine>
				<prodml:LineName>a</prodml:LineName>
				<prodml:Slope>3.14159265358979E0</prodml:Slope>
				<prodml:Intercept>3.14159265358979E0</prodml:Intercept>
				<prodml:Remark>a</prodml:Remark>
			</prodml:AnalysisLine>
			<prodml:AnalysisLine>
				<prodml:LineName>a</prodml:LineName>
				<prodml:Slope>3.14159265358979E0</prodml:Slope>
				<prodml:Intercept>3.14159265358979E0</prodml:Intercept>
				<prodml:Remark>a</prodml:Remark>
			</prodml:AnalysisLine>
			<prodml:AnalysisLine>
				<prodml:LineName>a</prodml:LineName>
				<prodml:Slope>3.14159265358979E0</prodml:Slope>
				<prodml:Intercept>3.14159265358979E0</prodml:Intercept>
				<prodml:Remark>a</prodml:Remark>
			</prodml:AnalysisLine>
		</prodml:SpecializedAnalysis>
		<prodml:RateHistory xsi:type="SingleFlowrateData">
			<EffectiveProducingTimeUsed uom="1/2 ms">1</EffectiveProducingTimeUsed>
			<SingleFlowrate uom="1/30 cm3/min">1</SingleFlowrate>
		</prodml:RateHistory>
	</prodml:Analysis>
	<prodml:InterferingFlowTestInterval uid="a">
		<prodml:FlowTestMeasurementSetRef>a</prodml:FlowTestMeasurementSetRef>
		<prodml:InterferingFlowrateRef>a</prodml:InterferingFlowrateRef>
		<prodml:TestPeriodRef>a</prodml:TestPeriodRef>
		<prodml:TestPeriodRef>a</prodml:TestPeriodRef>
		<prodml:TestPeriodRef>a</prodml:TestPeriodRef>
		<prodml:SimulatedInterferencePressure uid="a">
			<prodml:ChannelSet>
				<eml:ContentType>a</eml:ContentType>
				<eml:Title>a</eml:Title>
				<eml:Uuid>00000000-0000-0000-0000-000000000000</eml:Uuid>
				<eml:UuidAuthority>a</eml:UuidAuthority>
				<eml:Uri>http://www.altova.com</eml:Uri>
				<eml:ObjectVersion>a</eml:ObjectVersion>
			</prodml:ChannelSet>
			<prodml:TimeChannel>
				<eml:ContentType>a</eml:ContentType>
				<eml:Title>a</eml:Title>
				<eml:Uuid>00000000-0000-0000-0000-000000000000</eml:Uuid>
				<eml:UuidAuthority>a</eml:UuidAuthority>
				<eml:Uri>http://www.altova.com</eml:Uri>
				<eml:ObjectVersion>a</eml:ObjectVersion>
			</prodml:TimeChannel>
			<prodml:TimeSeriesPointRepresentation>stepwise value at end of period</prodml:TimeSeriesPointRepresentation>
			<prodml:Remark>a</prodml:Remark>
			<prodml:PressureChannel>
				<eml:ContentType>a</eml:ContentType>
				<eml:Title>a</eml:Title>
				<eml:Uuid>00000000-0000-0000-0000-000000000000</eml:Uuid>
				<eml:UuidAuthority>a</eml:UuidAuthority>
				<eml:Uri>http://www.altova.com</eml:Uri>
				<eml:ObjectVersion>a</eml:ObjectVersion>
			</prodml:PressureChannel>
			<prodml:PressureDerivativeChannel>
				<eml:ContentType>a</eml:ContentType>
				<eml:Title>a</eml:Title>
				<eml:Uuid>00000000-0000-0000-0000-000000000000</eml:Uuid>
				<eml:UuidAuthority>a</eml:UuidAuthority>
				<eml:Uri>http://www.altova.com</eml:Uri>
				<eml:ObjectVersion>a</eml:ObjectVersion>
			</prodml:PressureDerivativeChannel>
			<prodml:PressureReferenceDepth uom="yd[Ind]">3.14159265358979E0</prodml:PressureReferenceDepth>
			<prodml:Datum>derrick floor</prodml:Datum>
		</prodml:SimulatedInterferencePressure>
		<prodml:SimulatedInterferencePressureRemoved>true</prodml:SimulatedInterferencePressureRemoved>
	</prodml:InterferingFlowTestInterval>
	<prodml:InterferingFlowTestInterval uid="a">
		<prodml:FlowTestMeasurementSetRef>a</prodml:FlowTestMeasurementSetRef>
		<prodml:InterferingFlowrateRef>a</prodml:InterferingFlowrateRef>
		<prodml:TestPeriodRef>a</prodml:TestPeriodRef>
		<prodml:SimulatedInterferencePressure uid="a">
			<prodml:ChannelSet>
				<eml:ContentType>a</eml:ContentType>
				<eml:Title>a</eml:Title>
				<eml:Uuid>00000000-0000-0000-0000-000000000000</eml:Uuid>
				<eml:UuidAuthority>a</eml:UuidAuthority>
				<eml:Uri>http://www.altova.com</eml:Uri>
				<eml:ObjectVersion>a</eml:ObjectVersion>
			</prodml:ChannelSet>
			<prodml:TimeChannel>
				<eml:ContentType>a</eml:ContentType>
				<eml:Title>a</eml:Title>
				<eml:Uuid>00000000-0000-0000-0000-000000000000</eml:Uuid>
				<eml:UuidAuthority>a</eml:UuidAuthority>
				<eml:Uri>http://www.altova.com</eml:Uri>
				<eml:ObjectVersion>a</eml:ObjectVersion>
			</prodml:TimeChannel>
			<prodml:TimeSeriesPointRepresentation>stepwise value at end of period</prodml:TimeSeriesPointRepresentation>
			<prodml:Remark>a</prodml:Remark>
			<prodml:PressureChannel>
				<eml:ContentType>a</eml:ContentType>
				<eml:Title>a</eml:Title>
				<eml:Uuid>00000000-0000-0000-0000-000000000000</eml:Uuid>
				<eml:UuidAuthority>a</eml:UuidAuthority>
				<eml:Uri>http://www.altova.com</eml:Uri>
				<eml:ObjectVersion>a</eml:ObjectVersion>
			</prodml:PressureChannel>
			<prodml:PressureDerivativeChannel>
				<eml:ContentType>a</eml:ContentType>
				<eml:Title>a</eml:Title>
				<eml:Uuid>00000000-0000-0000-0000-000000000000</eml:Uuid>
				<eml:UuidAuthority>a</eml:UuidAuthority>
				<eml:Uri>http://www.altova.com</eml:Uri>
				<eml:ObjectVersion>a</eml:ObjectVersion>
			</prodml:PressureDerivativeChannel>
			<prodml:PressureReferenceDepth uom="mm">3.14159265358979E0</prodml:PressureReferenceDepth>
			<prodml:Datum>derrick floor</prodml:Datum>
		</prodml:SimulatedInterferencePressure>
		<prodml:SimulatedInterferencePressureRemoved>true</prodml:SimulatedInterferencePressureRemoved>
	</prodml:InterferingFlowTestInterval>
	<prodml:InterferingFlowTestInterval uid="a">
		<prodml:FlowTestMeasurementSetRef>a</prodml:FlowTestMeasurementSetRef>
		<prodml:InterferingFlowrateRef>a</prodml:InterferingFlowrateRef>
		<prodml:TestPeriodRef>a</prodml:TestPeriodRef>
		<prodml:TestPeriodRef>a</prodml:TestPeriodRef>
		<prodml:TestPeriodRef>a</prodml:TestPeriodRef>
		<prodml:SimulatedInterferencePressure uid="a">
			<prodml:ChannelSet>
				<eml:ContentType>a</eml:ContentType>
				<eml:Title>a</eml:Title>
				<eml:Uuid>00000000-0000-0000-0000-000000000000</eml:Uuid>
				<eml:UuidAuthority>a</eml:UuidAuthority>
				<eml:Uri>http://www.altova.com</eml:Uri>
				<eml:ObjectVersion>a</eml:ObjectVersion>
			</prodml:ChannelSet>
			<prodml:TimeChannel>
				<eml:ContentType>a</eml:ContentType>
				<eml:Title>a</eml:Title>
				<eml:Uuid>00000000-0000-0000-0000-000000000000</eml:Uuid>
				<eml:UuidAuthority>a</eml:UuidAuthority>
				<eml:Uri>http://www.altova.com</eml:Uri>
				<eml:ObjectVersion>a</eml:ObjectVersion>
			</prodml:TimeChannel>
			<prodml:TimeSeriesPointRepresentation>stepwise value at end of period</prodml:TimeSeriesPointRepresentation>
			<prodml:Remark>a</prodml:Remark>
			<prodml:PressureChannel>
				<eml:ContentType>a</eml:ContentType>
				<eml:Title>a</eml:Title>
				<eml:Uuid>00000000-0000-0000-0000-000000000000</eml:Uuid>
				<eml:UuidAuthority>a</eml:UuidAuthority>
				<eml:Uri>http://www.altova.com</eml:Uri>
				<eml:ObjectVersion>a</eml:ObjectVersion>
			</prodml:PressureChannel>
			<prodml:PressureDerivativeChannel>
				<eml:ContentType>a</eml:ContentType>
				<eml:Title>a</eml:Title>
				<eml:Uuid>00000000-0000-0000-0000-000000000000</eml:Uuid>
				<eml:UuidAuthority>a</eml:UuidAuthority>
				<eml:Uri>http://www.altova.com</eml:Uri>
				<eml:ObjectVersion>a</eml:ObjectVersion>
			</prodml:PressureDerivativeChannel>
			<prodml:PressureReferenceDepth uom="ft[BnB]">3.14159265358979E0</prodml:PressureReferenceDepth>
			<prodml:Datum>crown valve</prodml:Datum>
		</prodml:SimulatedInterferencePressure>
		<prodml:SimulatedInterferencePressureRemoved>true</prodml:SimulatedInterferencePressureRemoved>
	</prodml:InterferingFlowTestInterval>
	<prodml:CompressibilityParameters>
		<prodml:FormationCompressibility uom="1/kPa">3.14159265358979E0</prodml:FormationCompressibility>
		<prodml:OilPhaseSaturation uom="ft3/stb">3.14159265358979E0</prodml:OilPhaseSaturation>
		<prodml:GasPhaseSaturation uom="scf/scf">3.14159265358979E0</prodml:GasPhaseSaturation>
		<prodml:WaterPhaseSaturation uom="scf/stb">3.14159265358979E0</prodml:WaterPhaseSaturation>
		<prodml:TotalCompressibility uom="1/upsi">3.14159265358979E0</prodml:TotalCompressibility>
	</prodml:CompressibilityParameters>
	<prodml:FlowTestActivity>
		<eml:ContentType>a</eml:ContentType>
		<eml:Title>a</eml:Title>
		<eml:Uuid>00000000-0000-0000-0000-000000000000</eml:Uuid>
		<eml:UuidAuthority>a</eml:UuidAuthority>
		<eml:Uri>http://www.altova.com</eml:Uri>
		<eml:ObjectVersion>a</eml:ObjectVersion>
	</prodml:FlowTestActivity>
</prodml:PressureTransientAnalysis>
