<?xml version="1.0" encoding="UTF-8"?>
<ProductionOperation xmlns="http://www.energistics.org/energyml/data/prodmlv2" xmlns:eml="http://www.energistics.org/energyml/data/commonv2" xmlns:gco="http://www.isotc211.org/2005/gco" xmlns:gmd="http://www.isotc211.org/2005/gmd" xmlns:gsr="http://www.isotc211.org/2005/gsr" xmlns:gts="http://www.isotc211.org/2005/gts" xmlns:gml="http://www.opengis.net/gml/3.2" xmlns:xlink="http://www.w3.org/1999/xlink" xmlns:xsi="http://www.w3.org/2001/XMLSchema-instance" schemaVersion="2.0" uuid="00000000-0000-0000-0000-000000000000" xsi:schemaLocation="http://www.energistics.org/energyml/data/prodmlv2 ../xsd_schemas/ProductionOperation.xsd">
	<eml:Citation>
		<eml:Title>RUB-K</eml:Title>
		<eml:Originator>energistics</eml:Originator>
		<eml:Creation>2001-12-17T09:30:47Z</eml:Creation>
		<eml:Format>xml</eml:Format>
	</eml:Citation>
	<Installation kind="platform" namingSystem="EnergyComponents">RUB-K</Installation>
	<ContextFacility kind="field" namingSystem="EnergyComponents">RUBIN</ContextFacility>
	<Kind>DDR</Kind>
	<PeriodKind>day</PeriodKind>
	<IssueDate>2006-04-19</IssueDate>
	<Title>Daily Production and Activity Report</Title>
	<ApprovalDate>2006-04-19</ApprovalDate>
	<Approver>
		<Name>Ole Mann</Name>
		<Role>Operasjonsleder Land</Role>
		<Role>Platformsjef</Role>
		<Role>Driftsleder</Role>
		<Role>Read-only access to pictures</Role>
		<Role>Regular user</Role>
		<PersonName>
			<First>Ole</First>
			<Last>Mann</Last>
		</PersonName>
	</Approver>
	<InstallationReport uid="ir1">
		<Installation kind="platform" namingSystem="EnergyComponents">RUB-K</Installation>
		<BedsAvailable>16</BedsAvailable>
		<OperationalHSE uid="ohse1">
			<IncidentCount>0</IncidentCount>
			<AlarmCount>0</AlarmCount>
			<Safety uid="s1">
				<SafetyCount type="sick on board" period="day">1</SafetyCount>
				<SafetyCount type="near miss" period="day">2</SafetyCount>
				<SafetyCount type="first aid" period="day">3</SafetyCount>
				<SafetyCount type="safety meeting" period="day">4</SafetyCount>
				<SafetyCount type="sent ashore" period="day">5</SafetyCount>
			</Safety>
			<Weather uid="w1">
				<DTim>2006-04-19T00:00:00Z</DTim>
				<BarometricPressure uom="atm">0</BarometricPressure>
				<TempSurfaceMn uom="degC">14.0</TempSurfaceMn>
				<Visibility uom="m">0.0</Visibility>
				<HtWave uom="m">0.0</HtWave>
				<SignificantWave uom="m">0.0</SignificantWave>
				<MaxWave uom="m">0.0</MaxWave>
				<AziWind uom="cgr">0.0</AziWind>
				<VelWind uom="rad/s">0.0</VelWind>
				<AmtPrecip uom="m">0.0</AmtPrecip>
			</Weather>
		</OperationalHSE>
		<ProductionActivity>
			<MarineOperation uid="mo1">
				<DTimStart>2006-04-19T00:00:00Z</DTimStart>
				<DTimEnd>2006-04-19T00:00:00Z</DTimEnd>
				<StandbyVessel>Stril Poseidon</StandbyVessel>
			</MarineOperation>
			<OperationalComment uid="op1">
				<Type>maintenance</Type>
				<DTimStart>2006-04-19T00:00:00Z</DTimStart>
				<DTimEnd>2006-04-19T00:00:00Z</DTimEnd>
				<Comment>Installasjonsprosjekter: Trace-pack tubing, sveising av stag radarmast og installasjon av metanol resonatorer. Overflatebehandling ihht malingsprogram for 2005. Tilbakestilt brannpumper i akterskipet. KV 21PA500B, olje til lager pumpe.</Comment>
			</OperationalComment>
			<OperationalComment uid="op2">
				<Type>production</Type>
				<DTimStart>2006-04-19T00:00:00Z</DTimStart>
				<DTimEnd>2006-04-19T00:00:00Z</DTimEnd>
				<Comment>Kl 23.30; Startet å trykksette K-102 og G-101. Redusert injeksjon grunnet redusert tilgang på injeksjonsbrønner(inspeksjon av K-101). Jettet Test Separator. Kjørt sandrensepakken.</Comment>
			</OperationalComment>
			<Shutdown uid="sd1">
				<Installation kind="platform" namingSystem="EnergyComponents">RUB-K</Installation>
				<Description>FV for produksjonsanlegg</Description>
				<DTimStart>2006-04-19T00:00:00Z</DTimStart>
				<DTimEnd>2006-04-19T23:59:00Z</DTimEnd>
				<VolumetricDownTime uom="h">24.0</VolumetricDownTime>
				<Activity uid="act1">
					<Who>Tom Haldorsen</Who>
					<Remark>K-101 &amp; G-101 stengt p.g.a inepskasjon i K-101. Lav injeksjon</Remark>
				</Activity>
			</Shutdown>
			<Shutdown uid="sd2">
				<Installation kind="platform" namingSystem="EnergyComponents">RUB-K</Installation>
				<Description>Utstyrsfeil og KV</Description>
				<DTimStart>2006-04-19T00:00:00Z</DTimStart>
				<DTimEnd>2006-04-19T23:59:00Z</DTimEnd>
				<VolumetricDownTime uom="h">24.0</VolumetricDownTime>
				<Activity uid="act2">
					<Who>Anne Kvinne</Who>
					<Remark>F-2 H stengt p.g.a lekasje</Remark>
				</Activity>
			</Shutdown>
		</ProductionActivity>
		<CrewCount uid="cc1" type="other crew">1</CrewCount>
		<CrewCount uid="cc2" type="own other crew">3</CrewCount>
		<CrewCount uid="cc3" type="contractor crew">4</CrewCount>
		<CrewCount uid="cc4" type="personnel on board">18</CrewCount>
		<CrewCount uid="cc5" type="own crew">7</CrewCount>
	</InstallationReport>
	<Operator>
		<Name>Norsk Olje AS</Name>
		<Role>Platformsjef</Role>
		<Role>Regular user</Role>
		<Role>Full access to all pictures</Role>
		<PersonName>
			<First>Schema owner</First>
			<Last>RUBIN</Last>
		</PersonName>
	</Operator>
	<GeographicContext>
		<Country>Norway</Country>
		<Field>RUBIN</Field>
	</GeographicContext>
	<IssuedBy>
		<Name>Ole Mann</Name>
		<Role>Driftsleder</Role>
		<Role>Platformsjef</Role>
		<PersonName>
			<First>Ole</First>
			<Last>Mann</Last>
		</PersonName>
	</IssuedBy>
</ProductionOperation>
