<?xml version="1.0" encoding="UTF-8"?>
<!--Sample XML file generated by XMLSpy v2013 sp1 (x64) (http://www.altova.com)-->
<prodml:PtaDeconvolution objectVersion="2.0" schemaVersion="2.0" uuid="7a2c4076-601a-11e5-9d70-feff819cdc9f" xmlns="http://www.energistics.org/energyml/data/prodmlv2" xmlns:eml="http://www.energistics.org/energyml/data/commonv2" xmlns:prodml="http://www.energistics.org/energyml/data/prodmlv2" xmlns:xsi="http://www.w3.org/2001/XMLSchema-instance" xsi:schemaLocation="http://www.energistics.org/energyml/data/prodmlv2 ../xsd_schemas/PressureTransientAnalysis.xsd">
	<eml:Aliases authority="a">
		<eml:Identifier>a</eml:Identifier>
		<eml:Description>a</eml:Description>
	</eml:Aliases>
	<eml:Aliases authority="a">
		<eml:Identifier>a</eml:Identifier>
		<eml:Description>a</eml:Description>
	</eml:Aliases>
	<eml:Aliases authority="a">
		<eml:Identifier>a</eml:Identifier>
		<eml:Description>a</eml:Description>
	</eml:Aliases>
	<eml:Citation>
		<eml:Title>a</eml:Title>
		<eml:Originator>a</eml:Originator>
		<eml:Creation>2001-12-17T09:30:47Z</eml:Creation>
		<eml:Format>a</eml:Format>
		<eml:Editor>a</eml:Editor>
		<eml:LastUpdate>2001-12-17T09:30:47Z</eml:LastUpdate>
		<eml:Description>a</eml:Description>
		<eml:DescriptiveKeywords>a</eml:DescriptiveKeywords>
	</eml:Citation>
	<eml:CustomData/>
	<eml:ExtensionNameValue>
		<eml:Name>a</eml:Name>
		<eml:Value uom="stb/1000scm">a</eml:Value>
		<eml:MeasureClass>volumetric thermal expansion</eml:MeasureClass>
		<eml:DTim>2001-12-17T09:30:47Z</eml:DTim>
		<eml:Index>2147483647</eml:Index>
		<eml:Description>a</eml:Description>
	</eml:ExtensionNameValue>
	<eml:ExtensionNameValue>
		<eml:Name>a</eml:Name>
		<eml:Value uom="galUS/1000scf">a</eml:Value>
		<eml:MeasureClass>time</eml:MeasureClass>
		<eml:DTim>2001-12-17T09:30:47Z</eml:DTim>
		<eml:Index>2147483647</eml:Index>
		<eml:Description>a</eml:Description>
	</eml:ExtensionNameValue>
	<eml:ExtensionNameValue>
		<eml:Name>a</eml:Name>
		<eml:Value uom="scm/s">a</eml:Value>
		<eml:MeasureClass>force per force</eml:MeasureClass>
		<eml:DTim>2001-12-17T09:30:47Z</eml:DTim>
		<eml:Index>2147483647</eml:Index>
		<eml:Description>a</eml:Description>
	</eml:ExtensionNameValue>
	<prodml:FlowTestActivity>
		<eml:ContentType>a</eml:ContentType>
		<eml:Title>a</eml:Title>
		<eml:Uuid>00000000-0000-0000-0000-000000000000</eml:Uuid>
		<eml:UuidAuthority>a</eml:UuidAuthority>
		<eml:Uri>http://www.altova.com</eml:Uri>
		<eml:ObjectVersion>a</eml:ObjectVersion>
	</prodml:FlowTestActivity>
	<prodml:FlowTestMeasurementSetRef>a</prodml:FlowTestMeasurementSetRef>
	<prodml:FlowTestPeriodRef>a</prodml:FlowTestPeriodRef>
	<prodml:FlowTestPeriodRef>a</prodml:FlowTestPeriodRef>
	<prodml:FlowTestPeriodRef>a</prodml:FlowTestPeriodRef>
	<prodml:MethodName>a</prodml:MethodName>
	<prodml:InitialPressure uom="psig">3.14159265358979E0</prodml:InitialPressure>
	<prodml:InputPressure xsi:type="prodml:DeconvolvedPressureData" uid="a">
		<prodml:ChannelSet>
			<eml:ContentType>a</eml:ContentType>
			<eml:Title>a</eml:Title>
			<eml:Uuid>00000000-0000-0000-0000-000000000000</eml:Uuid>
			<eml:UuidAuthority>a</eml:UuidAuthority>
			<eml:Uri>http://www.altova.com</eml:Uri>
			<eml:ObjectVersion>a</eml:ObjectVersion>
		</prodml:ChannelSet>
		<prodml:TimeChannel>
			<eml:ContentType>a</eml:ContentType>
			<eml:Title>a</eml:Title>
			<eml:Uuid>00000000-0000-0000-0000-000000000000</eml:Uuid>
			<eml:UuidAuthority>a</eml:UuidAuthority>
			<eml:Uri>http://www.altova.com</eml:Uri>
			<eml:ObjectVersion>a</eml:ObjectVersion>
		</prodml:TimeChannel>
		<prodml:TimeSeriesPointRepresentation>stepwise value at end of period</prodml:TimeSeriesPointRepresentation>
		<prodml:Remark>a</prodml:Remark>
		<prodml:PressureChannel>
			<eml:ContentType>a</eml:ContentType>
			<eml:Title>a</eml:Title>
			<eml:Uuid>00000000-0000-0000-0000-000000000000</eml:Uuid>
			<eml:UuidAuthority>a</eml:UuidAuthority>
			<eml:Uri>http://www.altova.com</eml:Uri>
			<eml:ObjectVersion>a</eml:ObjectVersion>
		</prodml:PressureChannel>
		<prodml:PressureDerivativeChannel>
			<eml:ContentType>a</eml:ContentType>
			<eml:Title>a</eml:Title>
			<eml:Uuid>00000000-0000-0000-0000-000000000000</eml:Uuid>
			<eml:UuidAuthority>a</eml:UuidAuthority>
			<eml:Uri>http://www.altova.com</eml:Uri>
			<eml:ObjectVersion>a</eml:ObjectVersion>
		</prodml:PressureDerivativeChannel>
		<prodml:PressureReferenceDepth uom="pm">3.14159265358979E0</prodml:PressureReferenceDepth>
		<prodml:Datum>mean higher high water</prodml:Datum>
		<prodml:Deconvolution>
			<eml:ContentType>a</eml:ContentType>
			<eml:Title>a</eml:Title>
			<eml:Uuid>00000000-0000-0000-0000-000000000000</eml:Uuid>
			<eml:UuidAuthority>a</eml:UuidAuthority>
			<eml:Uri>http://www.altova.com</eml:Uri>
			<eml:ObjectVersion>a</eml:ObjectVersion>
		</prodml:Deconvolution>
	</prodml:InputPressure>
	<prodml:InputFlowrate xsi:type="MeasuredFlowData">
		<prodml:ChannelSet>
			<eml:ContentType>a</eml:ContentType>
			<eml:Title>a</eml:Title>
			<eml:Uuid>00000000-0000-0000-0000-000000000000</eml:Uuid>
			<eml:UuidAuthority>a</eml:UuidAuthority>
			<eml:Uri>http://www.altova.com</eml:Uri>
			<eml:ObjectVersion>a</eml:ObjectVersion>
		</prodml:ChannelSet>
		<prodml:TimeChannel>
			<eml:ContentType>a</eml:ContentType>
			<eml:Title>a</eml:Title>
			<eml:Uuid>00000000-0000-0000-0000-000000000000</eml:Uuid>
			<eml:UuidAuthority>a</eml:UuidAuthority>
			<eml:Uri>http://www.altova.com</eml:Uri>
			<eml:ObjectVersion>a</eml:ObjectVersion>
		</prodml:TimeChannel>
		<prodml:TimeSeriesPointRepresentation>point by point</prodml:TimeSeriesPointRepresentation>
		<prodml:Remark>a</prodml:Remark>
		<prodml:FluidPhaseMeasuredKind>single phase gas</prodml:FluidPhaseMeasuredKind>
		<prodml:FlowChannel>
			<eml:ContentType>a</eml:ContentType>
			<eml:Title>a</eml:Title>
			<eml:Uuid>00000000-0000-0000-0000-000000000000</eml:Uuid>
			<eml:UuidAuthority>a</eml:UuidAuthority>
			<eml:Uri>http://www.altova.com</eml:Uri>
			<eml:ObjectVersion>a</eml:ObjectVersion>
		</prodml:FlowChannel>
	</prodml:InputFlowrate>
	<prodml:ReconstructedPressure uid="a">
		<prodml:ChannelSet>
			<eml:ContentType>a</eml:ContentType>
			<eml:Title>a</eml:Title>
			<eml:Uuid>00000000-0000-0000-0000-000000000000</eml:Uuid>
			<eml:UuidAuthority>a</eml:UuidAuthority>
			<eml:Uri>http://www.altova.com</eml:Uri>
			<eml:ObjectVersion>a</eml:ObjectVersion>
		</prodml:ChannelSet>
		<prodml:TimeChannel>
			<eml:ContentType>a</eml:ContentType>
			<eml:Title>a</eml:Title>
			<eml:Uuid>00000000-0000-0000-0000-000000000000</eml:Uuid>
			<eml:UuidAuthority>a</eml:UuidAuthority>
			<eml:Uri>http://www.altova.com</eml:Uri>
			<eml:ObjectVersion>a</eml:ObjectVersion>
		</prodml:TimeChannel>
		<prodml:TimeSeriesPointRepresentation>stepwise value at end of period</prodml:TimeSeriesPointRepresentation>
		<prodml:Remark>a</prodml:Remark>
		<prodml:PressureChannel>
			<eml:ContentType>a</eml:ContentType>
			<eml:Title>a</eml:Title>
			<eml:Uuid>00000000-0000-0000-0000-000000000000</eml:Uuid>
			<eml:UuidAuthority>a</eml:UuidAuthority>
			<eml:Uri>http://www.altova.com</eml:Uri>
			<eml:ObjectVersion>a</eml:ObjectVersion>
		</prodml:PressureChannel>
		<prodml:PressureDerivativeChannel>
			<eml:ContentType>a</eml:ContentType>
			<eml:Title>a</eml:Title>
			<eml:Uuid>00000000-0000-0000-0000-000000000000</eml:Uuid>
			<eml:UuidAuthority>a</eml:UuidAuthority>
			<eml:Uri>http://www.altova.com</eml:Uri>
			<eml:ObjectVersion>a</eml:ObjectVersion>
		</prodml:PressureDerivativeChannel>
		<prodml:PressureReferenceDepth uom="ft[Ind37]">3.14159265358979E0</prodml:PressureReferenceDepth>
			<Deconvolution xsi:type="eml:DataObjectReference">
				<eml:ContentType></eml:ContentType>
				<eml:Title>Deconvolution</eml:Title>
				<eml:Uuid>00000000-0000-0000-0000-000000000000</eml:Uuid>
			</Deconvolution>
	</prodml:ReconstructedPressure>
	<prodml:ReconstructedFlowrate uid="a">
		<prodml:ChannelSet>
			<eml:ContentType>a</eml:ContentType>
			<eml:Title>a</eml:Title>
			<eml:Uuid>00000000-0000-0000-0000-000000000000</eml:Uuid>
			<eml:UuidAuthority>a</eml:UuidAuthority>
			<eml:Uri>http://www.altova.com</eml:Uri>
			<eml:ObjectVersion>a</eml:ObjectVersion>
		</prodml:ChannelSet>
		<prodml:TimeChannel>
			<eml:ContentType>a</eml:ContentType>
			<eml:Title>a</eml:Title>
			<eml:Uuid>00000000-0000-0000-0000-000000000000</eml:Uuid>
			<eml:UuidAuthority>a</eml:UuidAuthority>
			<eml:Uri>http://www.altova.com</eml:Uri>
			<eml:ObjectVersion>a</eml:ObjectVersion>
		</prodml:TimeChannel>
		<prodml:TimeSeriesPointRepresentation>stepwise value at end of period</prodml:TimeSeriesPointRepresentation>
		<prodml:Remark>a</prodml:Remark>
		<prodml:FluidPhaseMeasuredKind>multiphase oil+water</prodml:FluidPhaseMeasuredKind>
		<prodml:FlowChannel>
			<eml:ContentType>a</eml:ContentType>
			<eml:Title>a</eml:Title>
			<eml:Uuid>00000000-0000-0000-0000-000000000000</eml:Uuid>
			<eml:UuidAuthority>a</eml:UuidAuthority>
			<eml:Uri>http://www.altova.com</eml:Uri>
			<eml:ObjectVersion>a</eml:ObjectVersion>
		</prodml:FlowChannel>
		<Deconvolution>
			<eml:ContentType>a</eml:ContentType>
			<eml:Title>a</eml:Title>
			<eml:Uuid>00000000-0000-0000-0000-000000000000</eml:Uuid>
		</Deconvolution>
	</prodml:ReconstructedFlowrate>
	<prodml:Remark>a</prodml:Remark>
	<prodml:FlowTestActivity>
		<eml:ContentType>a</eml:ContentType>
		<eml:Title>a</eml:Title>
		<eml:Uuid>00000000-0000-0000-0000-000000000000</eml:Uuid>
		<eml:UuidAuthority>a</eml:UuidAuthority>
		<eml:Uri>http://www.altova.com</eml:Uri>
		<eml:ObjectVersion>a</eml:ObjectVersion>
	</prodml:FlowTestActivity>
	<prodml:DeconvolutionOutput xsi:type="prodml:DeconvolutionSingleOutput">
		<prodml:DeconvolutionSingleOutput>
			<prodml:DeconvolvedPressure uid="a">
				<prodml:ChannelSet>
					<eml:ContentType>a</eml:ContentType>
					<eml:Title>a</eml:Title>
					<eml:Uuid>00000000-0000-0000-0000-000000000000</eml:Uuid>
					<eml:UuidAuthority>a</eml:UuidAuthority>
					<eml:Uri>http://www.altova.com</eml:Uri>
					<eml:ObjectVersion>a</eml:ObjectVersion>
				</prodml:ChannelSet>
				<prodml:TimeChannel>
					<eml:ContentType>a</eml:ContentType>
					<eml:Title>a</eml:Title>
					<eml:Uuid>00000000-0000-0000-0000-000000000000</eml:Uuid>
					<eml:UuidAuthority>a</eml:UuidAuthority>
					<eml:Uri>http://www.altova.com</eml:Uri>
					<eml:ObjectVersion>a</eml:ObjectVersion>
				</prodml:TimeChannel>
				<prodml:TimeSeriesPointRepresentation>stepwise value at end of period</prodml:TimeSeriesPointRepresentation>
				<prodml:Remark>a</prodml:Remark>
				<prodml:PressureChannel>
					<eml:ContentType>a</eml:ContentType>
					<eml:Title>a</eml:Title>
					<eml:Uuid>00000000-0000-0000-0000-000000000000</eml:Uuid>
					<eml:UuidAuthority>a</eml:UuidAuthority>
					<eml:Uri>http://www.altova.com</eml:Uri>
					<eml:ObjectVersion>a</eml:ObjectVersion>
				</prodml:PressureChannel>
				<prodml:PressureDerivativeChannel>
					<eml:ContentType>a</eml:ContentType>
					<eml:Title>a</eml:Title>
					<eml:Uuid>00000000-0000-0000-0000-000000000000</eml:Uuid>
					<eml:UuidAuthority>a</eml:UuidAuthority>
					<eml:Uri>http://www.altova.com</eml:Uri>
					<eml:ObjectVersion>a</eml:ObjectVersion>
				</prodml:PressureDerivativeChannel>
				<prodml:PressureReferenceDepth uom="yd[Ind75]">3.14159265358979E0</prodml:PressureReferenceDepth>
				<prodml:Datum>kelly bushing</prodml:Datum>
				<Deconvolution>
					<eml:ContentType>a</eml:ContentType>
					<eml:Title>a</eml:Title>
					<eml:Uuid>00000000-0000-0000-0000-000000000000</eml:Uuid>
					<eml:UuidAuthority>a</eml:UuidAuthority>
					<eml:Uri>http://www.altova.com</eml:Uri>
					<eml:ObjectVersion>a</eml:ObjectVersion>
				</Deconvolution>
			</prodml:DeconvolvedPressure>
			<prodml:DeconvolutionReferenceFlowrateValue uom="1E6scf/d">3.14159265358979E0</prodml:DeconvolutionReferenceFlowrateValue>
		</prodml:DeconvolutionSingleOutput>
	</prodml:DeconvolutionOutput>
	<prodml:DeconvolutionOutput xsi:type="prodml:DeconvolutionSingleOutput">
		<prodml:DeconvolutionSingleOutput>
			<prodml:DeconvolvedPressure uid="a">
				<prodml:ChannelSet>
					<eml:ContentType>a</eml:ContentType>
					<eml:Title>a</eml:Title>
					<eml:Uuid>00000000-0000-0000-0000-000000000000</eml:Uuid>
					<eml:UuidAuthority>a</eml:UuidAuthority>
					<eml:Uri>http://www.altova.com</eml:Uri>
					<eml:ObjectVersion>a</eml:ObjectVersion>
				</prodml:ChannelSet>
				<prodml:TimeChannel>
					<eml:ContentType>a</eml:ContentType>
					<eml:Title>a</eml:Title>
					<eml:Uuid>00000000-0000-0000-0000-000000000000</eml:Uuid>
					<eml:UuidAuthority>a</eml:UuidAuthority>
					<eml:Uri>http://www.altova.com</eml:Uri>
					<eml:ObjectVersion>a</eml:ObjectVersion>
				</prodml:TimeChannel>
				<prodml:TimeSeriesPointRepresentation>stepwise value at end of period</prodml:TimeSeriesPointRepresentation>
				<prodml:Remark>a</prodml:Remark>
				<prodml:PressureChannel>
					<eml:ContentType>a</eml:ContentType>
					<eml:Title>a</eml:Title>
					<eml:Uuid>00000000-0000-0000-0000-000000000000</eml:Uuid>
					<eml:UuidAuthority>a</eml:UuidAuthority>
					<eml:Uri>http://www.altova.com</eml:Uri>
					<eml:ObjectVersion>a</eml:ObjectVersion>
				</prodml:PressureChannel>
				<prodml:PressureDerivativeChannel>
					<eml:ContentType>a</eml:ContentType>
					<eml:Title>a</eml:Title>
					<eml:Uuid>00000000-0000-0000-0000-000000000000</eml:Uuid>
					<eml:UuidAuthority>a</eml:UuidAuthority>
					<eml:Uri>http://www.altova.com</eml:Uri>
					<eml:ObjectVersion>a</eml:ObjectVersion>
				</prodml:PressureDerivativeChannel>
				<prodml:PressureReferenceDepth uom="link">3.14159265358979E0</prodml:PressureReferenceDepth>
				<prodml:Datum>mean low water</prodml:Datum>
				<Deconvolution xsi:type="eml:DataObjectReference">
					<eml:ContentType></eml:ContentType>
					<eml:Title>Deconvolution</eml:Title>
					<eml:Uuid>00000000-0000-0000-0000-000000000000</eml:Uuid>
				</Deconvolution>
			</prodml:DeconvolvedPressure>
			<prodml:DeconvolutionReferenceFlowrateValue uom="1000scm/mo">3.14159265358979E0</prodml:DeconvolutionReferenceFlowrateValue>
		</prodml:DeconvolutionSingleOutput>
	</prodml:DeconvolutionOutput>
	<prodml:DeconvolutionOutput xsi:type="prodml:DeconvolutionSingleOutput">
		<prodml:DeconvolutionSingleOutput>
			<prodml:DeconvolvedPressure uid="a">
				<prodml:ChannelSet>
					<eml:ContentType>a</eml:ContentType>
					<eml:Title>a</eml:Title>
					<eml:Uuid>00000000-0000-0000-0000-000000000000</eml:Uuid>
					<eml:UuidAuthority>a</eml:UuidAuthority>
					<eml:Uri>http://www.altova.com</eml:Uri>
					<eml:ObjectVersion>a</eml:ObjectVersion>
				</prodml:ChannelSet>
				<prodml:TimeChannel>
					<eml:ContentType>a</eml:ContentType>
					<eml:Title>a</eml:Title>
					<eml:Uuid>00000000-0000-0000-0000-000000000000</eml:Uuid>
					<eml:UuidAuthority>a</eml:UuidAuthority>
					<eml:Uri>http://www.altova.com</eml:Uri>
					<eml:ObjectVersion>a</eml:ObjectVersion>
				</prodml:TimeChannel>
				<prodml:TimeSeriesPointRepresentation>stepwise value at end of period</prodml:TimeSeriesPointRepresentation>
				<prodml:Remark>a</prodml:Remark>
				<prodml:PressureChannel>
					<eml:ContentType>a</eml:ContentType>
					<eml:Title>a</eml:Title>
					<eml:Uuid>00000000-0000-0000-0000-000000000000</eml:Uuid>
					<eml:UuidAuthority>a</eml:UuidAuthority>
					<eml:Uri>http://www.altova.com</eml:Uri>
					<eml:ObjectVersion>a</eml:ObjectVersion>
				</prodml:PressureChannel>
				<prodml:PressureDerivativeChannel>
					<eml:ContentType>a</eml:ContentType>
					<eml:Title>a</eml:Title>
					<eml:Uuid>00000000-0000-0000-0000-000000000000</eml:Uuid>
					<eml:UuidAuthority>a</eml:UuidAuthority>
					<eml:Uri>http://www.altova.com</eml:Uri>
					<eml:ObjectVersion>a</eml:ObjectVersion>
				</prodml:PressureDerivativeChannel>
				<prodml:PressureReferenceDepth uom="ft[Br36]">3.14159265358979E0</prodml:PressureReferenceDepth>
				<prodml:Datum>mean low water</prodml:Datum>
				<Deconvolution xsi:type="eml:DataObjectReference">
					<eml:ContentType></eml:ContentType>
					<eml:Title>Deconvolution</eml:Title>
					<eml:Uuid>00000000-0000-0000-0000-000000000000</eml:Uuid>
				</Deconvolution>
			</prodml:DeconvolvedPressure>
			<prodml:DeconvolutionReferenceFlowrateValue uom="1E6scm/d">3.14159265358979E0</prodml:DeconvolutionReferenceFlowrateValue>
		</prodml:DeconvolutionSingleOutput>
	</prodml:DeconvolutionOutput>
</prodml:PtaDeconvolution>
