<?xml version="1.0" encoding="UTF-8"?>
<!--Sample XML file generated by XMLSpy v2013 sp1 (x64) (http://www.altova.com)-->
<prodml:PtaDataPreProcess objectVersion="2.0" schemaVersion="2.0" uuid="7a2c4076-601a-11e5-9d70-feff819cdc9f" xmlns="http://www.energistics.org/energyml/data/prodmlv2" xmlns:eml="http://www.energistics.org/energyml/data/commonv2" xmlns:prodml="http://www.energistics.org/energyml/data/prodmlv2" xmlns:xsi="http://www.w3.org/2001/XMLSchema-instance" xsi:schemaLocation="http://www.energistics.org/energyml/data/prodmlv2 ../xsd_schemas/PressureTransientAnalysis.xsd">
	<eml:Aliases authority="a">
		<eml:Identifier>a</eml:Identifier>
		<eml:Description>a</eml:Description>
	</eml:Aliases>
	<eml:Aliases authority="a">
		<eml:Identifier>a</eml:Identifier>
		<eml:Description>a</eml:Description>
	</eml:Aliases>
	<eml:Aliases authority="a">
		<eml:Identifier>a</eml:Identifier>
		<eml:Description>a</eml:Description>
	</eml:Aliases>
	<eml:Citation>
		<eml:Title>a</eml:Title>
		<eml:Originator>a</eml:Originator>
		<eml:Creation>2001-12-17T09:30:47Z</eml:Creation>
		<eml:Format>a</eml:Format>
		<eml:Editor>a</eml:Editor>
		<eml:LastUpdate>2001-12-17T09:30:47Z</eml:LastUpdate>
		<eml:Description>a</eml:Description>
		<eml:DescriptiveKeywords>a</eml:DescriptiveKeywords>
	</eml:Citation>
	<eml:CustomData/>
	<eml:ExtensionNameValue>
		<eml:Name>a</eml:Name>
		<eml:Value uom="stb/bbl">a</eml:Value>
		<eml:MeasureClass>energy per mass</eml:MeasureClass>
		<eml:DTim>2001-12-17T09:30:47Z</eml:DTim>
		<eml:Index>2147483647</eml:Index>
		<eml:Description>a</eml:Description>
	</eml:ExtensionNameValue>
	<eml:ExtensionNameValue>
		<eml:Name>a</eml:Name>
		<eml:Value uom="psig">a</eml:Value>
		<eml:MeasureClass>frequency interval</eml:MeasureClass>
		<eml:DTim>2001-12-17T09:30:47Z</eml:DTim>
		<eml:Index>2147483647</eml:Index>
		<eml:Description>a</eml:Description>
	</eml:ExtensionNameValue>
	<eml:ExtensionNameValue>
		<eml:Name>a</eml:Name>
		<eml:Value uom="stb/d">a</eml:Value>
		<eml:MeasureClass>reciprocal pressure</eml:MeasureClass>
		<eml:DTim>2001-12-17T09:30:47Z</eml:DTim>
		<eml:Index>2147483647</eml:Index>
		<eml:Description>a</eml:Description>
	</eml:ExtensionNameValue>
	<prodml:FlowTestActivity>
		<eml:ContentType>a</eml:ContentType>
		<eml:Title>a</eml:Title>
		<eml:Uuid>00000000-0000-0000-0000-000000000000</eml:Uuid>
		<eml:UuidAuthority>a</eml:UuidAuthority>
		<eml:Uri>http://www.altova.com</eml:Uri>
		<eml:ObjectVersion>a</eml:ObjectVersion>
	</prodml:FlowTestActivity>
	<prodml:FlowTestMeasurementSetRef>a</prodml:FlowTestMeasurementSetRef>
	<prodml:InputData xsi:type="prodml:DeconvolvedPressureData" uid="a">
		<prodml:ChannelSet>
			<eml:ContentType>a</eml:ContentType>
			<eml:Title>a</eml:Title>
			<eml:Uuid>00000000-0000-0000-0000-000000000000</eml:Uuid>
			<eml:UuidAuthority>a</eml:UuidAuthority>
			<eml:Uri>http://www.altova.com</eml:Uri>
			<eml:ObjectVersion>a</eml:ObjectVersion>
		</prodml:ChannelSet>
		<prodml:TimeChannel>
			<eml:ContentType>a</eml:ContentType>
			<eml:Title>a</eml:Title>
			<eml:Uuid>00000000-0000-0000-0000-000000000000</eml:Uuid>
			<eml:UuidAuthority>a</eml:UuidAuthority>
			<eml:Uri>http://www.altova.com</eml:Uri>
			<eml:ObjectVersion>a</eml:ObjectVersion>
		</prodml:TimeChannel>
		<prodml:TimeSeriesPointRepresentation>stepwise value at end of period</prodml:TimeSeriesPointRepresentation>
		<prodml:Remark>a</prodml:Remark>
		<prodml:PressureChannel>
			<eml:ContentType>a</eml:ContentType>
			<eml:Title>a</eml:Title>
			<eml:Uuid>00000000-0000-0000-0000-000000000000</eml:Uuid>
			<eml:UuidAuthority>a</eml:UuidAuthority>
			<eml:Uri>http://www.altova.com</eml:Uri>
			<eml:ObjectVersion>a</eml:ObjectVersion>
		</prodml:PressureChannel>
		<prodml:PressureDerivativeChannel>
			<eml:ContentType>a</eml:ContentType>
			<eml:Title>a</eml:Title>
			<eml:Uuid>00000000-0000-0000-0000-000000000000</eml:Uuid>
			<eml:UuidAuthority>a</eml:UuidAuthority>
			<eml:Uri>http://www.altova.com</eml:Uri>
			<eml:ObjectVersion>a</eml:ObjectVersion>
		</prodml:PressureDerivativeChannel>
		<prodml:PressureReferenceDepth uom="0.1 yd">3.14159265358979E0</prodml:PressureReferenceDepth>
		<prodml:Datum>lowest astronomical tide</prodml:Datum>
		<prodml:Deconvolution>
			<eml:ContentType>a</eml:ContentType>
			<eml:Title>a</eml:Title>
			<eml:Uuid>00000000-0000-0000-0000-000000000000</eml:Uuid>
			<eml:UuidAuthority>a</eml:UuidAuthority>
			<eml:Uri>http://www.altova.com</eml:Uri>
			<eml:ObjectVersion>a</eml:ObjectVersion>
		</prodml:Deconvolution>
	</prodml:InputData>
	<prodml:PreProcessedData xsi:type="prodml:DeconvolvedPressureData" uid="a">
		<prodml:ChannelSet>
			<eml:ContentType>a</eml:ContentType>
			<eml:Title>a</eml:Title>
			<eml:Uuid>00000000-0000-0000-0000-000000000000</eml:Uuid>
			<eml:UuidAuthority>a</eml:UuidAuthority>
			<eml:Uri>http://www.altova.com</eml:Uri>
			<eml:ObjectVersion>a</eml:ObjectVersion>
		</prodml:ChannelSet>
		<prodml:TimeChannel>
			<eml:ContentType>a</eml:ContentType>
			<eml:Title>a</eml:Title>
			<eml:Uuid>00000000-0000-0000-0000-000000000000</eml:Uuid>
			<eml:UuidAuthority>a</eml:UuidAuthority>
			<eml:Uri>http://www.altova.com</eml:Uri>
			<eml:ObjectVersion>a</eml:ObjectVersion>
		</prodml:TimeChannel>
		<prodml:TimeSeriesPointRepresentation>point by point</prodml:TimeSeriesPointRepresentation>
		<prodml:Remark>a</prodml:Remark>
		<prodml:PressureChannel>
			<eml:ContentType>a</eml:ContentType>
			<eml:Title>a</eml:Title>
			<eml:Uuid>00000000-0000-0000-0000-000000000000</eml:Uuid>
			<eml:UuidAuthority>a</eml:UuidAuthority>
			<eml:Uri>http://www.altova.com</eml:Uri>
			<eml:ObjectVersion>a</eml:ObjectVersion>
		</prodml:PressureChannel>
		<prodml:PressureDerivativeChannel>
			<eml:ContentType>a</eml:ContentType>
			<eml:Title>a</eml:Title>
			<eml:Uuid>00000000-0000-0000-0000-000000000000</eml:Uuid>
			<eml:UuidAuthority>a</eml:UuidAuthority>
			<eml:Uri>http://www.altova.com</eml:Uri>
			<eml:ObjectVersion>a</eml:ObjectVersion>
		</prodml:PressureDerivativeChannel>
		<prodml:PressureReferenceDepth uom="dm">3.14159265358979E0</prodml:PressureReferenceDepth>
		<prodml:Datum>kelly bushing</prodml:Datum>
		<prodml:Deconvolution>
			<eml:ContentType>a</eml:ContentType>
			<eml:Title>a</eml:Title>
			<eml:Uuid>00000000-0000-0000-0000-000000000000</eml:Uuid>
			<eml:UuidAuthority>a</eml:UuidAuthority>
			<eml:Uri>http://www.altova.com</eml:Uri>
			<eml:ObjectVersion>a</eml:ObjectVersion>
		</prodml:Deconvolution>
	</prodml:PreProcessedData>
	<prodml:Remark>a</prodml:Remark>
	<prodml:FlowTestActivity>
		<eml:ContentType>a</eml:ContentType>
		<eml:Title>a</eml:Title>
		<eml:Uuid>00000000-0000-0000-0000-000000000000</eml:Uuid>
		<eml:UuidAuthority>a</eml:UuidAuthority>
		<eml:Uri>http://www.altova.com</eml:Uri>
		<eml:ObjectVersion>a</eml:ObjectVersion>
	</prodml:FlowTestActivity>
</prodml:PtaDataPreProcess>
