<?xml version="1.0" encoding="UTF-8"?>
<TimeSeriesStatistic xmlns="http://www.energistics.org/energyml/data/prodmlv2" xmlns:eml="http://www.energistics.org/energyml/data/commonv2" xmlns:gco="http://www.isotc211.org/2005/gco" xmlns:gmd="http://www.isotc211.org/2005/gmd" xmlns:gsr="http://www.isotc211.org/2005/gsr" xmlns:gts="http://www.isotc211.org/2005/gts" xmlns:gml="http://www.opengis.net/gml/3.2" xmlns:xlink="http://www.w3.org/1999/xlink" xmlns:xsi="http://www.w3.org/2001/XMLSchema-instance" schemaVersion="1.2.0.0(PRODML)" uuid="00000000-0000-0000-0000-000000000000" xsi:schemaLocation="http://www.energistics.org/energyml/data/prodmlv2 ../xsd_schemas/TimeSeriesStatistic.xsd">
	<eml:Citation>
		<eml:Title>PRODML Flow 1</eml:Title>
		<eml:Originator>energistics</eml:Originator>
		<eml:Creation>2001-12-17T09:30:47Z</eml:Creation>
		<eml:Format>xml</eml:Format>
	</eml:Citation>
	<Key keyword="asset identifier"/>
	<Unit>psi</Unit>
	<MeasureClass>pressure</MeasureClass>
	<Comment>example pressure series</Comment>
	<Minimum uom="ppm">11.2</Minimum>
	<Maximum uom="ppm">19.999</Maximum>
	<Sum uom="ppm">42.499</Sum>
	<Mean uom="ppm">14.166333</Mean>
	<Median uom="ppm">11.3</Median>
	<StandardDeviation uom="ppm">6.1</StandardDeviation>
	<DTimMin endpoint="exclusive"/>
	<TimeAtThreshold>
		<ThresholdMinimum endpoint="inclusive">10</ThresholdMinimum>
		<ThresholdMaximum endpoint="exclusive">20</ThresholdMaximum>
		<Duration uom="s">2</Duration>
	</TimeAtThreshold>
	<DTimMax endpoint="exclusive"/>
</TimeSeriesStatistic>
