<?xml version="1.0" encoding="UTF-8"?>
<TimeSeriesData uuid="00000000-0000-0000-0000-000000000000" schemaVersion="2.0" xmlns="http://www.energistics.org/energyml/data/prodmlv2" xmlns:eml="http://www.energistics.org/energyml/data/commonv2" xmlns:gco="http://www.isotc211.org/2005/gco" xmlns:gmd="http://www.isotc211.org/2005/gmd" xmlns:gsr="http://www.isotc211.org/2005/gsr" xmlns:gts="http://www.isotc211.org/2005/gts" xmlns:gml="http://www.opengis.net/gml/3.2" xmlns:xlink="http://www.w3.org/1999/xlink" xmlns:xsi="http://www.w3.org/2001/XMLSchema-instance" xsi:schemaLocation="http://www.energistics.org/energyml/data/prodmlv2 ../xsd_schemas/TimeSeriesData.xsd">
	<eml:Citation>
		<eml:Title>measured prodml://gary/mine/2736</eml:Title>
		<eml:Originator>energistics</eml:Originator>
		<eml:Creation>2001-12-17T09:30:47Z</eml:Creation>
		<eml:Format>xml</eml:Format>
		
	</eml:Citation>
	<Key keyword="asset identifier">prodml://mysite.mycompany.com/well/22b/wellbore/1/bottomhole/2736</Key>
	<Key keyword="qualifier">measured</Key>
	<Key keyword="subqualifier">maximum</Key>
	<Unit>psi</Unit>
	<MeasureClass>pressure</MeasureClass>
	<Comment>example pressure series</Comment>
	<DataValue xsi:type="DoubleValue">
		<DoubleValue dTim="2008-10-31T12:00:00Z" status="bad calibration">19.999</DoubleValue>
	</DataValue>
	<DataValue xsi:type="DoubleValue">
		<DoubleValue dTim="2008-10-31T12:00:01Z">11.2</DoubleValue>
	</DataValue>
	<DataValue xsi:type="DoubleValue">
		<DoubleValue dTim="2008-10-31T12:00:02Z">11.3</DoubleValue>
	</DataValue>
</TimeSeriesData>
