<?xml version="1.0" encoding="UTF-8"?> 
<ReportingHierarchy objectVersion="2.1" schemaVersion="2.1" uuid="00000000-0000-0000-0000-000000000001" xmlns="http://www.energistics.org/energyml/data/prodmlv2"  xmlns:eml="http://www.energistics.org/energyml/data/commonv2" xmlns:prodml="http://www.energistics.org/energyml/data/prodmlv2" xmlns:xsi="http://www.w3.org/2001/XMLSchema-instance" xsi:schemaLocation="http://www.energistics.org/energyml/data/prodmlv2 ../../../../xsd_schemas/SimpleProductVolume.xsd">
	<eml:Citation>
		<eml:Title>By Company and Reporting Entity</eml:Title>
		<eml:Originator/>
		<eml:Creation>2015-01-01T09:30:47Z</eml:Creation>
		<eml:Format>energistics:xmlspy/xml</eml:Format>
	</eml:Citation>
	<!--- Lease X ChildNode -->
	<ReportingNode id="LeaseX" name="Lease X">
	<ChildNode id="ABC" name ="CompanyABC">
	<ChildNode id="well01" name="well01">
		<ReportingEnitityReference>
			<eml:ContentType/>
			<eml:Title>well01</eml:Title>
			<eml:Uuid>00000000-0000-0000-0000-0000000000D1</eml:Uuid>
		</ReportingEnitityReference>
	</ChildNode>
	<ChildNode id="well02" name="well02">
		<ReportingEnitityReference>
			<eml:ContentType/>
			<eml:Title>well02</eml:Title>
			<eml:Uuid>00000000-0000-0000-0000-0000000000D2</eml:Uuid>
		</ReportingEnitityReference>
	</ChildNode>
	<ChildNode id="well03" name="well03">
	<ReportingEnitityReference>
			<eml:ContentType/>
			<eml:Title>well03</eml:Title>
			<eml:Uuid>00000000-0000-0000-0000-0000000000D3</eml:Uuid>
		</ReportingEnitityReference>
	</ChildNode>
	<ReportingEnitityReference>
			<eml:ContentType/>
			<eml:Title>CompanyABC</eml:Title>
			<eml:Uuid>1A000000-0000-0000-0000-000000000000</eml:Uuid>
		</ReportingEnitityReference>
	</ChildNode>
	<ChildNode id="XYZ" name ="CompanyXYZ">
	<ChildNode id="well03" name="well03">
		<ReportingEnitityReference>
			<eml:ContentType/>
			<eml:Title>well03</eml:Title>
			<eml:Uuid>00000000-0000-0000-0000-0000000000D3</eml:Uuid>
		</ReportingEnitityReference>
	</ChildNode>
	<ChildNode id="well04" name="well04">
		<ReportingEnitityReference>
			<eml:ContentType/>
			<eml:Title>well04</eml:Title>
			<eml:Uuid>00000000-0000-0000-0000-0000000000D4</eml:Uuid>
		</ReportingEnitityReference>
	</ChildNode>
	<ChildNode id="well05" name="well05">
	<ReportingEnitityReference>
			<eml:ContentType/>
			<eml:Title>well05</eml:Title>
			<eml:Uuid>00000000-0000-0000-0000-0000000000D5</eml:Uuid>
		</ReportingEnitityReference>
	</ChildNode>
	<ReportingEnitityReference>
			<eml:ContentType/>
			<eml:Title>CompanyXYZ</eml:Title>
			<eml:Uuid>1B000000-0000-0000-0000-000000000000</eml:Uuid>
		</ReportingEnitityReference>
	</ChildNode>
	<ReportingEnitityReference>
			<eml:ContentType/>
			<eml:Title>LeaseX</eml:Title>
			<eml:Uuid>00000000-0000-0000-0000-0000000001A1</eml:Uuid>
		</ReportingEnitityReference>
</ReportingNode>
</ReportingHierarchy>
