<?xml version="1.0" encoding="UTF-8"?>
<WellProductionParameters objectVersion="2.0" schemaVersion="2.0" uuid="00000000-0000-0000-0005-000000000015" xmlns="http://www.energistics.org/energyml/data/prodmlv2" xmlns:eml="http://www.energistics.org/energyml/data/commonv2" xmlns:prodml="http://www.energistics.org/energyml/data/prodmlv2" xmlns:xsi="http://www.w3.org/2001/XMLSchema-instance" xsi:schemaLocation="http://www.energistics.org/energyml/data/prodmlv2 ../../../xsd_schemas/SimpleProductVolume.xsd">
	<eml:Aliases authority="energistics">
		<eml:Identifier>sample-6-23-2015</eml:Identifier>
		<eml:Description>Energistics</eml:Description>
	</eml:Aliases>
	<eml:Citation>
		<eml:Title>NAPR SAMPLE DATA 2015</eml:Title>
		<eml:Originator>Energistics</eml:Originator>
		<eml:Creation>2015-01-01T09:30:47Z</eml:Creation>
		<eml:Format>energistics:xmlspy/xml</eml:Format>
		<eml:Editor>Mark Mao</eml:Editor>
		<eml:LastUpdate>2015-06-23T09:30:47Z</eml:LastUpdate>
		<eml:VersionString>2.0</eml:VersionString>
		<eml:Description>NAPR SAMPLE DATA</eml:Description>
		<eml:DescriptiveKeywords>NAPR SAMPLE DATA</eml:DescriptiveKeywords>
	</eml:Citation>
	<StandardConditions xsi:type="eml:TemperaturePressure">
		<eml:Temperature uom="degF">60</eml:Temperature>
		<eml:Pressure uom="psi">14.7</eml:Pressure>
	</StandardConditions>
	<ApprovalDate>2015-01-01</ApprovalDate>
	<StartDate>2015-01-01</StartDate>
	<EndDate>2015-01-30</EndDate>
	<NominalPeriod>day</NominalPeriod>
	<ProductionPeriod>
		<StartTime>2015-01-03T09:30:47Z</StartTime>
		<Duration uom="d">30</Duration>
		<WellStatus>active</WellStatus>
		<WellFlowingCondition>
			<ChokeOrificeSize uom="1/64 in">26</ChokeOrificeSize>
			<BottomHoleFlowingTemperature uom="degF">200</BottomHoleFlowingTemperature>
			<BottomHoleShutInPressure uom="psi">2000</BottomHoleShutInPressure>
			<CasingHeadPressure xsi:type="eml:AbsolutePressure">
				<eml:AbsolutePressure uom="psi">2000</eml:AbsolutePressure>
			</CasingHeadPressure>
			<TubingHeadFlowingPressure xsi:type="eml:AbsolutePressure">
				<eml:AbsolutePressure uom="psi">2000</eml:AbsolutePressure>
			</TubingHeadFlowingPressure>
		</WellFlowingCondition>
		<ProductRate uid="pr1">
			<ProductFluidReference>r1</ProductFluidReference>
			<VolumeFlowRate uom="bbl/d">414</VolumeFlowRate>
			<ProductFluidKind>oil - gross</ProductFluidKind>
		</ProductRate>
		<ProductRate uid="pr1">
			<ProductFluidReference>r2</ProductFluidReference>
			<VolumeFlowRate uom="1000 bbl/d">179.31</VolumeFlowRate>
			<ProductFluidKind>gas - dry</ProductFluidKind>
		</ProductRate>
		<ProductRate uid="pr1">
			<ProductFluidReference>r3</ProductFluidReference>
			<VolumeFlowRate uom="bbl/d">7</VolumeFlowRate>
			<ProductFluidKind>water - processed</ProductFluidKind>
		</ProductRate>
	</ProductionPeriod>
	<ReportingEntityReference>
		<eml:ContentType/>
		<eml:Title>well05</eml:Title>
		<eml:Uuid>00000000-0000-0000-0000-0000000000D5</eml:Uuid>
	</ReportingEntityReference>
</WellProductionParameters>
