<?xml version="1.0" encoding="UTF-8" standalone="yes" ?>
<eml:EpcExternalPartReference xmlns:eml="http://www.energistics.org/energyml/data/commonv2" xmlns:xsi="http://www.w3.org/2001/XMLSchema-instance" schemaVersion="2.0" uuid="80a1024d-7547-4f75-8927-a2785022c587" xsi:schemaLocation="http://www.energistics.org/energyml/data/commonv2 ../../../../../../common/v2.1/xsd_schemas/EmlAllObjects.xsd" xsi:type="eml:EpcExternalPartReference">
  <eml:Citation xsi:type="eml:Citation">
    <eml:Title xsi:type="eml:String2000">Hdf Proxy</eml:Title>
    <eml:Originator xmlns:xsd="http://www.w3.org/2001/XMLSchema" xsi:type="eml:String64">Originator</eml:Originator>
    <eml:Creation xsi:type="xs:dateTime" xmlns:xs="http://www.w3.org/2001/XMLSchema">2016-04-27T13:33:11Z</eml:Creation>
    <eml:Format xsi:type="eml:String2000">Energistics:epcgenV1.0/epc</eml:Format>
  </eml:Citation>
  <eml:Filename></eml:Filename>
  <eml:MimeType xmlns:xsd="http://www.w3.org/2001/XMLSchema">application/x-prodml+xml;version=2.0;type=EpcExternalPartReference</eml:MimeType>
</eml:EpcExternalPartReference>
