<?xml version="1.0" encoding="UTF-8"?>
<!--Path to WITSML Schema File to be inserted for schema instance -->
<Well schemaVersion="2.0" xmlns:xsi="http://www.w3.org/2001/XMLSchema-instance" xmlns:eml="http://www.energistics.org/energyml/data/commonv2" xmlns="http://www.energistics.org/energyml/data/witsmlv2" uuid="A1000000-0000-0000-0000-000000000001" >
	<eml:Citation>
		<eml:Title>well01</eml:Title>
		<eml:Originator>Energistics</eml:Originator>
		<eml:Creation>2015-01-01T00:00:00Z</eml:Creation>
		<eml:Format>energistics:xmlspy/xml</eml:Format>
		<eml:LastUpdate>2016-06-23T15:37:00Z</eml:LastUpdate>
	</eml:Citation>
	<NameLegal>well01</NameLegal>
	<NumGovt>17705435710001</NumGovt>
	<DTimLicense>2015-01-01T00:00:00Z</DTimLicense>
	<Field>Amenam-Kpono</Field>
	<Country>Nigeria</Country>
	<Region>West Africa</Region>
	<Block>OML 99</Block>
	<TimeZone>+01:00</TimeZone>
	<Operator>Big Oil Development Company of Nigeria Ltd.</Operator>
	<StatusWell>active -- producing</StatusWell>
	<PurposeWell>development -- producer</PurposeWell>
	<DirectionWell>producer</DirectionWell>
	<DTimSpud>2001-12-17T09:30:47Z</DTimSpud>
	<GeographicLocationWGS84 uid="01">
		<Latitude>3.1415926</Latitude>
		<Longitude>3.1415926</Longitude>
		<Crs xsi:type="eml:GeodeticUnknownCrs ">
			<eml:Unknown></eml:Unknown>
		</Crs>
	</GeographicLocationWGS84>
</Well>
