<?xml version="1.0" encoding="UTF-8"?>
<prodml:FluidSample schemaVersion="0.29" uuid="00000000-0000-0000-0003-000000003955" xmlns:eml="http://www.energistics.org/energyml/data/commonv2" xmlns:prodml="http://www.energistics.org/energyml/data/prodmlv2" xmlns:xsi="http://www.w3.org/2001/XMLSchema-instance" xsi:schemaLocation="http://www.energistics.org/energyml/data/prodmlv2 ../../../../xsd_schemas/FluidSample.xsd">
	<eml:Aliases authority="XOM.EMSDB.DEVSDB1.EG.FLUID_SAMPLE">
		<eml:Identifier>46C65DC88B7988F7E04400144F1E6737</eml:Identifier>
		<eml:Description>GO4_W1</eml:Description>
	</eml:Aliases>
	<eml:Citation>
		<eml:Title>GO4 Aqueous Contaminant 1</eml:Title>
		<eml:Originator>Laman Reseflana</eml:Originator>
		<eml:Creation>1994-01-01T12:08:22-06:00</eml:Creation>
		<eml:Format>FluidSample</eml:Format>
		<eml:LastUpdate>2001-12-17T09:30:47Z</eml:LastUpdate>
		<eml:Description>Aqueous Contaminant Sample from Good Oil 4</eml:Description>
		<eml:DescriptiveKeywords>Aqueous, Contaminant, Fluid Sample, Good Oil 4</eml:DescriptiveKeywords>
	</eml:Citation>
	<eml:CustomData/>
	<prodml:SampleKind>downhole open</prodml:SampleKind>
	<prodml:RockFluidUnitFeature>
		<eml:ContentType>RockFluidUnitFeature</eml:ContentType>
		<eml:Title>Productive Cretaceous Reservoir</eml:Title>
		<eml:Uuid>00000006-0004-0220-0000-000000000000</eml:Uuid>
	</prodml:RockFluidUnitFeature>
	<prodml:Remark>15 mL of aqueous contaminant extracted from sample GO4_S2</prodml:Remark>
	<prodml:FluidSystem>
		<eml:ContentType>FluidSystem</eml:ContentType>
		<eml:Title>Productive Cretaceous</eml:Title>
		<eml:Uuid>00000001-0000-0000-0000-000000000000</eml:Uuid>
	</prodml:FluidSystem>
	<!--
	<prodml:OriginalVolume uom="mL">15</prodml:OriginalVolume>
	<prodml:OriginalPressure uom="psi">3954</prodml:OriginalPressure>

	<prodml:OriginalTemperature uom="degF">217</prodml:OriginalTemperature>-->
</prodml:FluidSample>
