<?xml version="1.0" encoding="UTF-8"?>
<FluidSampleContainer xmlns="http://www.energistics.org/energyml/data/prodmlv2" schemaVersion="0.29" uuid="00000000-0000-0003-0000-000000003954" xmlns:xsi="http://www.w3.org/2001/XMLSchema-instance" xmlns:eml="http://www.energistics.org/energyml/data/commonv2" xmlns:prodml="http://www.energistics.org/energyml/data/prodmlv2" xsi:schemaLocation="http://www.energistics.org/energyml/data/prodmlv2 ../../../../xsd_schemas/FluidSampleContainer.xsd">
		<eml:Citation>
		<eml:Title>GO4 No 3</eml:Title>
		<eml:Originator>Laman Reseflana</eml:Originator>
		<eml:Creation>2015-03-17T09:30:47Z</eml:Creation>
		<eml:Format>application/xml</eml:Format>
		<eml:LastUpdate>2001-12-17T09:30:47Z</eml:LastUpdate>
	</eml:Citation>
	<Capacity uom="mL">20</Capacity>
	<Remark>container for the sample of water contaminant</Remark>
</FluidSampleContainer>
