<?xml version="1.0" encoding="UTF-8"?>
<witsml:WellboreCompletion objectVersion="x" schemaVersion="x" uuid="00000000-0000-0000-0000-00000000A200"   xmlns:eml="http://www.energistics.org/energyml/data/commonv2" xmlns:witsml="http://www.energistics.org/energyml/data/witsmlv2" xmlns:xsi="http://www.w3.org/2001/XMLSchema-instance" >
	<eml:Citation>
		<eml:Title>wellborecompletion2A</eml:Title>
		<eml:Originator>x</eml:Originator>
		<eml:Creation>2001-12-17T09:30:47Z</eml:Creation>
		<eml:Format>energistics:xmlspy/xml</eml:Format>
		<eml:Editor>xmlspy</eml:Editor>
		<eml:LastUpdate>2001-12-17T09:30:47Z</eml:LastUpdate>
		<eml:VersionString>2.1</eml:VersionString>
	</eml:Citation>
	<witsml:NameWellCompletion>wellborecompletion2A</witsml:NameWellCompletion>
	<witsml:WellboreCompletionNo>2A</witsml:WellboreCompletionNo>
	<witsml:WellboreCompletionDate>2001-12-17T09:30:47Z</witsml:WellboreCompletionDate>
	<witsml:SuffixAPI>x</witsml:SuffixAPI> 
	<witsml:CurrentStatus>String</witsml:CurrentStatus>
	<witsml:StatusDate>2001-12-17T09:30:47Z</witsml:StatusDate>
	<witsml:ContactIntervalSet>
		<witsml:OpenHoleInterval uid="contactInterval2A">
		<witsml:OpenHoleMdInterval>
			<eml:MdTop uom="ft">1950</eml:MdTop>
			<eml:MdBase uom="ft">2000</eml:MdBase>
			</witsml:OpenHoleMdInterval>
			<witsml:GeologyFeatureRefID>ReserviorA</witsml:GeologyFeatureRefID>
		</witsml:OpenHoleInterval>
	</witsml:ContactIntervalSet>
	<witsml:ReferenceWellbore>
		<eml:ContentType>xxxxx</eml:ContentType>
		<eml:Title>welllbore2-A</eml:Title>
		<eml:Uuid>00000000-0000-0000-0000-000000020000</eml:Uuid>
		<eml:UuidAuthority>energistics</eml:UuidAuthority>
		<eml:VersionString>2.1</eml:VersionString>
	</witsml:ReferenceWellbore>
	<witsml:WellCompletion>
		<eml:ContentType>wellcompletion</eml:ContentType>
		<eml:Title>wellcompletion</eml:Title>
		<eml:Uuid>00000000-0000-0000-0000-000000000000</eml:Uuid>
	</witsml:WellCompletion>
</witsml:WellboreCompletion>
