<?xml version="1.0"?>

<!--
This file is distributed under the POSC License Agreement at
http://www.posc.org/about/license.shtml.
Use of this file constitutes agreement with the POSC License Agreement.
-->

<enumListSet 
	xmlns="http://www.energistics.org/energyml/data/resqmlv2" 
	xmlns:xsi="http://www.w3.org/2001/XMLSchema-instance" 
	xsi:schemaLocation="http://www.energistics.org/energyml/data/resqmlv2
			   enumValuesResqml.xsd" 
	version="2.0.1">
	<enumList>
		<name>ResqmlPropertyKind</name>
		<description>Defines classes of properties. A property inherents the underlying characteristis of its parent but specializes its meaning.</description>
		<namingSystem>Energistics</namingSystem>
		<value>
			<name>absorbed dose</name>
			<description>The amount of energy absorbed per mass.</description>
			<isAbstract>false</isAbstract>
			<parentKind>quantity</parentKind>
		</value>
		<value>
			<name>acceleration linear</name>
			<isAbstract>false</isAbstract>
			<parentKind>quantity</parentKind>
		</value>
		<value>
			<name>activity (of radioactivity)</name>
			<description>A measure of the radiation being emitted.</description>
			<isAbstract>false</isAbstract>
			<parentKind>quantity</parentKind>
		</value>
		<value>
			<name>amount of substance</name>
			<description>Molar amount of a substance.</description>
			<isAbstract>false</isAbstract>
			<parentKind>quantity</parentKind>
		</value>
		<value>
			<name>amplitude</name>
			<description>Amplitude of the acoustic signal recorded. It is not a physical property, only a value.</description>
			<isAbstract>false</isAbstract>
			<parentKind>unitless</parentKind>
		</value>
		<value>
			<name>angle per length</name>
			<isAbstract>true</isAbstract>
			<parentKind>quantity</parentKind>
		</value>
		<value>
			<name>angle per time</name>
			<description>The angular velocity. The rate of change of an angle.</description>
			<isAbstract>true</isAbstract>
			<parentKind>quantity</parentKind>
		</value>
		<value>
			<name>angle per volume</name>
			<isAbstract>true</isAbstract>
			<parentKind>quantity</parentKind>
		</value>
		<value>
			<name>angular acceleration</name>
			<isAbstract>false</isAbstract>
			<parentKind>quantity</parentKind>
		</value>
		<value>
			<name>area</name>
			<isAbstract>false</isAbstract>
			<parentKind>quantity</parentKind>
		</value>
		<value>
			<name>area per area</name>
			<description>A dimensionless quantity where the basis of the ratio is area.</description>
			<isAbstract>true</isAbstract>
			<parentKind>dimensionless</parentKind>
		</value>
		<value>
			<name>area per volume</name>
			<isAbstract>true</isAbstract>
			<parentKind>quantity</parentKind>
		</value>
		<value>
			<name>attenuation</name>
			<description>A logarithmic, fractional change of some measure, generally power or amplitude, over a standard range. This is generally used for frequency attenuation over an octave.</description>
			<isAbstract>false</isAbstract>
			<parentKind>quantity</parentKind>
		</value>
		<value>
			<name>attenuation per length</name>
			<isAbstract>false</isAbstract>
			<parentKind>quantity</parentKind>
		</value>
		<value>
			<name>azimuth</name>
			<description>Angle between the North and the projection of the normal to the horizon surface estimated on a local area of the interface.</description>
			<isAbstract>false</isAbstract>
			<parentKind>plane angle</parentKind>
		</value>
		<value>
			<name>bubble point pressure</name>
			<description>The pressure at which the first gas bubble appears while decreasing pressure on a fluid sample.</description>
			<isAbstract>false</isAbstract>
			<parentKind>pressure</parentKind>
		</value>
		<value>
			<name>bulk modulus</name>
			<description>Bulk modulus, K</description>
			<isAbstract>false</isAbstract>
			<parentKind>pressure</parentKind>
		</value>
		<value>
			<name>capacitance</name>
			<isAbstract>false</isAbstract>
			<parentKind>quantity</parentKind>
		</value>
		<value>
			<name>categorical</name>
			<description>The abstract supertype of all enumerated string properties.</description>
			<isAbstract>true</isAbstract>
			<parentKind>RESQML root property</parentKind>
		</value>
		<value>
			<name>cell length</name>
			<description>distance from cell face center to cell face center in the specified direction, DI, DJ, DK</description>
			<isAbstract>false</isAbstract>
			<parentKind>length</parentKind>
		</value>
		<value>
			<name>charge density</name>
			<isAbstract>false</isAbstract>
			<parentKind>quantity</parentKind>
		</value>
		<value>
			<name>chemical potential</name>
			<isAbstract>false</isAbstract>
			<parentKind>quantity</parentKind>
		</value>
		<value>
			<name>code</name>
			<description>A discrete code.</description>
			<isAbstract>false</isAbstract>
			<parentKind>categorical</parentKind>
		</value>
		<value>
			<name>compressibility</name>
			<isAbstract>false</isAbstract>
			<parentKind>quantity</parentKind>
		</value>
		<value>
			<name>concentration of B</name>
			<description>molar concentration of a substance.</description>
			<isAbstract>false</isAbstract>
			<parentKind>quantity</parentKind>
		</value>
		<value>
			<name>conductivity</name>
			<isAbstract>false</isAbstract>
			<parentKind>quantity</parentKind>
		</value>
		<value>
			<name>continuous</name>
			<description>The abstract supertype of all floating point properties.</description>
			<isAbstract>true</isAbstract>
			<parentKind>RESQML root property</parentKind>
		</value>
		<value>
			<name>cross section absorption</name>
			<isAbstract>false</isAbstract>
			<parentKind>quantity</parentKind>
		</value>
		<value>
			<name>current density</name>
			<isAbstract>false</isAbstract>
			<parentKind>quantity</parentKind>
		</value>
		<value>
			<name>Darcy flow coefficient</name>
			<isAbstract>false</isAbstract>
			<parentKind>quantity</parentKind>
		</value>
		<value>
			<name>data transmission speed</name>
			<description>used primarily for computer transmission rates.</description>
			<isAbstract>false</isAbstract>
			<parentKind>quantity</parentKind>
		</value>
		<value>
			<name>delta temperature</name>
			<description>Delta temperature refers to temperature differences. For non-zero offset temperature scales, Fahrenheit and Celsius, the conversion formulas are different than for absolute temperatures.</description>
			<isAbstract>false</isAbstract>
			<parentKind>quantity</parentKind>
		</value>
		<value>
			<name>density</name>
			<isAbstract>false</isAbstract>
			<parentKind>quantity</parentKind>
		</value>
		<value>
			<name>depth</name>
			<description>The perpendicular measurement downward from a surface. Also, the direct linear measurement from the point of viewing usually from front to back.</description>
			<isAbstract>false</isAbstract>
			<parentKind>length</parentKind>
		</value>
		<value>
			<name>diffusion coefficient</name>
			<isAbstract>false</isAbstract>
			<parentKind>quantity</parentKind>
		</value>
		<value>
			<name>digital storage</name>
			<isAbstract>false</isAbstract>
			<parentKind>quantity</parentKind>
		</value>
		<value>
			<name>dimensionless</name>
			<description>A dimensionless quantity is the ratio of two dimensional quantities. The quantity types are not apparent from the basic dimensionless class, but may be apparent in variations - such as area per area, volume per volume, or mass per mass.</description>
			<isAbstract>true</isAbstract>
			<parentKind>quantity</parentKind>
		</value>
		<value>
			<name>dip</name>
			<description>In the azimuth direction, Angle between an horizon plane and an estimated plane on a local area of the interface.</description>
			<isAbstract>false</isAbstract>
			<parentKind>plane angle</parentKind>
		</value>
		<value>
			<name>discrete</name>
			<description>The abstract supertype of all integer properties.</description>
			<isAbstract>true</isAbstract>
			<parentKind>RESQML root property</parentKind>
		</value>
		<value>
			<name>dose equivalent</name>
			<isAbstract>false</isAbstract>
			<parentKind>quantity</parentKind>
		</value>
		<value>
			<name>dose equivalent rate</name>
			<isAbstract>false</isAbstract>
			<parentKind>quantity</parentKind>
		</value>
		<value>
			<name>dynamic viscosity</name>
			<isAbstract>false</isAbstract>
			<parentKind>quantity</parentKind>
		</value>
		<value>
			<name>electric charge</name>
			<isAbstract>false</isAbstract>
			<parentKind>quantity</parentKind>
		</value>
		<value>
			<name>electric conductance</name>
			<isAbstract>false</isAbstract>
			<parentKind>quantity</parentKind>
		</value>
		<value>
			<name>electric current</name>
			<isAbstract>false</isAbstract>
			<parentKind>quantity</parentKind>
		</value>
		<value>
			<name>electric dipole moment</name>
			<isAbstract>false</isAbstract>
			<parentKind>quantity</parentKind>
		</value>
		<value>
			<name>electric field strength</name>
			<isAbstract>false</isAbstract>
			<parentKind>quantity</parentKind>
		</value>
		<value>
			<name>electric polarization</name>
			<isAbstract>false</isAbstract>
			<parentKind>quantity</parentKind>
		</value>
		<value>
			<name>electric potential</name>
			<isAbstract>false</isAbstract>
			<parentKind>quantity</parentKind>
		</value>
		<value>
			<name>electrical resistivity</name>
			<isAbstract>false</isAbstract>
			<parentKind>quantity</parentKind>
		</value>
		<value>
			<name>electrochemical equivalent</name>
			<description>An electrochemical equivalent differs from molarity in that the valence (oxidation reduction potential) of the element is also considered.</description>
			<isAbstract>false</isAbstract>
			<parentKind>quantity</parentKind>
		</value>
		<value>
			<name>electromagnetic moment</name>
			<isAbstract>false</isAbstract>
			<parentKind>quantity</parentKind>
		</value>
		<value>
			<name>energy length per area</name>
			<isAbstract>true</isAbstract>
			<parentKind>quantity</parentKind>
		</value>
		<value>
			<name>energy length per time area temperature</name>
			<isAbstract>true</isAbstract>
			<parentKind>quantity</parentKind>
		</value>
		<value>
			<name>energy per area</name>
			<isAbstract>false</isAbstract>
			<parentKind>quantity</parentKind>
		</value>
		<value>
			<name>energy per length</name>
			<isAbstract>true</isAbstract>
			<parentKind>quantity</parentKind>
		</value>
		<value>
			<name>equivalent per mass</name>
			<isAbstract>false</isAbstract>
			<parentKind>quantity</parentKind>
		</value>
		<value>
			<name>equivalent per volume</name>
			<isAbstract>false</isAbstract>
			<parentKind>quantity</parentKind>
		</value>
		<value>
			<name>exposure (radioactivity)</name>
			<isAbstract>false</isAbstract>
			<parentKind>quantity</parentKind>
		</value>
		<value>
			<name>fluid volume</name>
			<description>Volume of fluid</description>
			<isAbstract>false</isAbstract>
			<parentKind>volume</parentKind>
		</value>
		<value>
			<name>force</name>
			<isAbstract>false</isAbstract>
			<parentKind>quantity</parentKind>
		</value>
		<value>
			<name>force area</name>
			<isAbstract>true</isAbstract>
			<parentKind>quantity</parentKind>
		</value>
		<value>
			<name>force length per length</name>
			<isAbstract>true</isAbstract>
			<parentKind>quantity</parentKind>
		</value>
		<value>
			<name>force per force</name>
			<description>A dimensionless quantity where the basis of the ratio is force.</description>
			<isAbstract>true</isAbstract>
			<parentKind>dimensionless</parentKind>
		</value>
		<value>
			<name>force per length</name>
			<isAbstract>false</isAbstract>
			<parentKind>quantity</parentKind>
		</value>
		<value>
			<name>force per volume</name>
			<isAbstract>true</isAbstract>
			<parentKind>quantity</parentKind>
		</value>
		<value>
			<name>formation volume factor</name>
			<description>Ratio of volumes at subsurface and surface conditions</description>
			<isAbstract>false</isAbstract>
			<parentKind>volume per volume</parentKind>
		</value>
		<value>
			<name>frequency</name>
			<isAbstract>false</isAbstract>
			<parentKind>quantity</parentKind>
		</value>
		<value>
			<name>frequency interval</name>
			<description>An octave is a doubling of a frquency.</description>
			<isAbstract>false</isAbstract>
			<parentKind>quantity</parentKind>
		</value>
		<value>
			<name>gamma ray API unit</name>
			<description>This class is defined by the API, and is used for units of gamma ray log response.</description>
			<isAbstract>false</isAbstract>
			<parentKind>quantity</parentKind>
		</value>
		<value>
			<name>heat capacity</name>
			<isAbstract>false</isAbstract>
			<parentKind>quantity</parentKind>
		</value>
		<value>
			<name>heat flow rate</name>
			<isAbstract>false</isAbstract>
			<parentKind>quantity</parentKind>
		</value>
		<value>
			<name>heat transfer coefficient</name>
			<description>PRESSURE PER VELOCITY PER AREA</description>
			<isAbstract>false</isAbstract>
			<parentKind>quantity</parentKind>
		</value>
		<value>
			<name>illuminance</name>
			<isAbstract>false</isAbstract>
			<parentKind>quantity</parentKind>
		</value>
		<value>
			<name>index</name>
			<description>Serial ordering</description>
			<isAbstract>false</isAbstract>
			<parentKind>discrete</parentKind>
		</value>
		<value>
			<name>irradiance</name>
			<isAbstract>false</isAbstract>
			<parentKind>quantity</parentKind>
		</value>
		<value>
			<name>isothermal compressibility</name>
			<isAbstract>false</isAbstract>
			<parentKind>quantity</parentKind>
		</value>
		<value>
			<name>kinematic viscosity</name>
			<isAbstract>false</isAbstract>
			<parentKind>quantity</parentKind>
		</value>
		<value>
			<name>Lambda Rho</name>
			<description>Product of Lame constant and density, LR</description>
			<isAbstract>false</isAbstract>
			<parentKind>quantity</parentKind>
		</value>
		<value>
			<name>Lame constant</name>
			<description>Lame constant, Lambda</description>
			<isAbstract>false</isAbstract>
			<parentKind>pressure</parentKind>
		</value>
		<value>
			<name>length</name>
			<isAbstract>false</isAbstract>
			<parentKind>quantity</parentKind>
		</value>
		<value>
			<name>length per length</name>
			<description>A dimensionless quantity where the basis of the ratio is length.</description>
			<isAbstract>true</isAbstract>
			<parentKind>dimensionless</parentKind>
		</value>
		<value>
			<name>length per temperature</name>
			<isAbstract>true</isAbstract>
			<parentKind>quantity</parentKind>
		</value>
		<value>
			<name>length per volume</name>
			<isAbstract>true</isAbstract>
			<parentKind>quantity</parentKind>
		</value>
		<value>
			<name>level of power intensity</name>
			<isAbstract>false</isAbstract>
			<parentKind>quantity</parentKind>
		</value>
		<value>
			<name>light exposure</name>
			<isAbstract>false</isAbstract>
			<parentKind>quantity</parentKind>
		</value>
		<value>
			<name>linear thermal expansion</name>
			<isAbstract>false</isAbstract>
			<parentKind>quantity</parentKind>
		</value>
		<value>
			<name>luminance</name>
			<isAbstract>false</isAbstract>
			<parentKind>quantity</parentKind>
		</value>
		<value>
			<name>luminous efficacy</name>
			<isAbstract>false</isAbstract>
			<parentKind>quantity</parentKind>
		</value>
		<value>
			<name>luminous flux</name>
			<isAbstract>false</isAbstract>
			<parentKind>quantity</parentKind>
		</value>
		<value>
			<name>luminous intensity</name>
			<isAbstract>false</isAbstract>
			<parentKind>quantity</parentKind>
		</value>
		<value>
			<name>magnetic dipole moment</name>
			<isAbstract>false</isAbstract>
			<parentKind>quantity</parentKind>
		</value>
		<value>
			<name>magnetic field strength</name>
			<isAbstract>false</isAbstract>
			<parentKind>quantity</parentKind>
		</value>
		<value>
			<name>magnetic flux</name>
			<isAbstract>false</isAbstract>
			<parentKind>quantity</parentKind>
		</value>
		<value>
			<name>magnetic induction</name>
			<isAbstract>false</isAbstract>
			<parentKind>quantity</parentKind>
		</value>
		<value>
			<name>magnetic permeability</name>
			<isAbstract>false</isAbstract>
			<parentKind>quantity</parentKind>
		</value>
		<value>
			<name>magnetic vector potential</name>
			<isAbstract>false</isAbstract>
			<parentKind>quantity</parentKind>
		</value>
		<value>
			<name>mass</name>
			<description>M/L2T</description>
			<isAbstract>false</isAbstract>
			<parentKind>quantity</parentKind>
		</value>
		<value>
			<name>mass attenuation coefficient</name>
			<isAbstract>false</isAbstract>
			<parentKind>quantity</parentKind>
		</value>
		<value>
			<name>mass concentration</name>
			<description>A dimensionless quantity where the basis of the ratio is mass.</description>
			<isAbstract>false</isAbstract>
			<parentKind>dimensionless</parentKind>
		</value>
		<value>
			<name>mass flow rate</name>
			<isAbstract>false</isAbstract>
			<parentKind>quantity</parentKind>
		</value>
		<value>
			<name>mass length</name>
			<isAbstract>true</isAbstract>
			<parentKind>quantity</parentKind>
		</value>
		<value>
			<name>mass per energy</name>
			<isAbstract>false</isAbstract>
			<parentKind>quantity</parentKind>
		</value>
		<value>
			<name>mass per length</name>
			<description>M  /L4T</description>
			<isAbstract>true</isAbstract>
			<parentKind>quantity</parentKind>
		</value>
		<value>
			<name>mass per time per area</name>
			<isAbstract>true</isAbstract>
			<parentKind>quantity</parentKind>
		</value>
		<value>
			<name>mass per time per length</name>
			<isAbstract>true</isAbstract>
			<parentKind>quantity</parentKind>
		</value>
		<value>
			<name>mass per volume per length</name>
			<isAbstract>true</isAbstract>
			<parentKind>quantity</parentKind>
		</value>
		<value>
			<name>mobility</name>
			<isAbstract>false</isAbstract>
			<parentKind>quantity</parentKind>
		</value>
		<value>
			<name>modulus of compression</name>
			<isAbstract>false</isAbstract>
			<parentKind>quantity</parentKind>
		</value>
		<value>
			<name>molar concentration</name>
			<description>molar concentration of a substance.</description>
			<isAbstract>false</isAbstract>
			<parentKind>concentration of B</parentKind>
		</value>
		<value>
			<name>molar heat capacity</name>
			<isAbstract>false</isAbstract>
			<parentKind>quantity</parentKind>
		</value>
		<value>
			<name>molar volume</name>
			<isAbstract>false</isAbstract>
			<parentKind>quantity</parentKind>
		</value>
		<value>
			<name>mole per area</name>
			<isAbstract>false</isAbstract>
			<parentKind>quantity</parentKind>
		</value>
		<value>
			<name>mole per time</name>
			<isAbstract>false</isAbstract>
			<parentKind>quantity</parentKind>
		</value>
		<value>
			<name>mole per time per area</name>
			<isAbstract>false</isAbstract>
			<parentKind>quantity</parentKind>
		</value>
		<value>
			<name>moment of force</name>
			<isAbstract>false</isAbstract>
			<parentKind>quantity</parentKind>
		</value>
		<value>
			<name>moment of inertia</name>
			<isAbstract>false</isAbstract>
			<parentKind>quantity</parentKind>
		</value>
		<value>
			<name>moment of section</name>
			<isAbstract>false</isAbstract>
			<parentKind>quantity</parentKind>
		</value>
		<value>
			<name>momentum</name>
			<isAbstract>false</isAbstract>
			<parentKind>quantity</parentKind>
		</value>
		<value>
			<name>Mu Rho</name>
			<description>Product of Shear modulus and density, MR</description>
			<isAbstract>false</isAbstract>
			<parentKind>quantity</parentKind>
		</value>
		<value>
			<name>net to gross ratio</name>
			<description>Ratio of net rock volume to gross rock volume, NTG</description>
			<isAbstract>false</isAbstract>
			<parentKind>volume per volume</parentKind>
		</value>
		<value>
			<name>neutron API unit</name>
			<isAbstract>false</isAbstract>
			<parentKind>quantity</parentKind>
		</value>
		<value>
			<name>nonDarcy flow coefficient</name>
			<isAbstract>false</isAbstract>
			<parentKind>quantity</parentKind>
		</value>
		<value>
			<name>operations per time</name>
			<isAbstract>false</isAbstract>
			<parentKind>quantity</parentKind>
		</value>
		<value>
			<name>parachor</name>
			<isAbstract>false</isAbstract>
			<parentKind>quantity</parentKind>
		</value>
		<value>
			<name>per area</name>
			<isAbstract>true</isAbstract>
			<parentKind>quantity</parentKind>
		</value>
		<value>
			<name>per electric potential</name>
			<isAbstract>true</isAbstract>
			<parentKind>quantity</parentKind>
		</value>
		<value>
			<name>per force</name>
			<isAbstract>true</isAbstract>
			<parentKind>quantity</parentKind>
		</value>
		<value>
			<name>per length</name>
			<isAbstract>true</isAbstract>
			<parentKind>quantity</parentKind>
		</value>
		<value>
			<name>per mass</name>
			<isAbstract>true</isAbstract>
			<parentKind>quantity</parentKind>
		</value>
		<value>
			<name>per volume</name>
			<isAbstract>true</isAbstract>
			<parentKind>quantity</parentKind>
		</value>
		<value>
			<name>permeability length</name>
			<isAbstract>false</isAbstract>
			<parentKind>quantity</parentKind>
		</value>
		<value>
			<name>permeability rock</name>
			<isAbstract>true</isAbstract>
			<parentKind>quantity</parentKind>
		</value>
		<value>
			<name>permeability thickness</name>
			<description>Product of permeability and thickness</description>
			<isAbstract>false</isAbstract>
			<parentKind>permeability length</parentKind>
		</value>
		<value>
			<name>permeance</name>
			<isAbstract>false</isAbstract>
			<parentKind>quantity</parentKind>
		</value>
		<value>
			<name>permittivity</name>
			<isAbstract>false</isAbstract>
			<parentKind>quantity</parentKind>
		</value>
		<value>
			<name>pH</name>
			<description>The pH is a class that measures the hydrogen ion concentration (acidity).</description>
			<isAbstract>false</isAbstract>
			<parentKind>quantity</parentKind>
		</value>
		<value>
			<name>plane angle</name>
			<isAbstract>false</isAbstract>
			<parentKind>quantity</parentKind>
		</value>
		<value>
			<name>Poisson ratio</name>
			<description>Poisson's ratio, Sigma</description>
			<isAbstract>false</isAbstract>
			<parentKind>dimensionless</parentKind>
		</value>
		<value>
			<name>pore volume</name>
			<description>Volume of the Pore Space of the Rock</description>
			<isAbstract>false</isAbstract>
			<parentKind>volume</parentKind>
		</value>
		<value>
			<name>porosity</name>
			<description>porosity</description>
			<isAbstract>false</isAbstract>
			<parentKind>volume per volume</parentKind>
		</value>
		<value>
			<name>potential difference per power drop</name>
			<isAbstract>false</isAbstract>
			<parentKind>quantity</parentKind>
		</value>
		<value>
			<name>power</name>
			<isAbstract>false</isAbstract>
			<parentKind>quantity</parentKind>
		</value>
		<value>
			<name>power per volume</name>
			<isAbstract>true</isAbstract>
			<parentKind>quantity</parentKind>
		</value>
		<value>
			<name>pressure</name>
			<isAbstract>false</isAbstract>
			<parentKind>quantity</parentKind>
		</value>
		<value>
			<name>pressure per time</name>
			<isAbstract>true</isAbstract>
			<parentKind>quantity</parentKind>
		</value>
		<value>
			<name>pressure squared</name>
			<isAbstract>true</isAbstract>
			<parentKind>quantity</parentKind>
		</value>
		<value>
			<name>pressure squared per force time per area</name>
			<isAbstract>true</isAbstract>
			<parentKind>quantity</parentKind>
		</value>
		<value>
			<name>pressure time per volume</name>
			<isAbstract>true</isAbstract>
			<parentKind>quantity</parentKind>
		</value>
		<value>
			<name>productivity index</name>
			<isAbstract>false</isAbstract>
			<parentKind>quantity</parentKind>
		</value>
		<value>
			<name>property multiplier</name>
			<description>Unitless multiplier to apply to any property</description>
			<isAbstract>false</isAbstract>
			<parentKind>unitless</parentKind>
		</value>
		<value>
			<name>quantity</name>
			<description>The abstract supertype of all floating point properties with a unit of measure.</description>
			<isAbstract>true</isAbstract>
			<parentKind>continuous</parentKind>
		</value>
		<value>
			<name>quantity of light</name>
			<isAbstract>false</isAbstract>
			<parentKind>quantity</parentKind>
		</value>
		<value>
			<name>radiance</name>
			<isAbstract>false</isAbstract>
			<parentKind>quantity</parentKind>
		</value>
		<value>
			<name>radiant intensity</name>
			<isAbstract>false</isAbstract>
			<parentKind>quantity</parentKind>
		</value>
		<value>
			<name>relative permeability</name>
			<description>Ratio of phase permeability, which is a function of saturation, to the rock permeability</description>
			<isAbstract>false</isAbstract>
			<parentKind>dimensionless</parentKind>
		</value>
		<value>
			<name>relative power</name>
			<description>A dimensionless quantity where the basis of the ratio is power.</description>
			<isAbstract>false</isAbstract>
			<parentKind>dimensionless</parentKind>
		</value>
		<value>
			<name>relative time</name>
			<description>A dimensionless quantity where the basis of the ratio is time.</description>
			<isAbstract>false</isAbstract>
			<parentKind>dimensionless</parentKind>
		</value>
		<value>
			<name>reluctance</name>
			<isAbstract>false</isAbstract>
			<parentKind>quantity</parentKind>
		</value>
		<value>
			<name>resistance</name>
			<isAbstract>false</isAbstract>
			<parentKind>quantity</parentKind>
		</value>
		<value>
			<name>resistivity per length</name>
			<isAbstract>true</isAbstract>
			<parentKind>quantity</parentKind>
		</value>
		<value>
			<name>RESQML root property</name>
			<description>The abstract supertype of all properties. This property does not have a parent.</description>
			<isAbstract>true</isAbstract>
		</value>
		<value>
			<name>Rock Impedance</name>
			<description>Acoustic impedence, Ip, Is</description>
			<isAbstract>false</isAbstract>
			<parentKind>mass per time per area</parentKind>
		</value>
		<value>
			<name>rock permeability</name>
			<description>See "permeability rock"</description>
			<isAbstract>false</isAbstract>
			<parentKind>permeability rock</parentKind>
		</value>
		<value>
			<name>rock volume</name>
			<description>Rock Volume</description>
			<isAbstract>false</isAbstract>
			<parentKind>volume</parentKind>
		</value>
		<value>
			<name>saturation</name>
			<description>Ratio of phase fluid volume to pore volume</description>
			<isAbstract>false</isAbstract>
			<parentKind>volume per volume</parentKind>
		</value>
		<value>
			<name>second moment of area</name>
			<isAbstract>false</isAbstract>
			<parentKind>quantity</parentKind>
		</value>
		<value>
			<name>shear modulus</name>
			<description>Shear modulus, Mu</description>
			<isAbstract>false</isAbstract>
			<parentKind>pressure</parentKind>
		</value>
		<value>
			<name>solid angle</name>
			<isAbstract>false</isAbstract>
			<parentKind>quantity</parentKind>
		</value>
		<value>
			<name>solution gas-oil ratio</name>
			<description>Ratio of solution gas volume to oil volume at reservoir conditions</description>
			<isAbstract>false</isAbstract>
			<parentKind>volume per volume</parentKind>
		</value>
		<value>
			<name>specific activity (of radioactivity)</name>
			<isAbstract>false</isAbstract>
			<parentKind>quantity</parentKind>
		</value>
		<value>
			<name>specific energy</name>
			<isAbstract>false</isAbstract>
			<parentKind>quantity</parentKind>
		</value>
		<value>
			<name>specific heat capacity</name>
			<isAbstract>false</isAbstract>
			<parentKind>quantity</parentKind>
		</value>
		<value>
			<name>specific productivity index</name>
			<isAbstract>false</isAbstract>
			<parentKind>quantity</parentKind>
		</value>
		<value>
			<name>specific volume</name>
			<isAbstract>false</isAbstract>
			<parentKind>quantity</parentKind>
		</value>
		<value>
			<name>surface density</name>
			<isAbstract>false</isAbstract>
			<parentKind>quantity</parentKind>
		</value>
		<value>
			<name>temperature per length</name>
			<isAbstract>false</isAbstract>
			<parentKind>quantity</parentKind>
		</value>
		<value>
			<name>temperature per time</name>
			<isAbstract>false</isAbstract>
			<parentKind>quantity</parentKind>
		</value>
		<value>
			<name>thermal conductance</name>
			<isAbstract>false</isAbstract>
			<parentKind>quantity</parentKind>
		</value>
		<value>
			<name>thermal conductivity</name>
			<isAbstract>false</isAbstract>
			<parentKind>quantity</parentKind>
		</value>
		<value>
			<name>thermal diffusivity</name>
			<isAbstract>false</isAbstract>
			<parentKind>quantity</parentKind>
		</value>
		<value>
			<name>thermal insulance</name>
			<isAbstract>false</isAbstract>
			<parentKind>quantity</parentKind>
		</value>
		<value>
			<name>thermal resistance</name>
			<isAbstract>false</isAbstract>
			<parentKind>quantity</parentKind>
		</value>
		<value>
			<name>thermodynamic temperature</name>
			<isAbstract>false</isAbstract>
			<parentKind>quantity</parentKind>
		</value>
		<value>
			<name>thickness</name>
			<description>Distance measured in a volume between two surfaces ( e.G. Geological Top Boundary and Geological Bottom Boundary of a Geological unit).</description>
			<isAbstract>false</isAbstract>
			<parentKind>length</parentKind>
		</value>
		<value>
			<name>time</name>
			<isAbstract>false</isAbstract>
			<parentKind>quantity</parentKind>
		</value>
		<value>
			<name>time per length</name>
			<isAbstract>true</isAbstract>
			<parentKind>quantity</parentKind>
		</value>
		<value>
			<name>time per volume</name>
			<isAbstract>true</isAbstract>
			<parentKind>quantity</parentKind>
		</value>
		<value>
			<name>transmissibility</name>
			<description>Volumetric flux per unit area per unit pressure drop for unit viscosity fluid</description>
			<isAbstract>false</isAbstract>
			<parentKind>quantity</parentKind>
		</value>
		<value>
			<name>unit productivity index</name>
			<isAbstract>false</isAbstract>
			<parentKind>quantity</parentKind>
		</value>
		<value>
			<name>unitless</name>
			<description>The abstract supertype of all floating point properties with NO unit of measure. In order to allow the unit information to be required for all continuous properties, the special unit of measure of "NONE" has been assigned to all children of this class. In addition, the special dimensional class of "0" has been assigned to all children of this class.</description>
			<isAbstract>true</isAbstract>
			<parentKind>continuous</parentKind>
		</value>
		<value>
			<name>vapor oil-gas ratio</name>
			<description>Ratio of oil vapor volume to gas volume at reservoir conditions</description>
			<isAbstract>false</isAbstract>
			<parentKind>volume per volume</parentKind>
		</value>
		<value>
			<name>velocity</name>
			<isAbstract>false</isAbstract>
			<parentKind>quantity</parentKind>
		</value>
		<value>
			<name>volume</name>
			<isAbstract>false</isAbstract>
			<parentKind>quantity</parentKind>
		</value>
		<value>
			<name>volume flow rate</name>
			<isAbstract>false</isAbstract>
			<parentKind>quantity</parentKind>
		</value>
		<value>
			<name>volume length per time</name>
			<isAbstract>true</isAbstract>
			<parentKind>quantity</parentKind>
		</value>
		<value>
			<name>volume per area</name>
			<isAbstract>true</isAbstract>
			<parentKind>quantity</parentKind>
		</value>
		<value>
			<name>volume per length</name>
			<isAbstract>true</isAbstract>
			<parentKind>quantity</parentKind>
		</value>
		<value>
			<name>volume per time per area</name>
			<isAbstract>true</isAbstract>
			<parentKind>quantity</parentKind>
		</value>
		<value>
			<name>volume per time per length</name>
			<isAbstract>true</isAbstract>
			<parentKind>quantity</parentKind>
		</value>
		<value>
			<name>volume per time per time</name>
			<isAbstract>true</isAbstract>
			<parentKind>quantity</parentKind>
		</value>
		<value>
			<name>volume per time per volume</name>
			<isAbstract>true</isAbstract>
			<parentKind>quantity</parentKind>
		</value>
		<value>
			<name>volume per volume</name>
			<description>A dimensionless quantity where the basis of the ratio is volume.</description>
			<isAbstract>true</isAbstract>
			<parentKind>dimensionless</parentKind>
		</value>
		<value>
			<name>volumetric heat transfer coefficient</name>
			<isAbstract>false</isAbstract>
			<parentKind>quantity</parentKind>
		</value>
		<value>
			<name>volumetric thermal expansion</name>
			<isAbstract>false</isAbstract>
			<parentKind>quantity</parentKind>
		</value>
		<value>
			<name>work</name>
			<isAbstract>false</isAbstract>
			<parentKind>quantity</parentKind>
		</value>
		<value>
			<name>Young modulus</name>
			<description>Young's modulus, E</description>
			<isAbstract>false</isAbstract>
			<parentKind>pressure</parentKind>
		</value>
	</enumList>
</enumListSet>
