<?xml version="1.0" encoding="UTF-8"?>
<Report uuid="00000000-0000-0000-0000-000000000000" schemaVersion="2.0" xmlns="http://www.energistics.org/energyml/data/prodmlv2" xmlns:eml="http://www.energistics.org/energyml/data/commonv2" xmlns:gco="http://www.isotc211.org/2005/gco" xmlns:gmd="http://www.isotc211.org/2005/gmd" xmlns:gsr="http://www.isotc211.org/2005/gsr" xmlns:gts="http://www.isotc211.org/2005/gts" xmlns:gml="http://www.opengis.net/gml/3.2" xmlns:xlink="http://www.w3.org/1999/xlink" xmlns:xsi="http://www.w3.org/2001/XMLSchema-instance" xsi:schemaLocation="http://www.energistics.org/energyml/data/prodmlv2 ../xsd_schemas/Report.xsd">
	<eml:Citation>
		<eml:Title>Rubin Monthly Production for March 2009</eml:Title>
		<eml:Originator>energistics</eml:Originator>
		<eml:Creation>2001-12-17T09:30:47Z</eml:Creation>
		<eml:Format>xml</eml:Format>
		<eml:VersionString>2.0</eml:VersionString>
	</eml:Citation>
	<Kind>monthly production</Kind>
	<Date>2009-03-12</Date>
	<Comment>This is an example of a report context for a monthly production of a field.</Comment>
	<ReportVersion>3-internal</ReportVersion>
	<ReportStatus>final</ReportStatus>
	<ContextFacility kind="field" namingSystem="MyCompany">RUBIN</ContextFacility>
	<IssueDate>2006-04-19</IssueDate>
	<ApprovalDate>2006-04-19</ApprovalDate>
	<Operator>
		<Name>Norsk Olje AS</Name>
	</Operator>
	<IssuedBy>
		<Name>Ole Mann</Name>
		<Role>Driftsleder</Role>
		<Role>Platformsjef</Role>
		<PersonName>
			<First>Ole</First>
			<Last>Mann</Last>
		</PersonName>
	</IssuedBy>
	<Approver>
		<Name>Ole Mann</Name>
		<Role>Operasjonsleder Land</Role>
		<Role>Platformsjef</Role>
		<Role>Driftsleder</Role>
		<Role>Read-only access to pictures</Role>
		<Role>Regular user</Role>
		<PersonName>
			<First>Ole</First>
			<Last>Mann</Last>
		</PersonName>
	</Approver>
	<GeographicContext>
		<Country>Norway</Country>
		<Field>RUBIN</Field>
	</GeographicContext>
</Report>
